CNES;UNIDADE;COD INT PROCEDIMENTO;PROCEDIMENTO;SUB_ITEM_CODIGO;SUB_ITEM_DESCRICAO
7097956;ABRIGO MOACYR ALVES;;;;
;;0701245;CONSULTA EM ORTOPEDIA - PEDIATRIA;;
;;2300104;CONSULTA EM CLINICA MEDICA;;
;;0100009;CONSULTA EM ENFERMAGEM;;
;;0701214;CONSULTA EM FISIATRIA - GERAL;;
;;0701724;CONSULTA EM FISIATRIA - RETORNO;;
;;0701022;CONSULTA EM FISIOTERAPIA;;
;;0701428;CONSULTA EM FISIOTERAPIA - ACIMA DE 60 ANOS;;
;;0710368;CONSULTA EM FISIOTERAPIA - PEDIATRIA;;
;;0702999;CONSULTA EM FONOAUDIOLOGIA;;
;;0701243;CONSULTA EM FONOAUDIOLOGIA - INFANTIL;;
;;0703221;CONSULTA EM NEUROLOGIA - DISTURBIO DO MOVIMENTO;;
;;0703222;CONSULTA EM NEUROLOGIA - DISTURBIO DO MOVIMENTO - RETORNO;;
;;0701224;CONSULTA EM NEUROLOGIA - GERAL;;
;;0701300;CONSULTA EM NEUROLOGIA - PEDIATRIA;;
;;4500085;CONSULTA EM NEUROLOGIA - REABILITACAO;;
;;0701030;CONSULTA EM NEUROLOGIA - RETORNO;;
;;0498050;CONSULTA EM NEUROLOGIA - TOXINA BOTULINICA;;
;;0701029;CONSULTA EM NEUROLOGIA PEDIATRIA - RETORNO;;
;;0701244;CONSULTA EM NUTRICAO;;
;;0701365;CONSULTA EM NUTRICAO - RETORNO;;
;;0701225;CONSULTA EM OFTALMOLOGIA - GERAL;;
;;0703350;CONSULTA EM OFTALMOLOGIA - REABILITACAO;;
;;0701226;CONSULTA EM ORTOPEDIA - GERAL;;
;;9270003;CONSULTA EM ORTOPEDIA - GERAL - RETORNO;;
;;0320164;CONSULTA EM ORTOPEDIA - PEDIATRIA - RETORNO;;
;;0701227;CONSULTA EM OTORRINOLARINGOLOGIA - GERAL;;
;;0709001;CONSULTA EM OTORRINOLARINGOLOGIA - PEDIATRICA;;
;;0709015;CONSULTA EM OTORRINOLARINGOLOGIA - PEDIATRICA - RETORNO;;
;;0320173;CONSULTA EM OTORRINOLARINGOLOGIA - RETORNO;;
;;0701699;CONSULTA EM PEDIATRIA - OFTALMOLOGIA - ESTRABISMO;;
;;0710001;CONSULTA EM PSICOLOGIA;;
;;0710402;CONSULTA EM PSICOLOGIA - PEDIATRICA;;
;;0701260;CONSULTA EM PSIQUIATRIA - GERAL;;
;;0141002;CONSULTA EM PSIQUIATRIA - PEDIATRICA;;
;;0141004;CONSULTA EM PSIQUIATRIA - PEDIATRICA - RETORNO;;
;;0701064;CONSULTA EM PSIQUIATRIA - RETORNO;;
;;0701903;CONSULTA EM SERVICO SOCIAL;;
;;0701652;CONSULTA EM TERAPIA OCUPACIONAL;;
;;0210000;GRUPO - CONSULTA/ ATENDIMENTO/ ACOMPANHAMENTO (PSICOLOGIA);;
;;;;0210063;ACOMPANHAMENTO NEUROPSICOLOGICO DE PACIENTE EM REABILITACAO
;;;;0210067;ACOMPANHAMENTO PSICOPEDAGOGICO DE PACIENTE EM REABILITACAO
;;;;0210003;APLICACAO DE TESTE P/ PSICODIAGNOSTICO
;;;;0210066;ATENDIMENTO / ACOMPANHAMENTO DE PACIENTE EM REABILITACAO DO DESENVOLVIMENTO NEUROPSICOMOTOR
;;;;0210061;ATENDIMENTO / ACOMPANHAMENTO EM REABILITAÇÃO NAS MULTIPLAS DEFICIÊNCIAS
;;;;0210073;ATENDIMENTO EM OFICINA TERAPÊUTICA II PARA PORTADOR DE NECESSIDADES ESPECIAIS (POR OFICINA)
;;;;0210075;ATENDIMENTO EM PSICOTERAPIA DE GRUPO
;;;;0210059;ATIVIDADE EDUCATIVA / ORIENTAÇÃO EM GRUPO NA ATENÇÃO ESPECIALIZADA
;;;;0210072;ESCUTA INICIAL / ORIENTAÇÃO (ACOLHIMENTO A DEMANDA ESPONT NEA)
;;;;0210074;ESTIMULAÇÃO PRECOCE PARA DESENVOLVIMENTO NEUROPSICOMOTOR
;;;;0210058;TERAPIA EM GRUPO
;;;;0210057;TERAPIA INDIVIDUAL
;;1708000;GRUPO - DIAGNOSE EM OTORRINOLARINGOLOGIA;;
;;;;1708223;AUDIOMETRIA DE REFORCO VISUAL - VRA (VIA AEREA/OSSEA)
;;;;1708224;AUDIOMETRIA EM CAMPO LIVRE C/PESQ.DO GANHO FUNCIONAL
;;;;1708222;AUDIOMETRIA TONAL LIMIAR (VIA AREA/OSSEA)
;;;;1708020;AVALIACAO AUDITIVA COMPORTAMENTAL
;;;;1708021;AVALIACAO DE LINGUAGEM ESCRITA / LEITURA
;;;;1708022;AVALIACAO DE LINGUAGEM ORAL
;;;;1708236;EMISSOES OTOACUSTICA EVOCADAS TRANS.E PROD.DISTORC. EOA
;;;;1708208;EXAME DE OTOEMISSOES ACUSTICAS EVOCADAS TRANSIENTES
;;;;1708221;IMITANCIOMETRIA (TIMPANOMETRIA, COMPLAC.ESTAT.E REFL.ESTAPED
;;;;1708220;LOGOAUDIOMETRIA (LDV,IRF,LRF)
;;;;1708210;PESQUISA DE POTENCIAIS AUDITIVOS DE TRONCO CEREBRAL (BERA)
;;;;1708032;POTENCIAL EVOCADO AUDITIVO
;;;;1708016;POTENCIAL EVOCADO AUDITIVO DE CURTA MEDIA E LONGA LATENCIA
;;;;1708017;PROVA DE FUNCAO TUBARIA
;;;;1708004;TESTES AUDITIVOS SUPRALIMINARES
;;;;1708240;TESTES DE PROCESSAMENTO AUDITIVO
;;1401000;GRUPO - EXAMES ULTRA-SONOGRAFICOS;;
;;;;1401405;ULTRA-SONOGRAFIA  DO APARELHO URINARIO (RINS, BEXIGA)
;;;;1401998;ULTRA-SONOGRAFIA DE ABDOMEN TOTAL
;;;;1401977;ULTRA-SONOGRAFIA DE MAMAS (BILATERAL)
;;;;1401997;ULTRA-SONOGRAFIA DE PROSTATA (VIA ABDOMINAL)
;;;;1401980;ULTRA-SONOGRAFIA DE TIREOIDE
;;;;1401201;ULTRA-SONOGRAFIA OBSTETRICA
;;;;1401101;ULTRA-SONOGRAFIA PELVICA (GINECOLOGICA)
;;;;1401202;ULTRA-SONOGRAFIA TRANSVAGINAL
;;1801000;GRUPO - FISIOTERAPIA (POR SESSAO);;
;;;;1801130;ATEND FISIOTERAPEUTICO EM PACIENTE C/ DISTURBIOS NEURO-CINETICO-FUNCIONAIS S/ COMPLI SIS - ADULTO
;;;;1801022;ATENDIMENTO FISIOTERAPEUTICO EM PACIENTE C/ COMPROMETIMENTO COGNITIVO
;;;;1801033;ATENDIMENTO FISIOTERAPEUTICO EM PACIENTE NO PRE/POS-OPERATORIO DE NEUROCIRURGIA
;;;;1801032;ATENDIMENTO FISIOTERAPEUTICO EM PACIENTES C/ DISTURBIOS NEURO-CINETICO-FUNCIONAIS C/COMPLICACOES SIS
;;;;1801016;ATENDIMENTO FISIOTERAPEUTICO EM PACIENTES NO PRE E POS-OPERATORIO NAS DISFUNCOES MUSCULO ESQUELETICA
;;;;1801019;ATENDIMENTO FISIOTERAPEUTICO NAS ALTERACOES MOTORAS
;;;;1801037;ATENDIMENTO FISIOTERAPÊUTICO NAS DESORDENS DO DESEN. NEURO MOTOR
;AMBULATORIO VIRTUAL DO AMAZONAS;;;;
;;0739131;TELECONSULTA EM ALERGIA E IMUNOLOGIA GERAL;;
;;0739135;TELECONSULTA EM CARDIOLOGIA GERAL;;
;;0739136;TELECONSULTA EM CARDIOLOGIA GERAL - RETORNO;;
;;0739148;TELECONSULTA EM DERMATOLOGIA GERAL;;
;;0739149;TELECONSULTA EM DERMATOLOGIA GERAL - RETORNO;;
;;0739140;TELECONSULTA EM ENDOCRINOLOGIA E METABOLOGIA GERAL;;
;;0739141;TELECONSULTA EM ENDOCRINOLOGIA E METABOLOGIA GERAL - RETORNO;;
;;0739142;TELECONSULTA EM ENDOCRINOLOGIA E METABOLOGIA PEDIATRICA;;
;;0739152;TELECONSULTA EM GASTROENTEROLOGIA GERAL;;
;;0739216;TELECONSULTA EM GERIATRIA;;
;;0498197;TELECONSULTA EM GINECOLOGIA - GERAL;;
;;0498198;TELECONSULTA EM GINECOLOGIA - RETORNO;;
;;0498195;TELECONSULTA EM GINECOLOGIA OBSTETRICIA;;
;;0739144;TELECONSULTA EM NEUROLOGIA GERAL;;
;;0739145;TELECONSULTA EM NEUROLOGIA GERAL - RETORNO;;
;;0739146;TELECONSULTA EM NEUROLOGIA PEDIATRICA;;
;;0739147;TELECONSULTA EM NEUROLOGIA PEDIATRICA - RETORNO;;
;;0739220;TELECONSULTA EM NUTRICAO GERAL;;
;;0739182;TELECONSULTA EM ORTOPEDIA GERAL;;
;;0739183;TELECONSULTA EM ORTOPEDIA GERAL - RETORNO;;
;;0739164;TELECONSULTA EM PEDIATRIA;;
;;0739161;TELECONSULTA EM PNEUMOLOGIA GERAL - RETORNO;;
;;0739224;TELECONSULTA EM PSICOLOGIA GERAL;;
;;0739225;TELECONSULTA EM PSICOLOGIA GERAL – RETORNO;;
;;0739226;TELECONSULTA EM PSICOLOGIA PEDIATRICA;;
;;0739227;TELECONSULTA EM PSICOLOGIA PEDIATRICA – RETORNO;;
;;0739166;TELECONSULTA EM PSIQUIATRIA GERAL;;
;;0739167;TELECONSULTA EM PSIQUIATRIA GERAL - RETORNO;;
;;0739168;TELECONSULTA EM PSIQUIATRIA PEDIATRICA;;
;;0739169;TELECONSULTA EM PSIQUIATRIA PEDIATRICA - RETORNO;;
;;0739212;TELECONSULTA EM UROLOGIA GERAL;;
;;0739213;TELECONSULTA EM UROLOGIA GERAL - RETORNO;;
;AMBULATORIO VIRTUAL DO REGULA MAIS BRASIL;;;;
;;0701245;CONSULTA EM ORTOPEDIA - PEDIATRIA;;
;;0701205;CONSULTA EM CARDIOLOGIA - GERAL;;
;;4800037;CONSULTA EM CIRURGIA GINECOLOGICA - ENDOMETRIOSE;;
;;4800031;CONSULTA EM CIRURGIA GINECOLOGICA - NINFOPLASTIA;;
;;0701211;CONSULTA EM CIRURGIA VASCULAR - GERAL;;
;;0701213;CONSULTA EM ENDOCRINOLOGIA E METABOLOGIA - GERAL;;
;;0701215;CONSULTA EM GASTROENTEROLOGIA - GERAL;;
;;0701300;CONSULTA EM NEUROLOGIA - PEDIATRIA;;
;;0701226;CONSULTA EM ORTOPEDIA - GERAL;;
;;0701228;CONSULTA EM PNEUMOLOGIA - GERAL;;
;;0701229;CONSULTA EM PROCTOLOGIA - GERAL;;
;;0701260;CONSULTA EM PSIQUIATRIA - GERAL;;
;;0485025;CONSULTA EM PSIQUIATRIA -TRIAGEM TEA - 12 A 18 ANOS;;
;;0701231;CONSULTA EM REUMATOLOGIA - GERAL;;
;;0701233;CONSULTA EM UROLOGIA - GERAL;;
;;2033001;OCI AVALIACAO DIAGNOSTICA INICIAL DE CANCER DE MAMA;;
;ANLAB;;;;
;;2280000;GRUPO - PATOLOGIA CLINICA (EXAMES DE LABORATORIO 2);;
;;;;2280219;17 ALFA HIDROXI PROGESTERONA
;;;;2280313;ACIDEZ TITULÁVEL NO LEITE HUMANO (DORNIC)
;;;;2280220;ACIDO ASCORBICO
;;;;2280001;ACIDO FOLICO
;;;;2280002;ACIDO URICO
;;;;2280534;ACIDO URICO LIQUIDO NO SINOVIAL E DERRAMES
;;;;2280535;ADENOGRAMA
;;;;2280004;ADRENOCORTICOTROFICO, HORMONIO - ACTH
;;;;2280225;ALFA 1 ANTITRIPSINA
;;;;2280005;ALFA 1 GLICOPROTEINA ACIDA
;;;;2280226;ALFA FETO PROTEINA
;;;;2280006;AMILASE
;;;;2280007;ANDROSTENEDIONA
;;;;2280009;ANTI HBC - IGM ANTICORPOS IGM CONTRA ANTIGENO C DA HEPATITE B (ANTI-HBC-IGM)
;;;;2280011;ANTI HBE - ANTICORPOS CONTRA ANTIGENO E DA HEPATITE B
;;;;2280012;ANTI HBS - ANTICORPOS CONTRA ANTIGENO S DA HEPATITE B
;;;;2280015;ANTIBIOGRAMA
;;;;2280446;ANTIBIOGRAMA C/ CONCENTRACAO INIBITORIA MINIMA
;;;;2280181;ANTIBIOGRAMA P/ MICOBACTERIAS
;;;;2280613;ANTICORPOS ANTI-PLAQUETARIOS - DETERMINAÇÃO
;;;;2280018;ANTIPEROXIDASE /ANTI TPO
;;;;2280022;BACILOSCOPIA DIRETA P/ BAAR (HANSENIASE)
;;;;2280447;BACILOSCOPIA DIRETA P/ BAAR TUBERCULOS (CONTROLE)
;;;;2280023;BACILOSCOPIA DIRETA P/ BAAR TUBERCULOSE (DIAGNOSTICA)
;;;;2280024;BACTEROSCOPIA (GRAM)
;;;;2280221;BETA 2 MICROGLOBULINA
;;;;2280025;BILIRRUBINA TOTAL E FRACOES
;;;;2280029;CALCIO
;;;;2280030;CALCIO IONIZAVEL
;;;;2280033;CEA (ANTIGENO CARCINOEMBRIOGENICO)
;;;;2280034;CELULAS LE - PESQUISA
;;;;2280035;CHAGAS , IFI
;;;;2280259;CHUMBO
;;;;2280260;CHUMBO URINARIO
;;;;2280536;CITOLOGIA P/ CLAMIDIA
;;;;2280537;CITOLOGIA P/ HERPESVIRUS
;;;;2280038;CITOMEGALOVIRUS , IFI (IGG)
;;;;2280039;CITOMEGALOVIRUS , IFI (IGM)
;;;;2280314;CITOQUIMICA HEMATOLOGICA
;;;;2280040;CLEARANCE DE CREATININA
;;;;2280413;CLEARANCE DE FOSFATO
;;;;2280414;CLEARANCE DE UREIA
;;;;2280281;CLEARANCE OSMOLAR
;;;;2280041;CLORETO
;;;;2280042;COLESTEROL ( LDL)
;;;;2280043;COLESTEROL (HDL)
;;;;2280045;COLESTEROL TOTAL
;;;;2280229;COMPLEMENTO ( CH50 ) , DOSAGEM
;;;;2280047;COMPLEMENTO C3 , IDR
;;;;2280048;COMPLEMENTO C4 , IDR
;;;;2280415;CONTAGEM DE ADDIS
;;;;2280432;CONTAGEM DE LINFOCITOS T TOTAIS
;;;;2280049;CONTAGEM DE PLAQUETAS
;;;;2280538;CONTAGEM ESPECIFICA DE CELULAS NO LIQUOR
;;;;2280539;CONTAGEM GLOBAL DE CELULAS NO LIQUOR
;;;;2280050;COOMBS  INDIRETO (INCLUI QUANTITATIVO)
;;;;2280051;COOMBS DIRETO
;;;;2280053;CREATININA
;;;;2280054;CREATININA, DOSAGEM EM URINA DE 24 HS
;;;;2280055;CREATINOFOSFOQUINASE - FRACAO MB
;;;;2280164;CULTURA DE BACTERIAS PARA INDENTIFICACAO
;;;;2280448;CULTURA DO LEITE HUMANO (POS-PASTEURIZAÇÃO)
;;;;2280449;CULTURA P/ HERPESVIRUS
;;;;2280210;CULTURA PARA BAAR
;;;;2280165;CULTURA PARA BACTERIAS ANAEROBICAS
;;;;2280057;CULTURA PARA IDENTIFICACAO DE FUNGOS
;;;;2280058;CURVA GLICEMICA CLASSICA 5 DOSAGENS-ORAL
;;;;2280059;DEHIDROEPIANDROSTERONA - DHEA
;;;;2280339;DETECCAO DE ÁCIDOS NUCLEICOS DO HIV-1 (QUALITATIVO)
;;;;2280382;DETECÇÃO DE CLAMÍDIA E GONOCOCO POR BIOLOGIA MOLECULAR
;;;;2280203;DETERMINACAO DE CAPACIDADE DE FIXACAO DO FERRO
;;;;2280563;DETERMINACAO DE CARIOTIPO EM CULTURA DE LONGA DURACAO (C/ TECNICA DE BANDAS)
;;;;2280564;DETERMINACAO DE CARIOTIPO EM MEDULA OSSEA E VILOSIDADES CORIONICAS (C/ TECNICA DE BANDAS)
;;;;2280565;DETERMINACAO DE CARIOTIPO EM SANGUE PERIFERICO (C/ TECNICA DE BANDAS)
;;;;2280312;DETERMINAÇÃO DE CREMATÓCRITO NO LEITE HUMANO ORDENHADO
;;;;2280282;DETERMINACAO DE CROMATOGRAFIA DE AMINOACIDOS
;;;;2280315;DETERMINACAO DE CURVA DE RESISTENCIA GLOBULAR
;;;;2280167;DETERMINACAO DE CURVA GLICEMICA (2 DOSAGENS)
;;;;2280283;DETERMINACAO DE CURVA GLICEMICA C/ INDUCAO POR CORTISONA ( 5 DOSAGENS)
;;;;2280284;DETERMINACAO DE CURVA GLICEMICA C/ INDUCAO POR CORTISONA (4 DOSAGENS)
;;;;2280316;DETERMINACAO DE ENZIMAS ERITROCITARIAS (CADA)
;;;;2280540;DETERMINACAO DE FOSFOLIPIDIOS RELACAO LECITINA - ESFINGOMIELINA NO LIQUIDO AMNIOTICO
;;;;2280485;DETERMINACAO DE INDICE DE TIROXINA LIVRE
;;;;2280416;DETERMINACAO DE OSMOLALIDADE
;;;;2280285;DETERMINACAO DE OSMOLARIDADE
;;;;2280486;DETERMINACAO DE RETENCAO DE T3
;;;;2280317;DETERMINACAO DE SULFO-HEMOGLOBINA
;;;;2280487;DETERMINACAO DE T3 REVERSO
;;;;2280060;DETERMINACAO DE TEMPO DE COAGULACAO
;;;;2280318;DETERMINACAO DE TEMPO DE LISE DA EUGLOBULINA
;;;;2280061;DETERMINACAO DE TEMPO DE SANGRAMENTO ( DUKE )
;;;;2280319;DETERMINACAO DE TEMPO DE SANGRAMENTO DE IVY
;;;;2280320;DETERMINACAO DE TEMPO DE SOBREVIDA DE HEMACIAS
;;;;2280168;DETERMINACAO DE TEMPO DE TROMBINA
;;;;2280062;DETERMINACAO DE TEMPO DE TROMBOPLASTINA PARCIAL  (TTP A)
;;;;2280063;DETERMINACAO DE TEMPO E ATIVIDADE DA PROTROMBINA (TAP)
;;;;2280235;DIHIDROTESTOSTERONA - DHT
;;;;2280398;DOSAGEM DA FRAÇÃO C1Q DO COMPLEMENTO
;;;;2280488;DOSAGEM DE 17-CETOSTEROIDES TOTAIS
;;;;2280489;DOSAGEM DE 17-HIDROXICORTICOSTEROIDES
;;;;2280177;DOSAGEM DE 25 HIDROXIVITAMINA D
;;;;2280286;DOSAGEM DE 5-NUCLEOTIDASE
;;;;2280287;DOSAGEM DE ACETONA
;;;;2280265;DOSAGEM DE ACIDO 5-HIDROXI-INDOL-ACETICO (SEROTONINA)
;;;;2280505;DOSAGEM DE ACIDO DELTA-AMINOLEVULINICO
;;;;2280506;DOSAGEM DE ACIDO HIPURICO
;;;;2280507;DOSAGEM DE ACIDO MANDELICO
;;;;2280508;DOSAGEM DE ACIDO METIL-HIPURICO
;;;;2280509;DOSAGEM DE ACIDO VALPROICO
;;;;2280288;DOSAGEM DE ACIDO VANILMANDELICO
;;;;2280289;DOSAGEM DE ALDOLASE
;;;;2280490;DOSAGEM DE ALDOSTERONA
;;;;2280290;DOSAGEM DE ALFA-2-MACROGLOBULINA
;;;;2280510;DOSAGEM DE ALUMINIO
;;;;2280291;DOSAGEM DE AMONIA
;;;;2280491;DOSAGEM DE AMP CICLICO
;;;;2280511;DOSAGEM DE ANFETAMINAS
;;;;2280321;DOSAGEM DE ANTICOAGULANTE CIRCULANTE
;;;;2280397;DOSAGEM DE ANTICORPOS ANTITRANSGLUTAMINAISE RECOMBINANTE HUMANO IGA
;;;;2280227;DOSAGEM DE ANTITROMBINA III
;;;;2280512;DOSAGEM DE BARBITURATOS
;;;;2280513;DOSAGEM DE CADMIO
;;;;2280492;DOSAGEM DE CALCITONINA
;;;;2280514;DOSAGEM DE CARBAMAZEPINA
;;;;2280515;DOSAGEM DE CARBOXI-HEMOGLOBINA
;;;;2280292;DOSAGEM DE CAROTENO
;;;;2280293;DOSAGEM DE CERULOPLASMINA
;;;;2280516;DOSAGEM DE CICLOSPORINA
;;;;2280418;DOSAGEM DE CITRATO
;;;;2280517;DOSAGEM DE COBRE
;;;;2280294;DOSAGEM DE COLINESTERASE
;;;;2280178;DOSAGEM DE CORTISOL
;;;;2280541;DOSAGEM DE CREATININA NO LIQUIDO AMNIOTICO
;;;;2280066;DOSAGEM DE CREATINOFOSFOQUINASE (CPK)
;;;;2280341;DOSAGEM DE CRIOAGLUTININA
;;;;2280295;DOSAGEM DE DESIDROGENASE ALFA-HIDROXIBUTIRICA
;;;;2280296;DOSAGEM DE DESIDROGENASE GLUTAMICA
;;;;2280067;DOSAGEM DE DESIDROGENASE LATICA
;;;;2280297;DOSAGEM DE DESIDROGENASE LATICA (ISOENZIMAS FRACIONADAS)
;;;;2280403;DOSAGEM DE ESTERCOBILINOGENIO FECAL
;;;;2280186;DOSAGEM DE ESTRIOL
;;;;2280187;DOSAGEM DE ESTRONA
;;;;2280322;DOSAGEM DE FATOR V
;;;;2280323;DOSAGEM DE FATOR VIII (INIBIDOR)
;;;;2280324;DOSAGEM DE FATOR VON WILLEBRAND (ANTIGENO)
;;;;2280325;DOSAGEM DE FATOR XIII
;;;;2280518;DOSAGEM DE FENITOINA
;;;;2280519;DOSAGEM DE FENOL
;;;;2280326;DOSAGEM DE FIBRINOGENIO
;;;;2280520;DOSAGEM DE FORMALDEIDO
;;;;2280551;DOSAGEM DE FOSFATASE ÁCIDA NO ESPERMA
;;;;2280298;DOSAGEM DE FOSFATASE ACIDA TOTAL
;;;;2280542;DOSAGEM DE FOSFATASE ALCALINA NO ESPERMA
;;;;2280299;DOSAGEM DE FRACAO PROSTATICA DA FOSFATASE ACIDA
;;;;2280252;DOSAGEM DE FRUTOSE
;;;;2280197;DOSAGEM DE FRUTOSE NO ESPERMA
;;;;2280300;DOSAGEM DE GALACTOSE
;;;;2280253;DOSAGEM DE GASTRINA
;;;;2280543;DOSAGEM DE GLICOSE NO LIQUIDO SINOVIAL E DERRAMES
;;;;2280301;DOSAGEM DE GLICOSE-6-FOSFATO DESIDROGENASE
;;;;2280493;DOSAGEM DE GLOBULINA TRANSPORTADORA DE TIROXINA
;;;;2280207;DOSAGEM DE GORDURA FECAL
;;;;2280254;DOSAGEM DE HAPTOGLOBINA
;;;;2280068;DOSAGEM DE HEMOGLOBINA
;;;;2280327;DOSAGEM DE HEMOGLOBINA - INSTABILIDADE A 37OC
;;;;2280328;DOSAGEM DE HEMOGLOBINA FETAL
;;;;2280329;DOSAGEM DE HEMOSSIDERINA
;;;;2280302;DOSAGEM DE HIDROXIPROLINA
;;;;2280175;DOSAGEM DE IMUNOGLOBULINA A (IGA)
;;;;2280174;DOSAGEM DE IMUNOGLOBULINA E (IGE)
;;;;2280176;DOSAGEM DE IMUNOGLOBULINA M (IGM)
;;;;2280257;DOSAGEM DE INIBIDOR DE C1-ESTERASE
;;;;2280303;DOSAGEM DE ISOMERASE-FOSFOHEXOSE
;;;;2280304;DOSAGEM DE LACTATO
;;;;2280305;DOSAGEM DE LEUCINO-AMINOPEPTIDASE
;;;;2280521;DOSAGEM DE MERCURIO
;;;;2280522;DOSAGEM DE META-HEMOGLOBINA
;;;;2280523;DOSAGEM DE METOTREXATO
;;;;2280194;DOSAGEM DE MICROALBUMINA NA URINA
;;;;2280419;DOSAGEM DE OXALATO
;;;;2280202;DOSAGEM DE PEPTIDEO C
;;;;2280306;DOSAGEM DE PIRUVATO
;;;;2280330;DOSAGEM DE PLASMINOGENIO
;;;;2280307;DOSAGEM DE PORFIRINAS
;;;;2280069;DOSAGEM DE POTASSIO
;;;;2280273;DOSAGEM DE PROTEINA C REATIVA
;;;;2280070;DOSAGEM DE PROTEINAS ( URINA DE 24 HORAS )
;;;;2280544;DOSAGEM DE PROTEINAS NO LIQUIDO SINOVIAL E DERRAMES
;;;;2280169;DOSAGEM DE PROTEINAS TOTAIS
;;;;2280494;DOSAGEM DE RENINA
;;;;2280071;DOSAGEM DE SODIO
;;;;2280267;DOSAGEM DE SOMATOMEDINA C (IGF1)
;;;;2280495;DOSAGEM DE SULFATO DE HIDROEPIANDROSTERONA (DHEAS)
;;;;2280308;DOSAGEM DE TRIPTOFANO
;;;;2280211;DOSAGEM DE TROPONINA
;;;;2280185;DOSAGEM DE ZINCO
;;;;2280188;DOSAGEM DO  ANTIGENO  CA 125
;;;;2280420;DOSAGEM E/OU FRACIONAMENTO DE ACIDOS ORGANICOS
;;;;2280072;EAS - SUMARIO DE URINA
;;;;2280237;ELETROFORESE DE HEMOGLOBINA
;;;;2280238;ELETROFORESE DE LIPOPROTEINAS
;;;;2280236;ELETROFORESE DE PROTEINAS
;;;;2280545;ELETROFORESE DE PROTEINAS C/ CONCENTRACAO NO LIQUOR
;;;;2280154;ERITROGRAMA( ERITROCITOS, HEMOGLOBINA, HEMATOCRITO )
;;;;2280546;ESPECTROFOTOMETRIA NO LIQUIDO AMNIOTICO
;;;;2280547;ESPLENOGRAMA
;;;;2280073;ESTRADIOL
;;;;2280404;EXAME COPROLOGICO FUNCIONAL
;;;;2280548;EXAME DE CARACTERES FISICOS CONTAGEM GLOBAL E ESPECIFICA DE CELULAS
;;;;2280399;EXAME LABORATORIAL PARA DOENÇA DE GAUCHER I
;;;;2280400;EXAME LABORATORIAL PARA DOENÇA DE GAUCHER II
;;;;2280179;EXAME MICROBIOLOGICO A FRESCO ( MICOLOGICO DIRETO)
;;;;2280421;EXAME QUALITATIVO DE CALCULOS URINARIOS
;;;;2280074;FAN - ANTICORPOS ANTI-NUCLEO , IFI
;;;;2280240;FATOR II - DOSAGEM
;;;;2280245;FATOR IX - DOSAGEM
;;;;2280075;FATOR REUMATOIDE , TESTE DO LATEX
;;;;2280076;FATOR RH (INCLUI DO FRACO)
;;;;2280243;FATOR VII - DOSAGEM
;;;;2280244;FATOR VIII - DOSAGEM
;;;;2280246;FATOR X - DOSAGEM
;;;;2280247;FATOR XI - DOSAGEM
;;;;2280248;FATOR XII - DOSAGEM
;;;;2280568;FENOTIPAGEM DE SISTEMA RH - HR
;;;;2280077;FERRITINA
;;;;2280078;FERRO SERICO
;;;;2280079;FOLICULO ESTIMULANTE, HORMONIO - FSH
;;;;2280080;FOSFATASE ALCALINA
;;;;2280082;GAMA-GLUTAMIL TRANSFERASE - GAMA GT
;;;;2280309;GASOMETRIA (PH PCO2 PO2 BICARBONATO AS2 (EXCESSO OU DEFICIT BASE )
;;;;2280083;GLICEMIA DE JEJUM
;;;;2280084;GLICEMIA POS PRANDIAL
;;;;2280085;GONADOTROFINA CORIONICA - BETA  HCG
;;;;2280086;GRUPO ABO - DETERMINACAO
;;;;2280088;HAV- IGG  ANTICORPOS  IGG CONTRA O VIRUS DA HEPATITE A
;;;;2280089;HAV-IGM   ANTICORPOS  IGM CONTRA O VIRUS DA HEPATITE A
;;;;2280090;HBEAG - ANTIGENO E DA HEPATITE B
;;;;2280092;HEMATOCRITO
;;;;2280450;HEMOCULTURA
;;;;2280094;HEMOGLOBINA GLICOSILADA
;;;;2280095;HEMOGRAMA COMPLETO
;;;;2280096;HERPES SIMPLES , PESQUISA DE ANTICORPOS, IGG
;;;;2280097;HERPES SIMPLES , PESQUISA DE ANTICORPOS, IGM
;;;;2280098;HERPES ZOSTER , PESQUISA DE ANTICORPOS , IGM
;;;;2280099;HERPES ZOSTER , PESQUISA DE ANTICORPOS, IGG
;;;;2280160;HORMONIO DE CRESCIMENTO - HGH
;;;;2280180;IDENTIFICAÇAO AUTOMATIZADA DE MICRORGANISMOS
;;;;2280569;IDENTIFICACAO DE ANTICORPOS SERICOS IRREGULARES C/ PAINEL DE HEMACIAS
;;;;2280405;IDENTIFICACAO DE FRAGMENTOS DE HELMINTOS
;;;;2280417;IDENTIFICAÇÃO DE GLICÍDIOS URINÁRIOS POR CROMATOGRAFIA (CAMADA DELGADA)
;;;;2280204;IMUNOELETROFORESE DE PROTEINAS
;;;;2280343;IMUNOFENOTIPAGEM DE HEMOPATIAS MALIGNAS (POR MARCADOR)
;;;;2280101;INSULINA
;;;;2280156;LEUCOGRAMA
;;;;2280102;LH LUTEINIZANTE HORMONIO
;;;;2280232;LINFOCITOS B , CONTAGEM
;;;;2280103;LIPASE
;;;;2280104;LITIO SERICO
;;;;2280105;MAGNESIO
;;;;2280258;MAGNESIO URINARIO
;;;;2280549;MIELOGRAMA
;;;;2280106;MUCO PROTEINAS
;;;;2280107;PARASITOLOGICO (METODOS DE CONCENTRACAO)
;;;;2280111;PARATORMONIO - DOSAGEM
;;;;2280451;PEQUISA DE PNEUMOCYSTI CARINI
;;;;2280422;PESQUISA / DOSAGEM DE AMINOACIDOS (POR CROMATOGRAFIA)
;;;;2280423;PESQUISA DE ALCAPTONA NA URINA
;;;;2280424;PESQUISA DE AMINOACIDOS NA URINA
;;;;2280192;PESQUISA DE ANTICORPO IGG ANTICARDIOLIPINA
;;;;2280193;PESQUISA DE ANTICORPO IGM ANTICARDIOLIPINA
;;;;2280347;PESQUISA DE ANTICORPOS ANTIADENOVIRUS
;;;;2280348;PESQUISA DE ANTICORPOS ANTIAMEBAS
;;;;2280349;PESQUISA DE ANTICORPOS ANTIASPERGILLUS
;;;;2280440;PESQUISA DE ANTICORPOS ANTIBRUCELAS
;;;;2280350;PESQUISA DE ANTICORPOS ANTICISTICERCO
;;;;2280351;PESQUISA DE ANTICORPOS ANTICLAMIDIA (POR IMUNOFLUORESCENCIA)
;;;;2280352;PESQUISA DE ANTICORPOS ANTICORTEX SUPRARENAL
;;;;2280191;PESQUISA DE ANTICORPOS ANTI-DNA
;;;;2280353;PESQUISA DE ANTICORPOS ANTIEQUINOCOCOS
;;;;2280228;PESQUISA DE ANTICORPOS ANTIESCLERODERMA (SCL 70)
;;;;2280354;PESQUISA DE ANTICORPOS ANTIESPERMATOZOIDES
;;;;2280550;PESQUISA DE ANTICORPOS ANTIESPERMATOZOIDES ( ELISA )
;;;;2280441;PESQUISA DE ANTICORPOS ANTIESTREPTOLISINA O (ASLO)
;;;;2280355;PESQUISA DE ANTICORPOS ANTIFIGADO
;;;;2280356;PESQUISA DE ANTICORPOS ANTIGLOMERULO
;;;;2280344;PESQUISA DE ANTICORPOS ANTI-HELICOBACTER PYLORI
;;;;2280345;PESQUISA DE ANTICORPOS ANTI-HIV-1 (WESTERN BLOT)
;;;;2280357;PESQUISA DE ANTICORPOS ANTIILHOTA DE LANGERHANS
;;;;2280358;PESQUISA DE ANTICORPOS ANTIINSULINA
;;;;2280359;PESQUISA DE ANTICORPOS ANTILEPTOSPIRAS
;;;;2280360;PESQUISA DE ANTICORPOS ANTILISTERIA
;;;;2280361;PESQUISA DE ANTICORPOS ANTIMITOCONDRIA
;;;;2280362;PESQUISA DE ANTICORPOS ANTIMUSCULO ESTRIADO
;;;;2280363;PESQUISA DE ANTICORPOS ANTIMUSCULO LISO
;;;;2280364;PESQUISA DE ANTICORPOS ANTIPARIETAIS
;;;;2280365;PESQUISA DE ANTICORPOS ANTIPLASMODIOS
;;;;2280205;PESQUISA DE ANTICORPOS ANTI-RIBONUCLEOPROTEINA (RNP)
;;;;2280346;PESQUISA DE ANTICORPOS ANTI-SCHISTOSOMAS
;;;;2280206;PESQUISA DE ANTICORPOS ANTI-SM
;;;;2280189;PESQUISA DE ANTICORPOS ANTI-SS-A (RO)
;;;;2280190;PESQUISA DE ANTICORPOS ANTI-SS-B (LA)
;;;;2280277;PESQUISA DE ANTICORPOS ANTITIREOGLOBULINA
;;;;2280366;PESQUISA DE ANTICORPOS CONTRA HISTOPLASMA
;;;;2280367;PESQUISA DE ANTICORPOS CONTRA O SPOROTRIX SCHENKII
;;;;2280368;PESQUISA DE ANTICORPOS CONTRA O VIRUS DA HEPATITE D (ANTI-HDV)
;;;;2280369;PESQUISA DE ANTICORPOS CONTRA O VIRUS DO SARAMPO
;;;;2280158;PESQUISA DE ANTICORPOS CONTRA PARACOCCIDIOIDES BRASILIENSIS
;;;;2280370;PESQUISA DE ANTICORPOS E/OU ANTIGENO DO VIRUS SINCICIAL RESPIRATORIO
;;;;2280371;PESQUISA DE ANTICORPOS EIE ANTICLAMIDIA
;;;;2280170;PESQUISA DE ANTICORPOS HETEROFILOS CONTA O VIRUS EPSTEIN BARR (MONONUCLEOSE)
;;;;2280373;PESQUISA DE ANTICORPOS IGG ANTILEISHMANIAS
;;;;2280115;PESQUISA DE ANTICORPOS IGG ANTITRIPANOSOMA CRUZI
;;;;2280376;PESQUISA DE ANTICORPOS IGG CONTRA ARBOVIRUS
;;;;2280199;PESQUISA DE ANTICORPOS IGG CONTRA O VIRUS EPSTEIN-BARR
;;;;2280375;PESQUISA DE ANTICORPOS IGG E IGM CONTRA ANTIGENO CENTRAL DO VIRUS DA HEPATITE B (ANTI-HBC-TOTAL)
;;;;2280378;PESQUISA DE ANTICORPOS IGM ANTILEISHMANIAS
;;;;2280116;PESQUISA DE ANTICORPOS IGM ANTITRIPANOSOMA CRUZI
;;;;2280381;PESQUISA DE ANTICORPOS IGM CONTRA ARBOVIRUS
;;;;2280198;PESQUISA DE ANTICORPOS IGM CONTRA O VIRUS EPSTEIN-BARR
;;;;2280570;PESQUISA DE ANTICORPOS IRREGULARES PELO METODO DA ELUICAO
;;;;2280571;PESQUISA DE ANTICORPOS SERICOS IRREGULARES 37OC
;;;;2280572;PESQUISA DE ANTICORPOS SERICOS IRREGULARES A FRIO
;;;;2280331;PESQUISA DE ATIVIDADE DO COFATOR DE RISTOCETINA
;;;;2280452;PESQUISA DE BACILO DIFTERICO
;;;;2280425;PESQUISA DE BETA-MERCAPTO-LACTATO-DISSULFIDURIA
;;;;2280457;PESQUISA DE CADEIAS LEVES KAPPA E LAMBDA
;;;;2280552;PESQUISA DE CARACTERES FISICOS NO LIQUOR
;;;;2280553;PESQUISA DE CELULAS ORANGIOFILAS
;;;;2280458;PESQUISA DE CISTINA NA URINA
;;;;2280459;PESQUISA DE COPROPORFIRINA NA URINA
;;;;2280332;PESQUISA DE CORPUSCULOS DE HEINZ
;;;;2280383;PESQUISA DE CRIOGLOBULINAS
;;;;2280554;PESQUISA DE CRISTAIS C/ LUZ POLARIZADA
;;;;2280406;PESQUISA DE ENTEROBIUS VERMICULARES (OXIURUS OXIURA)
;;;;2280407;PESQUISA DE EOSINOFILOS
;;;;2280460;PESQUISA DE ERROS INATOS DO METABOLISMO NA URINA
;;;;2280195;PESQUISA DE ESPERMATOZOIDES (APOS VASECTOMIA)
;;;;2280453;PESQUISA DE ESTREPTOCOCOS BETA-HEMOLITICOS DO GRUPO A
;;;;2280629;PESQUISA DE FATOR REUMATOIDE (WAALER-ROSE)
;;;;2280461;PESQUISA DE FENIL-CETONA NA URINA
;;;;2280333;PESQUISA DE FILARIA
;;;;2280462;PESQUISA DE FRUTOSE NA URINA
;;;;2280463;PESQUISA DE GALACTOSE NA URINA
;;;;2280159;PESQUISA DE GORDURA FECAL
;;;;2280454;PESQUISA DE HAEMOPHILUS DUCREY
;;;;2280255;PESQUISA DE HELICOBACTER PYLORI
;;;;2280263;PESQUISA DE HEMOGLOBINA S
;;;;2280464;PESQUISA DE HOMOCISTINA NA URINA
;;;;2280625;PESQUISA DE IMUNOGLOBULINA E (IGE) ALERGENO- ESPECÍFICA - 07
;;;;2280626;PESQUISA DE IMUNOGLOBULINA E (IGE) ALERGENO- ESPECÍFICA - 08
;;;;2280628;PESQUISA DE IMUNOGLOBULINA E (IGE) ALERGENO- ESPECÍFICA - 10
;;;;2280385;PESQUISA DE IMUNOGLOBULINA E (IGE) ALERGENO-ESPECIFICA - 01
;;;;2280386;PESQUISA DE IMUNOGLOBULINA E (IGE) ALERGENO-ESPECIFICA - 02
;;;;2280387;PESQUISA DE IMUNOGLOBULINA E (IGE) ALERGENO-ESPECIFICA - 03
;;;;2280388;PESQUISA DE IMUNOGLOBULINA E (IGE) ALERGENO-ESPECIFICA - 04
;;;;2280389;PESQUISA DE IMUNOGLOBULINA E (IGE) ALERGENO-ESPECIFICA - 05
;;;;2280390;PESQUISA DE IMUNOGLOBULINA E (IGE) ALERGENO-ESPECIFICA - 06
;;;;2280465;PESQUISA DE LACTOSE NA URINA
;;;;2280279;PESQUISA DE LARVAS NAS FEZES
;;;;2280532;PESQUISA DE LEPTOSPIRAS
;;;;2280161;PESQUISA DE LEUCOCITOS FECAIS
;;;;2280408;PESQUISA DE LEVEDURAS NAS FEZES
;;;;2280504;PESQUISA DE MACROPROLACTINA
;;;;2280466;PESQUISA DE MUCOPOLISSACARIDEOS NA URINA
;;;;2280409;PESQUISA DE OVOS DE SCHISTOSOMAS (EM FRAGMENTO DE MUCOSA)
;;;;2280467;PESQUISA DE PORFOBILINOGENIO NA URINA
;;;;2280468;PESQUISA DE PROTEINAS URINARIAS (POR ELETROFORESE)
;;;;2280555;PESQUISA DE RAGOCITOS NO LIQUIDO SINOVIAL E DERRAMES
;;;;2280212;PESQUISA DE ROTAVIRUS NAS FEZES
;;;;2280117;PESQUISA DE SANGUE OCULTO NAS FEZES
;;;;2280410;PESQUISA DE SUBSTANCIAS REDUTORAS NAS FEZES
;;;;2280469;PESQUISA DE TIROSINA NA URINA
;;;;2280280;PESQUISA DE TREPONEMA PALLIDUM
;;;;2280334;PESQUISA DE TRIPANOSSOMA
;;;;2280411;PESQUISA DE TRIPSINA NAS FEZES
;;;;2280412;PESQUISA DE TROFOZOITAS NAS FEZES
;;;;2280118;PROGESTERONA
;;;;2280119;PROLACTINA
;;;;2280120;PROTEINA C REATIVA, DETERMINACAO QUANTITATIVA
;;;;2280121;PROTEINAS TOTAIS E FRACOES
;;;;2280455;PROVA CONFIRMATÓRIA DA PRESENÇA DE MICRO-ORGANISMOS COLIFORMES
;;;;2280310;PROVA DA D-XILOSE
;;;;2280335;PROVA DE CONSUMO DE PROTROMBINA
;;;;2280470;PROVA DE DILUICAO (URINA)
;;;;2280196;PROVA DE PROGRESSAO ESPERMATICA (CADA)
;;;;2280123;PROVA DO LACO
;;;;2280556;PROVA DO LATEX P/ HAEMOPHILLUS INFLUENZAE, STREPTOCOCCUS PNEUMONIAE, NEISSERIA MENINGITIDIS (SOROTIP
;;;;2280557;PROVA DO LATEX P/ PESQUISA DO FATOR REUMATOIDE
;;;;2280391;PROVAS DE PRAUSNITZ-KUSTNER (PK)
;;;;2280392;PROVAS IMUNO-ALERGICAS BACTERIANAS
;;;;2280124;PSA LIVRE
;;;;2280126;PSA TOTAL
;;;;2280566;QUANTIFICAÇÃO/AMPLIFICAÇÃO DO HER-2
;;;;2280336;RASTREIO P/ DEFICIENCIA DE ENZIMAS ERITROCITARIAS
;;;;2280394;REACAO DE MONTENEGRO ID
;;;;2280558;REACAO DE PANDY
;;;;2280559;REACAO DE RIVALTA NO LIQUIDO SINOVIAL E DERRAMES
;;;;2280162;RETICULOCITOS - CONTAGEM
;;;;2280127;RETRACAO DO COAGULO
;;;;2280128;RUBEOLA , ANTICORPOS IGG
;;;;2280129;RUBEOLA , ANTICORPOS IGM
;;;;2280599;SODIO ( NA URINA 24 HORAS)
;;;;2280337;TESTE DE AGREGACAO DE PLAQUETAS
;;;;2280560;TESTE DE CLEMENTS
;;;;2280499;TESTE DE ESTIMULO COM GNRH OU COM AGONISTA GNRH
;;;;2280497;TESTE DE ESTIMULO DA PROLACTINA / TSH APOS TRH
;;;;2280498;TESTE DE ESTIMULO DA PROLACTINA APOS CLORPROMAZINA
;;;;2280500;TESTE DE ESTIMULO DO HGH APOS GLUCAGON
;;;;2280561;TESTE DE GASTROACIDOGRAMA - SECRECAO BASAL POR 60 EM 4 AMOSTRAS
;;;;2280338;TESTE DE HAM (HEMOLISE ACIDA)
;;;;2280562;TESTE DE HOLLANDER NO SUCO GASTRICO
;;;;2280501;TESTE DE SUPRESSAO DO CORTISOL APOS DEXAMETASONA
;;;;2280502;TESTE DE SUPRESSAO DO HGH APOS GLICOSE
;;;;2280311;TESTE DE TOLERANCIA A INSULINA / HIPOGLICEMIANTES ORAIS
;;;;2280130;TESTE DE VDRL P/ DETECCAO DE SIFILIS
;;;;2280503;TESTE P/ INVESTIGACAO DO DIABETES INSIPIDUS
;;;;2280395;TESTES ALERGICOS DE CONTATO
;;;;2280396;TESTES CUTANEOS DE LEITURA IMEDIATA
;;;;2280131;TESTOSTERONA LIVRE
;;;;2280132;TESTOSTERONA TOTAL
;;;;2280133;TGO
;;;;2280134;TGP
;;;;2280135;TIREOGLOBULINA
;;;;2280136;TIROXINA - T4
;;;;2280137;TIROXINA LIVRE (T4 LIVRE)
;;;;2280573;TITULACAO DE ANTICORPOS ANTI A E/OU ANTI B
;;;;2280138;TOXOPLASMOSE  IFI-IGG
;;;;2280139;TOXOPLASMOSE IFI (IGM)
;;;;2280140;TRANSFERRINA
;;;;2280141;TRIGLICERIDEOS
;;;;2280142;TRIIODOTIRONINA -  T3
;;;;2280143;TSH - HORMONIO ESTIMULANTE TIREOIDE
;;;;2280144;UREIA
;;;;2280145;UREIA, DOSAGEM EM URINA DE 24 HS
;;;;2280146;VDRL P/ DETECCAO DE SIFILIS EM GESTANTE
;;;;2280147;VELOCIDADE DE HEMOSSEDIMENTACAO (VHS)
;;;;2280148;VITAMINA B12
;;1101000;GRUPO - PATOLOGIA CLINICA (EXAMES DE LABORATORIO);;
;;2400000;GRUPO - PATOLOGIA CLINICA (REGULACAO);;
;;;;2400022;DETECCAO DE RNA DO VIRUS DA HEPATITE C (QUALITATIVO)
;;;;2400023;QUANTIFICACAO DE RNA DO VIRUS DA HEPATITE C
;C I A CENTRO DE IMAGEM DO AMAZONAS;;;;
;;1313001;DENSITOMETRIA OSSEA - RADIODIAGNOSTICO;;
;;3200000;GRUPO - MEDICINA NUCLEAR IN VIVO;;
;;;;3200006;CINTILOGR DO MIOCARDIO/PERFUSAO - ESTRESSE (MINIMO 03 PRJ)
;;;;3200007;CINTILOGR DO MIOCARDIO/PERFUSAO - REPOUSO (MINIMO 03 PROJ)
;;;;3200064;CINTILOGRAFIA DA GLANDULA LACRIMAL - DACRIOCISTOGRAFIA
;;;;3200021;CINTILOGRAFIA DA TIREOIDE COM OU SEM CAPTACAO
;;;;3200023;CINTILOGRAFIA DA TIREOIDE COM TESTE DE ESTIMULO (TSH)
;;;;3200035;CINTILOGRAFIA DAS ARTICULACOES E/OU EXTREMIDADES COM OU SEM
;;;;3200016;CINTILOGRAFIA DAS GLANDULAS SALIVARES COM OU SEM ESTIMULO
;;;;3200050;CINTILOGRAFIA DE CORACAO COM GALIO 67
;;;;3200047;CINTILOGRAFIA DE CORPO INTEIRO COM GALIO 67 - EXCLUSIVO PARA
;;;;3200048;CINTILOGRAFIA DE MAMA
;;;;3200026;CINTILOGRAFIA DE PARATIREOIDE
;;;;3200049;CINTILOGRAFIA DE PULMAO COM GALIO 67
;;;;3200051;CINTILOGRAFIA DE RIM COM GALIO 67
;;;;3200052;CINTILOGRAFIA DE SEGMENTO OSSEO COM GALIO 67
;;;;3200018;CINTILOGRAFIA DO FIGADO E BACO - MINIMO 05 IMAGENS
;;;;3200019;CINTILOGRAFIA DO FIGADO E VIAS BILIARES
;;;;3200001;CINTILOGRAFIA DO MIOCARDIO  / NECROSE (MINIMO 3 PROJECOES )
;;;;3200036;CINTILOGRAFIA OSSEA COM OU SEM FLUXO SANGUINEO (CORPO INTEIRO)
;;;;3200010;CINTILOGRAFIA PARA AVALIACAO DE ESVAZIAMENTO ESOFAGICO (LIQUIDO)
;;;;3200017;CINTILOGRAFIA PARA AVALIACAO DE ESVAZIAMENTO ESOFAGICO (SEMI-SOLIDO)
;;;;3200011;CINTILOGRAFIA PARA AVALIACAO DE ESVAZIAMENTO GASTRICO
;;;;3200004;CINTILOGRAFIA PARA AVALIACAO DE FLUXO SANGUINEO DAS EXTREMID
;;;;3200009;CINTILOGRAFIA PARA PESQUISA DE DIVERTICULO DE MECKEL
;;;;3200015;CINTILOGRAFIA PARA PESQUISA DE HEMORRAGIA NAO ATIVA
;;;;3200020;CINTILOGRAFIA PARA PESQUISA DE HEMORRAGIAS ATIVAS
;;;;3200014;CINTILOGRAFIA PARA PESQUISA DE REFLUXO GASTRO-ESOFAGICO
;;;;3200025;CINTILOGRAFIA PARA PESQUISA DO CORPO INTEIRO (PCI)
;;;;3200003;CINTILOGRAFIA PARA QUANTIFICACAO DE  SHUNT  DA DIREITA PARA
;;;;3200053;CINTILOGRAFIA PULMONAR (INALACAO) COM MINIMO DE 2 PROJECOES
;;;;3200055;CINTILOGRAFIA PULMONAR (PERFUSAO) - MINIMO DE 4 PROJECOES
;;;;3200054;CINTILOGRAFIA PULMONAR PARA PESQUISA DE ASPIRACAO
;;;;3200070;CINTILOGRAFIA RENAL ESTATICA (DMSA)
;;;;3200002;CINTILOGRAFIA SINCRONIZADA CAMARAS CARDIACAS/-REPOUSO ( MINI
;;;;3200005;CINTILOGRAFIA SINCRONIZADA CAMARAS CARDIACAS-ESFORCO (MINIMO
;;;;3200056;CINTILOGRAFIA SISTEMA RETICULO-ENDOTELIAL (MEDULA OSSEA)
;;;;3200028;CINTILOGRAFIA TESTICULAR (BOLSA ESCROTAL)
;;;;3200040;CISTERNOCINTILOGRAFIA ( MINIMO 05 IMAGENS )
;;;;3200033;CISTOCINTILOGRAFIA DIRETA
;;;;3200032;CISTOCINTILOGRAFIA INDIRETA
;;;;3200057;DEMONSTRACAO DE SEQUESTRO DE HEMACIAS PELO BACO COM RADIOISO
;;;;3200029;DETERMINACAO DA FILTRACAO GLOMERULAR COM RADIOISOTOPOS.
;;;;3200077;DETERMINACAO DE FLUXO SANGUINEO REGIONAL
;;;;3200059;DETERMINACAO DE SOBREVIDA DE HEMACIAS COM RADIOSOTOPOS
;;;;3200030;DETERMINACAO DO FLUXO PLASMATICO RENAL COM RADIOISOTOPOS.
;;;;3200034;ESTUDO  RENAL DINAMICO COM OU SEM DIURETICO
;;;;3200038;FLUXO SANGUINEO CEREBRAL
;;;;3200065;IMUNO CINTILOGRAFIA (ANTICORPOS MONOCLONAL)
;;;;3200046;LINFOCINTILOGRAFIA
;;;;3200045;PERFUSAO CEREBRAL
;;;;3200024;TESTE DO PERCLORATO COM RADIOISOTOPO
;C M I CENTRO MATERNO INFANTIL;;;;
;;1401000;GRUPO - EXAMES ULTRA-SONOGRAFICOS;;
;;1670000;GRUPO - EXAMES ULTRA-SONOGRAFICOS (DOPPLER) E ECOGRAFIAS;;
;;;;1670019;DOPPLER DE BOLSA ESCROTAL
;;;;1670006;ULTRA-SONOGRAFIA  DOPPLER DE CAROTIDAS
;;;;1670007;ULTRA-SONOGRAFIA  DOPPLER VENOSO - MID
;;;;1670009;ULTRA-SONOGRAFIA  DOPPLER VENOSO - MIE
;;;;1670010;ULTRA-SONOGRAFIA  DOPPLER VENOSO - MSD
;;;;1670011;ULTRA-SONOGRAFIA  DOPPLER VENOSO - MSE
;CAIC AFRANIO SOARES;;;;
;;0701236;CONSULTA EM ENDOCRINOLOGIA - PEDIATRIA;;
;;0320091;CONSULTA EM ENDOCRINOLOGIA - PEDIATRIA - RETORNO;;
;;0710368;CONSULTA EM FISIOTERAPIA - PEDIATRIA;;
;;0701243;CONSULTA EM FONOAUDIOLOGIA - INFANTIL;;
;;0701300;CONSULTA EM NEUROLOGIA - PEDIATRIA;;
;;0701029;CONSULTA EM NEUROLOGIA PEDIATRIA - RETORNO;;
;;2018912;CONSULTA EM NEUROLOGIA PEDIATRIA - SEGUIMENTO;;
;;0701941;CONSULTA EM NUTRICAO - PEDIATRIA;;
;;0703603;CONSULTA EM NUTRICAO - PEDIATRIA - RETORNO;;
;;0701352;CONSULTA EM NUTROLOGIA INFANTIL;;
;;0701614;CONSULTA EM NUTROLOGIA INFANTIL - RETORNO;;
;;0710402;CONSULTA EM PSICOLOGIA - PEDIATRICA;;
;;0485020;CONSULTA EM PSIQUIATRIA - TEA;;
;;0141002;CONSULTA EM PSIQUIATRIA - PEDIATRICA;;
;;0141004;CONSULTA EM PSIQUIATRIA - PEDIATRICA - RETORNO;;
;;0701421;CONSULTA EM REUMATOLOGIA - PEDIATRICA;;
;;0733009;CONSULTA EM REUMATOLOGIA - PEDIATRICA - RETORNO;;
;;1706000;GRUPO - DIAGNOSE EM NEUROLOGIA;;
;;;;1706202;ELETROENCEFALOGRAMA EM VIGILIA E SONO ESPONTANEO C/ OU S/ FOTOESTIMULO (EEG)
;CAIC ALBERTO CARREIRA;;;;
;;0701245;CONSULTA EM ORTOPEDIA - PEDIATRIA;;
;;0701236;CONSULTA EM ENDOCRINOLOGIA - PEDIATRIA;;
;;0320091;CONSULTA EM ENDOCRINOLOGIA - PEDIATRIA - RETORNO;;
;;0701216;CONSULTA EM GASTROENTEROLOGIA - PEDIATRIA;;
;;0701090;CONSULTA EM GASTROENTEROLOGIA - PEDIATRIA - RETORNO;;
;;0701300;CONSULTA EM NEUROLOGIA - PEDIATRIA;;
;;0701029;CONSULTA EM NEUROLOGIA PEDIATRIA - RETORNO;;
;;2018912;CONSULTA EM NEUROLOGIA PEDIATRIA - SEGUIMENTO;;
;;0701352;CONSULTA EM NUTROLOGIA INFANTIL;;
;;0701614;CONSULTA EM NUTROLOGIA INFANTIL - RETORNO;;
;;0320164;CONSULTA EM ORTOPEDIA - PEDIATRIA - RETORNO;;
;;0710402;CONSULTA EM PSICOLOGIA - PEDIATRICA;;
;;0141002;CONSULTA EM PSIQUIATRIA - PEDIATRICA;;
;;0141004;CONSULTA EM PSIQUIATRIA - PEDIATRICA - RETORNO;;
;;0701421;CONSULTA EM REUMATOLOGIA - PEDIATRICA;;
;;0733009;CONSULTA EM REUMATOLOGIA - PEDIATRICA - RETORNO;;
;;1706000;GRUPO - DIAGNOSE EM NEUROLOGIA;;
;;;;1706202;ELETROENCEFALOGRAMA EM VIGILIA E SONO ESPONTANEO C/ OU S/ FOTOESTIMULO (EEG)
;CAIC ALEXANDRE MONTORIL;;;;
;;0701236;CONSULTA EM ENDOCRINOLOGIA - PEDIATRIA;;
;;0320091;CONSULTA EM ENDOCRINOLOGIA - PEDIATRIA - RETORNO;;
;;0710368;CONSULTA EM FISIOTERAPIA - PEDIATRIA;;
;;0701941;CONSULTA EM NUTRICAO - PEDIATRIA;;
;;0703603;CONSULTA EM NUTRICAO - PEDIATRIA - RETORNO;;
;;0710402;CONSULTA EM PSICOLOGIA - PEDIATRICA;;
;;0141002;CONSULTA EM PSIQUIATRIA - PEDIATRICA;;
;;0141004;CONSULTA EM PSIQUIATRIA - PEDIATRICA - RETORNO;;
;;0210000;GRUPO - CONSULTA/ ATENDIMENTO/ ACOMPANHAMENTO (PSICOLOGIA);;
;CAIC ANA MARIA DOS SANTOS PEREIRA BRAGA;;;;
;;0701245;CONSULTA EM ORTOPEDIA - PEDIATRIA;;
;;0701246;CONSULTA EM PNEUMOLOGIA - PEDIATRIA;;
;;0701236;CONSULTA EM ENDOCRINOLOGIA - PEDIATRIA;;
;;0320091;CONSULTA EM ENDOCRINOLOGIA - PEDIATRIA - RETORNO;;
;;0710368;CONSULTA EM FISIOTERAPIA - PEDIATRIA;;
;;0701243;CONSULTA EM FONOAUDIOLOGIA - INFANTIL;;
;;0701300;CONSULTA EM NEUROLOGIA - PEDIATRIA;;
;;0701029;CONSULTA EM NEUROLOGIA PEDIATRIA - RETORNO;;
;;2018912;CONSULTA EM NEUROLOGIA PEDIATRIA - SEGUIMENTO;;
;;0701941;CONSULTA EM NUTRICAO - PEDIATRIA;;
;;0703603;CONSULTA EM NUTRICAO - PEDIATRIA - RETORNO;;
;;0320164;CONSULTA EM ORTOPEDIA - PEDIATRIA - RETORNO;;
;;0701678;CONSULTA EM PNEUMOLOGIA - PEDIATRIA - RETORNO;;
;;0710001;CONSULTA EM PSICOLOGIA;;
;;0710402;CONSULTA EM PSICOLOGIA - PEDIATRICA;;
;;0141002;CONSULTA EM PSIQUIATRIA - PEDIATRICA;;
;;0141004;CONSULTA EM PSIQUIATRIA - PEDIATRICA - RETORNO;;
;;0701421;CONSULTA EM REUMATOLOGIA - PEDIATRICA;;
;;0733009;CONSULTA EM REUMATOLOGIA - PEDIATRICA - RETORNO;;
;;1713021;ELETROCARDIOGRAMA - PEDIATRIA;;
;;1706000;GRUPO - DIAGNOSE EM NEUROLOGIA;;
;;;;1706001;ELETROENCEFALOGRAFIA EM VIGILIA C  OU S FOTO ESTIMULO
;;;;1706202;ELETROENCEFALOGRAMA EM VIGILIA E SONO ESPONTANEO C/ OU S/ FOTOESTIMULO (EEG)
;CAIC DR JOSE CONTENTE;;;;
;;0710402;CONSULTA EM PSICOLOGIA - PEDIATRICA;;
;;0485020;CONSULTA EM PSIQUIATRIA - TEA;;
;CAIC DR MOURA TAPAJOZ;;;;
;;0701240;CONSULTA EM CARDIOLOGIA - PEDIATRIA;;
;;0710402;CONSULTA EM PSICOLOGIA - PEDIATRICA;;
;;0739131;TELECONSULTA EM ALERGIA E IMUNOLOGIA GERAL;;
;;0739148;TELECONSULTA EM DERMATOLOGIA GERAL;;
;;0739142;TELECONSULTA EM ENDOCRINOLOGIA E METABOLOGIA PEDIATRICA;;
;;0739146;TELECONSULTA EM NEUROLOGIA PEDIATRICA;;
;;0739220;TELECONSULTA EM NUTRICAO GERAL;;
;;0739164;TELECONSULTA EM PEDIATRIA;;
;;0739226;TELECONSULTA EM PSICOLOGIA PEDIATRICA;;
;;0739227;TELECONSULTA EM PSICOLOGIA PEDIATRICA – RETORNO;;
;;0739168;TELECONSULTA EM PSIQUIATRIA PEDIATRICA;;
;CAIC DRA JOSEPHINA DE MELLO;;;;
;;0701245;CONSULTA EM ORTOPEDIA - PEDIATRIA;;
;;0701236;CONSULTA EM ENDOCRINOLOGIA - PEDIATRIA;;
;;0320091;CONSULTA EM ENDOCRINOLOGIA - PEDIATRIA - RETORNO;;
;;0701243;CONSULTA EM FONOAUDIOLOGIA - INFANTIL;;
;;0701216;CONSULTA EM GASTROENTEROLOGIA - PEDIATRIA;;
;;0701090;CONSULTA EM GASTROENTEROLOGIA - PEDIATRIA - RETORNO;;
;;0723049;CONSULTA EM INFECTOLOGIA ­ - PEDIATRIA;;
;;0701062;CONSULTA EM INFECTOLOGIA PEDIATRIA - RETORNO;;
;;0701300;CONSULTA EM NEUROLOGIA - PEDIATRIA;;
;;0701029;CONSULTA EM NEUROLOGIA PEDIATRIA - RETORNO;;
;;0701352;CONSULTA EM NUTROLOGIA INFANTIL;;
;;0701614;CONSULTA EM NUTROLOGIA INFANTIL - RETORNO;;
;;0320164;CONSULTA EM ORTOPEDIA - PEDIATRIA - RETORNO;;
;;0710402;CONSULTA EM PSICOLOGIA - PEDIATRICA;;
;;0141002;CONSULTA EM PSIQUIATRIA - PEDIATRICA;;
;;0141004;CONSULTA EM PSIQUIATRIA - PEDIATRICA - RETORNO;;
;;0212000;GRUPO - CONSULTA/ ATENDIMENTO/ ACOMPANHAMENTO (FONOAUDIOLOGIA);;
;;;;0212001;ATENDIMENTO/ACOMPANHAMENTO INTENSIVO DE PACIENTE EM REABILITACAO FISICA (1 TURNO PACIENTE-DIA - 15 A
;;;;0212002;ATIVIDADE EDUCATIVA / ORIENTACAO EM GRUPO NA ATENCAO ESPECIALIZADA
;;;;0212003;AVALIACAO DE LINGUAGEM ESCRITA / LEITURA
;;;;0212004;AVALIACAO DE LINGUAGEM ORAL
;;;;0212005;AVALIACAO MIOFUNCIONAL DE SISTEMA ESTOMATOGNATICO
;;;;0212006;AVALIACAO VOCAL
;;;;0212008;CONSULTA DE PROFISSIONAIS DE NIVEL SUPERIOR NA ATENCAO ESPECIALIZADA (EXCETO MEDICO)
;;;;0212009;TERAPIA EM GRUPO
;;;;0212010;TERAPIA INDIVIDUAL
;;0210000;GRUPO - CONSULTA/ ATENDIMENTO/ ACOMPANHAMENTO (PSICOLOGIA);;
;;;;0210065;ACOMPANHAMENTO DE PACIENTE EM REABILITACAO EM COMUNICACAO ALTERNATIVA
;;;;0210063;ACOMPANHAMENTO NEUROPSICOLOGICO DE PACIENTE EM REABILITACAO
;;;;0210067;ACOMPANHAMENTO PSICOPEDAGOGICO DE PACIENTE EM REABILITACAO
;;;;0210046;APLICACAO DE TESTE PARA PSICODIAGNOSTICO
;;;;0210004;ATENDIMENTO / ACOMPANHAMENTO DE PACIENTE EM REABILITACAO DO DESENVOLVIMENTO NEUROPSICOMOTOR
;;;;0210064;ATENDIMENTO / ACOMPANHAMENTO EM REABILITAÇÃO NAS MULTIPLAS DEFICIÊNCIAS
;;;;0210078;ATENDIMENTO EM OFICINA TERAPEUTICA II - SAUDE MENTAL
;;;;0210073;ATENDIMENTO EM OFICINA TERAPÊUTICA II PARA PORTADOR DE NECESSIDADES ESPECIAIS (POR OFICINA)
;;;;0210075;ATENDIMENTO EM PSICOTERAPIA DE GRUPO
;;;;0210022;ATENDIMENTO ESPECIALIZADO EM PSICOLOGIA - EQUOTERAPIA INTELEC.
;;;;0210023;ATENDIMENTO ESPECIALIZADO EM PSICOLOGIA - INTELECTUAL
;;;;0210021;ATENDIMENTO ESPECIALIZADO EM PSICOLOGIA (EQUOTERAPIA)
;;;;0210060;ATENDIMENTO INDIVIDUAL EM PSICOTERAPIA
;;;;0210005;ATENDIMENTO/ACOMPANHAMENTO INTENSIVO DE PACIENTE EM REABILITACAO FISICA (1 TURNO PACIENTE-DIA - 15 A
;;;;0210059;ATIVIDADE EDUCATIVA / ORIENTAÇÃO EM GRUPO NA ATENÇÃO ESPECIALIZADA
;;;;0210024;ATIVIDADE EDUCATIVA /GRUPO POS OPERATORIO - PSICOLOGIA
;;;;0210025;ATIVIDADE EDUCATIVA /GRUPO PRE OPERATORIO - PSICOLOGIA
;;;;0210002;COMPANHAMENTO NEUROPSICOLOGICO DE PACIENTE EM REABILITACAO
;;;;0210072;ESCUTA INICIAL / ORIENTAÇÃO (ACOLHIMENTO A DEMANDA ESPONT NEA)
;;;;0210074;ESTIMULAÇÃO PRECOCE PARA DESENVOLVIMENTO NEUROPSICOMOTOR
;;;;0210058;TERAPIA EM GRUPO
;;;;0210057;TERAPIA INDIVIDUAL
;CAIC DRA MARIA HELENA FREITAS DE GOES;;;;
;;0701245;CONSULTA EM ORTOPEDIA - PEDIATRIA;;
;;0701236;CONSULTA EM ENDOCRINOLOGIA - PEDIATRIA;;
;;0320091;CONSULTA EM ENDOCRINOLOGIA - PEDIATRIA - RETORNO;;
;;0701213;CONSULTA EM ENDOCRINOLOGIA E METABOLOGIA - GERAL;;
;;0701027;CONSULTA EM ENDOCRINOLOGIA E METABOLOGIA - RETORNO;;
;;0701224;CONSULTA EM NEUROLOGIA - GERAL;;
;;0701300;CONSULTA EM NEUROLOGIA - PEDIATRIA;;
;;0701030;CONSULTA EM NEUROLOGIA - RETORNO;;
;;0701029;CONSULTA EM NEUROLOGIA PEDIATRIA - RETORNO;;
;;0701352;CONSULTA EM NUTROLOGIA INFANTIL;;
;;0701614;CONSULTA EM NUTROLOGIA INFANTIL - RETORNO;;
;;0701226;CONSULTA EM ORTOPEDIA - GERAL;;
;;9270003;CONSULTA EM ORTOPEDIA - GERAL - RETORNO;;
;;0320164;CONSULTA EM ORTOPEDIA - PEDIATRIA - RETORNO;;
;;0710402;CONSULTA EM PSICOLOGIA - PEDIATRICA;;
;;0141002;CONSULTA EM PSIQUIATRIA - PEDIATRICA;;
;;0141004;CONSULTA EM PSIQUIATRIA - PEDIATRICA - RETORNO;;
;;1713021;ELETROCARDIOGRAMA - PEDIATRIA;;
;;1706000;GRUPO - DIAGNOSE EM NEUROLOGIA;;
;;;;1706616;ELETROENCEFALOGRAMA EM SONO INDUZIDO C/ OU S/ MEDICAMENTO (EEG)
;;;;1706202;ELETROENCEFALOGRAMA EM VIGILIA E SONO ESPONTANEO C/ OU S/ FOTOESTIMULO (EEG)
;;0739131;TELECONSULTA EM ALERGIA E IMUNOLOGIA GERAL;;
;;0739148;TELECONSULTA EM DERMATOLOGIA GERAL;;
;;0739142;TELECONSULTA EM ENDOCRINOLOGIA E METABOLOGIA PEDIATRICA;;
;;0739144;TELECONSULTA EM NEUROLOGIA GERAL;;
;;0739146;TELECONSULTA EM NEUROLOGIA PEDIATRICA;;
;;0739147;TELECONSULTA EM NEUROLOGIA PEDIATRICA - RETORNO;;
;;0739220;TELECONSULTA EM NUTRICAO GERAL;;
;;0739182;TELECONSULTA EM ORTOPEDIA GERAL;;
;;0739226;TELECONSULTA EM PSICOLOGIA PEDIATRICA;;
;;0739227;TELECONSULTA EM PSICOLOGIA PEDIATRICA – RETORNO;;
;;0739168;TELECONSULTA EM PSIQUIATRIA PEDIATRICA;;
;;0739212;TELECONSULTA EM UROLOGIA GERAL;;
;CAIC EDSON MELO;;;;
;;0710402;CONSULTA EM PSICOLOGIA - PEDIATRICA;;
;CAIC GILSON MOREIRA;;;;
;;0710402;CONSULTA EM PSICOLOGIA - PEDIATRICA;;
;;0485020;CONSULTA EM PSIQUIATRIA - TEA;;
;CAIC JOSE CARLOS MESTRINHO;;;;
;;0710402;CONSULTA EM PSICOLOGIA - PEDIATRICA;;
;;0739131;TELECONSULTA EM ALERGIA E IMUNOLOGIA GERAL;;
;;0739148;TELECONSULTA EM DERMATOLOGIA GERAL;;
;;0739140;TELECONSULTA EM ENDOCRINOLOGIA E METABOLOGIA GERAL;;
;;0739142;TELECONSULTA EM ENDOCRINOLOGIA E METABOLOGIA PEDIATRICA;;
;;0739144;TELECONSULTA EM NEUROLOGIA GERAL;;
;;0739146;TELECONSULTA EM NEUROLOGIA PEDIATRICA;;
;;0739147;TELECONSULTA EM NEUROLOGIA PEDIATRICA - RETORNO;;
;;0739220;TELECONSULTA EM NUTRICAO GERAL;;
;;0739226;TELECONSULTA EM PSICOLOGIA PEDIATRICA;;
;;0739227;TELECONSULTA EM PSICOLOGIA PEDIATRICA – RETORNO;;
;;0739168;TELECONSULTA EM PSIQUIATRIA PEDIATRICA;;
;;0739169;TELECONSULTA EM PSIQUIATRIA PEDIATRICA - RETORNO;;
;;0739212;TELECONSULTA EM UROLOGIA GERAL;;
;CAIMI ADA RODRIGUES VIANA;;;;
;;0701438;CONSULTA EM CARDIOLOGIA - ACIMA DE 60 ANOS;;
;;0710459;CONSULTA EM CARDIOLOGIA - ACIMA DE 60 ANOS - RETORNO;;
;;0701205;CONSULTA EM CARDIOLOGIA - GERAL;;
;;0701380;CONSULTA EM CARDIOLOGIA - RETORNO;;
;;0701429;CONSULTA EM DERMATOLOGIA - ACIMA DE 60 ANOS;;
;;0701428;CONSULTA EM FISIOTERAPIA - ACIMA DE 60 ANOS;;
;;0702999;CONSULTA EM FONOAUDIOLOGIA;;
;;0169003;CONSULTA EM FONOAUDIOLOGIA > 60 ANOS;;
;;0701430;CONSULTA EM GASTROENTEROLOGIA - ACIMA DE 60 ANOS;;
;;0701261;CONSULTA EM GERIATRIA - GERAL;;
;;0320095;CONSULTA EM GERIATRIA - RETORNO;;
;;0701433;CONSULTA EM NEUROLOGIA - ACIMA DE 60 ANOS;;
;;0701244;CONSULTA EM NUTRICAO;;
;;0701365;CONSULTA EM NUTRICAO - RETORNO;;
;;0757022;CONSULTA EM NUTRICAO > 60 ANOS;;
;;0757023;CONSULTA EM NUTRICAO > 60 ANOS - RETORNO;;
;;0701431;CONSULTA EM OFTALMOLOGIA - ACIMA DE 60 ANOS;;
;;0701427;CONSULTA EM ORTOPEDIA - ACIMA DE 60 ANOS;;
;;0701226;CONSULTA EM ORTOPEDIA - GERAL;;
;;0701434;CONSULTA EM PNEUMOLOGIA - ACIMA DE 60 ANOS;;
;;0710001;CONSULTA EM PSICOLOGIA;;
;;0168004;CONSULTA EM PSICOLOGIA > 60 ANOS;;
;;0167041;CONSULTA EM PSICOLOGIA > 60 ANOS - RETORNO;;
;;0701432;CONSULTA EM UROLOGIA - ACIMA DE 60 ANOS;;
;;1703101;ELETROCARDIOGRAMA;;
;;0168000;GRUPO - ATENDIMENTO EM PSICOLOGIA;;
;;0212000;GRUPO - CONSULTA/ ATENDIMENTO/ ACOMPANHAMENTO (FONOAUDIOLOGIA);;
;;;;0212013;CONSULTA EM FONOAUDIOLOGIA -  REABILITACAO ADULTO
;;;;0212010;TERAPIA INDIVIDUAL
;;0210000;GRUPO - CONSULTA/ ATENDIMENTO/ ACOMPANHAMENTO (PSICOLOGIA);;
;;;;0210035;CONSULTA EM PSICOLOGIA - IDOSO
;;;;0210049;CONSULTA EM PSICOLOGIA - REABILITACAO
;;;;0210053;CONSULTA EM PSICOLOGIA - TABAGISMO
;;;;0210011;CONSULTA EM PSICOLOGIA - TABAGISMO - RETORNO
;;;;0210042;CONSULTA EM PSICOLOGIA POR SESSAO
;;;;0210014;CONSULTA ESPECIALIZADA EM PSICOLOGIA - RETORNO
;;;;0210057;TERAPIA INDIVIDUAL
;;;;0210017;TERAPIA INDIVIDUAL - PSICOLOGIA
;;;;0210018;TRIAGEM - CONSULTA EM PSICOLOGIA
;;;;0210019;TRIAGEM CONSULTA PSICOLOGIA
;;1801000;GRUPO - FISIOTERAPIA (POR SESSAO);;
;;;;1801021;ATENDIMENTO FISIOTERAPÊUTICO EM PAC.C/DISTÚRBIOS NEURO-CINÉTICO-FUNCIONAIS S/COMPLICAÇÕES SISTÊMICAS
;;;;1801020;ATENDIMENTO FISIOTERAPEUTICO EM PACIENTE C/ DISTURBIOS NEURO-CINETICO-FUNCIONAIS S/ COMPLICACOES SIS
;;;;1801017;ATENDIMENTO FISIOTERAPEUTICO EM PACIENTE C/ TRANSTORNO RESPIRATORIO C/ COMPLICACOES SISTEMICAS
;;;;1801018;ATENDIMENTO FISIOTERAPEUTICO EM PACIENTE C/ TRANSTORNO RESPIRATORIO S/ COMPLICACOES SISTEMICAS
;;;;1801016;ATENDIMENTO FISIOTERAPEUTICO EM PACIENTES NO PRE E POS-OPERATORIO NAS DISFUNCOES MUSCULO ESQUELETICA
;;;;1801019;ATENDIMENTO FISIOTERAPEUTICO NAS ALTERACOES MOTORAS
;;0739131;TELECONSULTA EM ALERGIA E IMUNOLOGIA GERAL;;
;;0739135;TELECONSULTA EM CARDIOLOGIA GERAL;;
;;0739136;TELECONSULTA EM CARDIOLOGIA GERAL - RETORNO;;
;;0739140;TELECONSULTA EM ENDOCRINOLOGIA E METABOLOGIA GERAL;;
;;0739152;TELECONSULTA EM GASTROENTEROLOGIA GERAL;;
;;0739216;TELECONSULTA EM GERIATRIA;;
;;0739144;TELECONSULTA EM NEUROLOGIA GERAL;;
;;0739145;TELECONSULTA EM NEUROLOGIA GERAL - RETORNO;;
;;0739220;TELECONSULTA EM NUTRICAO GERAL;;
;;0739182;TELECONSULTA EM ORTOPEDIA GERAL;;
;;0739183;TELECONSULTA EM ORTOPEDIA GERAL - RETORNO;;
;;0739166;TELECONSULTA EM PSIQUIATRIA GERAL;;
;;0739212;TELECONSULTA EM UROLOGIA GERAL;;
;CAIMI ANDRE ARAUJO;;;;
;;0701438;CONSULTA EM CARDIOLOGIA - ACIMA DE 60 ANOS;;
;;0701213;CONSULTA EM ENDOCRINOLOGIA E METABOLOGIA - GERAL;;
;;0701428;CONSULTA EM FISIOTERAPIA - ACIMA DE 60 ANOS;;
;;0169003;CONSULTA EM FONOAUDIOLOGIA > 60 ANOS;;
;;0701430;CONSULTA EM GASTROENTEROLOGIA - ACIMA DE 60 ANOS;;
;;0701261;CONSULTA EM GERIATRIA - GERAL;;
;;0320095;CONSULTA EM GERIATRIA - RETORNO;;
;;0701433;CONSULTA EM NEUROLOGIA - ACIMA DE 60 ANOS;;
;;0757022;CONSULTA EM NUTRICAO > 60 ANOS;;
;;0701431;CONSULTA EM OFTALMOLOGIA - ACIMA DE 60 ANOS;;
;;0701814;CONSULTA EM OFTALMOLOGIA - AVALIACAO CIRURGICA;;
;;0701225;CONSULTA EM OFTALMOLOGIA - GERAL;;
;;0701427;CONSULTA EM ORTOPEDIA - ACIMA DE 60 ANOS;;
;;0701806;CONSULTA EM OTORRINOLARINGOLOGIA - ACIMA DE 60 ANOS;;
;;0710001;CONSULTA EM PSICOLOGIA;;
;;0168004;CONSULTA EM PSICOLOGIA > 60 ANOS;;
;;0701903;CONSULTA EM SERVICO SOCIAL;;
;;1703101;ELETROCARDIOGRAMA;;
;;1801000;GRUPO - FISIOTERAPIA (POR SESSAO);;
;;;;1801021;ATENDIMENTO FISIOTERAPÊUTICO EM PAC.C/DISTÚRBIOS NEURO-CINÉTICO-FUNCIONAIS S/COMPLICAÇÕES SISTÊMICAS
;;;;1801022;ATENDIMENTO FISIOTERAPEUTICO EM PACIENTE C/ COMPROMETIMENTO COGNITIVO
;;;;1801020;ATENDIMENTO FISIOTERAPEUTICO EM PACIENTE C/ DISTURBIOS NEURO-CINETICO-FUNCIONAIS S/ COMPLICACOES SIS
;;;;1801017;ATENDIMENTO FISIOTERAPEUTICO EM PACIENTE C/ TRANSTORNO RESPIRATORIO C/ COMPLICACOES SISTEMICAS
;;;;1801018;ATENDIMENTO FISIOTERAPEUTICO EM PACIENTE C/ TRANSTORNO RESPIRATORIO S/ COMPLICACOES SISTEMICAS
;;;;1801016;ATENDIMENTO FISIOTERAPEUTICO EM PACIENTES NO PRE E POS-OPERATORIO NAS DISFUNCOES MUSCULO ESQUELETICA
;;;;1801019;ATENDIMENTO FISIOTERAPEUTICO NAS ALTERACOES MOTORAS
;;1707000;GRUPO - OFTALMOLOGIA;;
;CAIMI DR PAULO LIMA;;;;
;;0701438;CONSULTA EM CARDIOLOGIA - ACIMA DE 60 ANOS;;
;;0701205;CONSULTA EM CARDIOLOGIA - GERAL;;
;;0701380;CONSULTA EM CARDIOLOGIA - RETORNO;;
;;0703646;CONSULTA EM CIRURGIA CABECA E PESCOCO - ACIMA DE 60 ANOS;;
;;0701435;CONSULTA EM ENDOCRINOLOGIA - ACIMA DE 60 ANOS;;
;;0701213;CONSULTA EM ENDOCRINOLOGIA E METABOLOGIA - GERAL;;
;;0701428;CONSULTA EM FISIOTERAPIA - ACIMA DE 60 ANOS;;
;;0169003;CONSULTA EM FONOAUDIOLOGIA > 60 ANOS;;
;;0701430;CONSULTA EM GASTROENTEROLOGIA - ACIMA DE 60 ANOS;;
;;0701261;CONSULTA EM GERIATRIA - GERAL;;
;;0320095;CONSULTA EM GERIATRIA - RETORNO;;
;;0757022;CONSULTA EM NUTRICAO > 60 ANOS;;
;;0701431;CONSULTA EM OFTALMOLOGIA - ACIMA DE 60 ANOS;;
;;0701225;CONSULTA EM OFTALMOLOGIA - GERAL;;
;;0701427;CONSULTA EM ORTOPEDIA - ACIMA DE 60 ANOS;;
;;0701226;CONSULTA EM ORTOPEDIA - GERAL;;
;;0168004;CONSULTA EM PSICOLOGIA > 60 ANOS;;
;;0701432;CONSULTA EM UROLOGIA - ACIMA DE 60 ANOS;;
;;1703101;ELETROCARDIOGRAMA;;
;;0212000;GRUPO - CONSULTA/ ATENDIMENTO/ ACOMPANHAMENTO (FONOAUDIOLOGIA);;
;;;;0212013;CONSULTA EM FONOAUDIOLOGIA -  REABILITACAO ADULTO
;;;;0212010;TERAPIA INDIVIDUAL
;;0210000;GRUPO - CONSULTA/ ATENDIMENTO/ ACOMPANHAMENTO (PSICOLOGIA);;
;;;;0210035;CONSULTA EM PSICOLOGIA - IDOSO
;;;;0210049;CONSULTA EM PSICOLOGIA - REABILITACAO
;;;;0210053;CONSULTA EM PSICOLOGIA - TABAGISMO
;;;;0210011;CONSULTA EM PSICOLOGIA - TABAGISMO - RETORNO
;;;;0210042;CONSULTA EM PSICOLOGIA POR SESSAO
;;;;0210014;CONSULTA ESPECIALIZADA EM PSICOLOGIA - RETORNO
;;;;0210057;TERAPIA INDIVIDUAL
;;;;0210017;TERAPIA INDIVIDUAL - PSICOLOGIA
;;;;0210018;TRIAGEM - CONSULTA EM PSICOLOGIA
;;;;0210019;TRIAGEM CONSULTA PSICOLOGIA
;;1801000;GRUPO - FISIOTERAPIA (POR SESSAO);;
;;;;1801010;ASSISTENCIA RESPIRATORIA  PRE/POS OPERATORIO COM OU SEM USO
;;;;1801020;ATENDIMENTO FISIOTERAPEUTICO EM PACIENTE C/ DISTURBIOS NEURO-CINETICO-FUNCIONAIS S/ COMPLICACOES SIS
;;;;1801017;ATENDIMENTO FISIOTERAPEUTICO EM PACIENTE C/ TRANSTORNO RESPIRATORIO C/ COMPLICACOES SISTEMICAS
;;;;1801018;ATENDIMENTO FISIOTERAPEUTICO EM PACIENTE C/ TRANSTORNO RESPIRATORIO S/ COMPLICACOES SISTEMICAS
;;;;1801030;ATENDIMENTO FISIOTERAPEUTICO EM PACIENTE COM TRANSTORNO CLINICO CARDIOVASCULAR
;;;;1801031;ATENDIMENTO FISIOTERAPEUTICO EM PACIENTE PRE/POS CIRURGIA CARDIOVASCULAR
;;;;1801032;ATENDIMENTO FISIOTERAPEUTICO EM PACIENTES C/ DISTURBIOS NEURO-CINETICO-FUNCIONAIS C/COMPLICACOES SIS
;;;;1801016;ATENDIMENTO FISIOTERAPEUTICO EM PACIENTES NO PRE E POS-OPERATORIO NAS DISFUNCOES MUSCULO ESQUELETICA
;;;;1801019;ATENDIMENTO FISIOTERAPEUTICO NAS ALTERACOES MOTORAS
;;;;1801110;ATENDIMENTO FISIOTERAPEUTICO NAS DISFUNCOES VASCULARES PERIFERICAS
;;1707000;GRUPO - OFTALMOLOGIA;;
;;1301000;GRUPO - RADIODIAGNOSTICO;;
;;0739135;TELECONSULTA EM CARDIOLOGIA GERAL;;
;;0739148;TELECONSULTA EM DERMATOLOGIA GERAL;;
;;0739140;TELECONSULTA EM ENDOCRINOLOGIA E METABOLOGIA GERAL;;
;;0739152;TELECONSULTA EM GASTROENTEROLOGIA GERAL;;
;;0739216;TELECONSULTA EM GERIATRIA;;
;;0739144;TELECONSULTA EM NEUROLOGIA GERAL;;
;;0739220;TELECONSULTA EM NUTRICAO GERAL;;
;;0739182;TELECONSULTA EM ORTOPEDIA GERAL;;
;;0739212;TELECONSULTA EM UROLOGIA GERAL;;
;CARING NEFRO;;;;
;;0766279;CONSULTA EM NEFROLOGIA - TERAPIA RENAL SUBSTITUTIVA;;
;CARRETA SES AM 02;;;;
;;1401000;GRUPO - EXAMES ULTRA-SONOGRAFICOS;;
;;;;1401405;ULTRA-SONOGRAFIA  DO APARELHO URINARIO (RINS, BEXIGA)
;;;;1401999;ULTRA-SONOGRAFIA DE ABDOMEN SUPERIOR
;;;;1401998;ULTRA-SONOGRAFIA DE ABDOMEN TOTAL
;;;;1401977;ULTRA-SONOGRAFIA DE MAMAS (BILATERAL)
;;;;1401997;ULTRA-SONOGRAFIA DE PROSTATA (VIA ABDOMINAL)
;;;;1401980;ULTRA-SONOGRAFIA DE TIREOIDE
;;;;1401201;ULTRA-SONOGRAFIA OBSTETRICA
;;;;1401101;ULTRA-SONOGRAFIA PELVICA (GINECOLOGICA)
;;;;1401202;ULTRA-SONOGRAFIA TRANSVAGINAL
;;xxxxxxx;GRUPO - EXAMES ULTRA-SONOGRAFICOS - AGENDA LOCAL;;
;;1305000;GRUPO - MAMOGRAFIA;;
;CARRETA SES AM 03;;;;
;;0701224;CONSULTA EM NEUROLOGIA - GERAL;;
;;0701233;CONSULTA EM UROLOGIA - GERAL;;
;;1401000;GRUPO - EXAMES ULTRA-SONOGRAFICOS;;
;;;;1401405;ULTRA-SONOGRAFIA  DO APARELHO URINARIO (RINS, BEXIGA)
;;;;1401999;ULTRA-SONOGRAFIA DE ABDOMEN SUPERIOR
;;;;1401998;ULTRA-SONOGRAFIA DE ABDOMEN TOTAL
;;;;1401977;ULTRA-SONOGRAFIA DE MAMAS (BILATERAL)
;;;;1401997;ULTRA-SONOGRAFIA DE PROSTATA (VIA ABDOMINAL)
;;;;1401980;ULTRA-SONOGRAFIA DE TIREOIDE
;;;;1401201;ULTRA-SONOGRAFIA OBSTETRICA
;;;;1401101;ULTRA-SONOGRAFIA PELVICA (GINECOLOGICA)
;;;;1401202;ULTRA-SONOGRAFIA TRANSVAGINAL
;;1305000;GRUPO - MAMOGRAFIA;;
;;;;1305001;MAMOGRAFIA BILATERAL PARA RASTREAMENTO (ROTINA)
;;;;1305002;MAMOGRAFIA UNILATERAL MAMA D (DIAGNOSTICO)
;;;;1305003;MAMOGRAFIA UNILATERAL MAMA E (DIAGNOSTICO)
;CDR;;;;
;;0766279;CONSULTA EM NEFROLOGIA - TERAPIA RENAL SUBSTITUTIVA;;
;CEDOA;;;;
;;0818231;ACOMPANHAMENTO DE PACIENTE POS-TRANSPLANTE DE CORNEA;;
;;0701431;CONSULTA EM OFTALMOLOGIA - ACIMA DE 60 ANOS;;
;;0701814;CONSULTA EM OFTALMOLOGIA - AVALIACAO CIRURGICA;;
;;0703859;CONSULTA EM OFTALMOLOGIA - CATARATA - MUTIRAO;;
;;0701225;CONSULTA EM OFTALMOLOGIA - GERAL;;
;;2018324;CONSULTA EM OFTALMOLOGIA - GERAL RETORNO;;
;;0703283;CONSULTA EM OFTALMOLOGIA - GLAUCOMA - RETORNO;;
;;0118091;CONSULTA EM OFTALMOLOGIA - POS OPERATORIO;;
;;0701957;CONSULTA EM OFTALMOLOGIA - RETINA GERAL;;
;;0037014;CONSULTA EM OFTALMOLOGIA- ACIMA DE 60 ANOS- RETORNO;;
;;0742011;CONSULTA EM OFTALMOLOGIA CATARATA;;
;;0031125;EXERCICIOS ORTOPTICOS;;
;;0814000;GRUPO - CIRURGIA AMB EM APARELHO VISUAL;;
;;0743000;GRUPO - CIRURGIA DE CATARATA;;
;;;;0743011;FACOEMULSIFICACAO C/IMPL LENTE INTRA OCULAR DOBRAVEL- OE
;;;;0743010;FACOEMULSIFICACAO C/IMPL LENTE INTRA OCULAR DOBRAVEL-OD
;;;;0743039;FACOEMULSIFICACAO COM IMPLANTE DE LENTE INTRA - OCULAR RIGIDA - OLHO DIREITO
;;;;0743040;FACOEMULSIFICACAO COM IMPLANTE DE LENTE INTRA - OCULAR RIGIDA - OLHO ESQUERDO
;;1428000;GRUPO - DIAGNOSTICO POR ULTRASSONOGRAFIA - OFTALMOLOGIA;;
;;;;1428005;PAQUIMETRIA ULTRASSÔNICA  - OLHO DIREITO
;;;;1428006;PAQUIMETRIA ULTRASSÔNICA - OLHO ESQUERDO
;;;;1428004;ULTRASSONOGRAFIA DE GLOBO OCULAR / ORBITA  - OLHO ESQUERDO
;;;;1428003;ULTRASSONOGRAFIA DE GLOBO OCULAR / ORBITA - OLHO DIREITO
;;1707000;GRUPO - OFTALMOLOGIA;;
;;;;1707010;BIOMETRIA ULTRASSONICA - OLHO DIREITO
;;;;1707011;BIOMETRIA ULTRASSONICA - OLHO ESQUERDO
;;;;1707409;BIOMICROSCOPIA DE FUNDO DE OLHO
;;;;1707159;CERATOMETRIA
;;;;1707473;ELETROOCULOGRAFIA
;;;;1707071;ELETRORETINOGRAFIA - OLHO DIREITO
;;;;1707072;ELETRORETINOGRAFIA - OLHO ESQUERDO
;;;;1707115;ESTESIOMETRIA
;;;;1707103;FUNDOSCOPIA
;;;;1707434;MAPEAMENTO DE RETINA COM GRAFICO - OLHO DIREITO
;;;;1707435;MAPEAMENTO DE RETINA COM GRAFICO - OLHO ESQUERDO
;;;;1707013;MEDIDA DE OFUSCAMENTO E CONTRASTE
;;;;1707465;MICROSCOPIA ESPECULAR DE CORNEA - OD
;;;;1707466;MICROSCOPIA ESPECULAR DE CORNEA - OE
;;;;1707101;POTENCIAL DE ACUIDADE VISUAL
;;;;1707166;POTENCIAL EVOCADO
;;;;1707005;RETINOGRAFIA COLORIDA BINOCULAR
;;;;1707107;TESTE DE SCHIRMER
;;;;1707108;TESTE DE VISAO DE CORES
;;;;1707302;TESTE ORTOPTICO
;;;;1707174;TESTE PARA ADAPTACAO DE LENTE DE CONTATO
;;;;1707102;TONOMETRIA
;;;;1707467;TOPOGRAFIA COMPUTADORIZADA DE CORNEA - OD
;;;;1707468;TOPOGRAFIA COMPUTADORIZADA DE CORNEA - OE
;;0461000;GRUPO - OFTALMOLOGIA - CATARATA;;
;;;;0461005;BIOMETRIA ULTRASSONICA - OLHO DIREITO
;;;;0461006;BIOMETRIA ULTRASSONICA - OLHO ESQUERDO
;;;;0461007;CERATOMETRIA - OLHO DIREITO
;;;;0461008;CERATOMETRIA - OLHO ESQUERDO
;;;;0461017;CONSULTA EM OFTALMOLOGIA - CIRURGIA DE CATARATA
;;;;0461009;MAPEAMENTO DE RETINA COM GRAFICO - OLHO DIREITO
;;;;0461010;MAPEAMENTO DE RETINA COM GRAFICO - OLHO ESQUERDO
;;;;0461011;MICROSCOPIA ESPECULAR DE CORNEA – OD
;;;;0461012;MICROSCOPIA ESPECULAR DE CORNEA – OE
;;;;0461003;PAQUIMETRIA ULTRASSÔNICA - OLHO DIREITO
;;;;0461004;PAQUIMETRIA ULTRASSÔNICA - OLHO ESQUERDO
;;;;0461013;TONOMETRIA - OLHO DIREITO
;;;;0461014;TONOMETRIA - OLHO ESQUERDO
;;;;0461015;TOPOGRAFIA COMPUTADORIZADA DE CORNEA – OD
;;;;0461016;TOPOGRAFIA COMPUTADORIZADA DE CORNEA – OE
;;;;0461001;ULTRASSONOGRAFIA DE GLOBO OCULAR / ORBITA - OLHO DIREITO
;;;;0461002;ULTRASSONOGRAFIA DE GLOBO OCULAR / ORBITA - OLHO ESQUERDO
;;0462000;GRUPO - OFTALMOLOGIA - GLAUCOMA;;
;;;;0462005;CURVA DIARIA DE PRESSAO OCULAR CDPO (MINIMO 3 MEDIDAS) - OLHO DIREITO
;;;;0462006;CURVA DIARIA DE PRESSAO OCULAR CDPO (MINIMO 3 MEDIDAS) - OLHO ESQUERDO
;;;;0462007;FUNDOSCOPIA - OLHO DIREITO
;;;;0462008;FUNDOSCOPIA - OLHO ESQUERDO
;;;;0462009;GONIOSCOPIA - OLHO DIREITO
;;;;0462010;GONIOSCOPIA - OLHO ESQUERDO
;;;;0462011;MAPEAMENTO DE RETINA COM GRAFICO - OLHO DIREITO
;;;;0462012;MAPEAMENTO DE RETINA COM GRAFICO - OLHO ESQUERDO
;;;;0462001;PAQUIMETRIA ULTRASSÔNICA - OLHO DIREITO
;;;;0462002;PAQUIMETRIA ULTRASSÔNICA - OLHO ESQUERDO
;;;;0462015;RETINOGRAFIA COLORIDA BINOCULAR
;;;;0462013;TONOMETRIA - OLHO DIREITO
;;;;0462014;TONOMETRIA - OLHO ESQUERDO
;;0238000;GRUPO - OFTALMOLOGIA - INJECAO INTRA-VITREO;;
;;0145000;GRUPO - OFTALMOLOGIA (APAC);;
;;;;0145065;CAPSULECTOMIA POSTERIOR CIRURGICA  - OLHO DIREITO
;;;;0145066;CAPSULECTOMIA POSTERIOR CIRURGICA - OLHO ESQUERDO
;;;;0145007;CAPSULOTOMIA A YAG LASER - OD
;;;;0145008;CAPSULOTOMIA A YAG LASER - OE
;;;;0145009;EVISCERACAO DO GLOBO OCULAR - OD
;;;;0145010;EVISCERACAO DO GLOBO OCULAR - OE
;;;;0145024;EXERESE DE CALAZIO E OUTRAS PEQUENAS LESOES DA PALPEBRA E SUPERCILIOS - OLHO DIREITO
;;;;0145035;EXERESE DE CALAZIO E OUTRAS PEQUENAS LESOES DA PALPEBRA E SUPERCILIOS - OLHO ESQUERDO
;;;;0145025;EXPLANTE DE LENTE INTRA OCULAR - OLHO DIREITO
;;;;0145036;EXPLANTE DE LENTE INTRA OCULAR - OLHO ESQUERDO
;;;;0145001;FACECTOMIA C/ IMPLANTE DE LENTE INTRA-OCULAR - OD
;;;;0145002;FACECTOMIA C/ IMPLANTE DE LENTE INTRA-OCULAR - OE
;;;;0145017;FACECTOMIA S/ IMPLANTE DE LENTE INTRA-OCULAR - OD
;;;;0145018;FACECTOMIA S/ IMPLANTE DE LENTE INTRA-OCULAR - OE
;;;;0145071;IMPLANTE INTRA-ESTROMAL - OLHO DIREITO
;;;;0145072;IMPLANTE INTRA-ESTROMAL - OLHO ESQUERDO
;;;;0145020;IMPLANTE SECUNDARIO DE LENTE INTRA-OCULAR - LIO - OLHO DIREITO
;;;;0145032;IMPLANTE SECUNDARIO DE LENTE INTRA-OCULAR - LIO - OLHO ESQUERDO
;;;;0145028;RECOBRIMENTO CONJUNTIVAL - OLHO DIREITO
;;;;0145039;RECOBRIMENTO CONJUNTIVAL - OLHO ESQUERDO
;;;;0145029;RECONSTITUICAO DE FORNIX CONJUNTIVAL - OLHO DIREITO
;;;;0145040;RECONSTITUICAO DE FORNIX CONJUNTIVAL - OLHO ESQUERDO
;;;;0145027;REPOSICIONAMENTO DE LENTE INTRAOCULAR - OLHO DIREITO
;;;;0145033;REPOSICIONAMENTO DE LENTE INTRAOCULAR - OLHO ESQUERDO
;;;;0145015;VITRECTOMIA ANTERIOR - OD
;;;;0145016;VITRECTOMIA ANTERIOR - OE
;;0818000;GRUPO - PROCEDIMENTOS AMBULATORIAIS EM OFTALMOLOGIA;;
;;0823000;GRUPO - PUNCAO / BIOPSIA;;
;;;;0823010;BIOPSIA DA CORNEA
;;;;0823008;BIOPSIA DE CONJUNTIVA
;;;;0823017;BIOPSIA DE ESCLERA
;;;;0823023;BIOPSIA DE IRIS, CORPO CILIAR, RETINA, COROIDE E VITREO
;;;;0823034;BIOPSIA DE PALPEBRA
;;1903000;GRUPO - TERAPIA ESPECIALIZADA EM OFTALMOLOGIA;;
;;0385000;GRUPO OFTALMOLOGIA - TRANSPLANTE;;
;;1703007;RETINOGRAFIA COLORIDA BINOCULAR;;
;;1712012;RETINOGRAFIA FLUORESCENTE;;
;;1720013;TOMOGRAFIA DE COERÊNCIA ÓPTICA;;
;CEDOF;;;;
;;0701227;CONSULTA EM OTORRINOLARINGOLOGIA - GERAL;;
;;0709001;CONSULTA EM OTORRINOLARINGOLOGIA - PEDIATRICA;;
;;0709015;CONSULTA EM OTORRINOLARINGOLOGIA - PEDIATRICA - RETORNO;;
;;0320173;CONSULTA EM OTORRINOLARINGOLOGIA - RETORNO;;
;;1711110;EXAME DE VIDEOLARINGOSCOPIA(COM EQUIPAMENTO);;
;;1708000;GRUPO - DIAGNOSE EM OTORRINOLARINGOLOGIA;;
;;1711109;LARINGOSCOPIA DIRETA;;
;;0060055;TESTES VESTIBULARES / OTONEUROLOGICOS;;
;CEMED;;;;
;;1313001;DENSITOMETRIA OSSEA - RADIODIAGNOSTICO;;
;;3513000;GRUPO - DIAGNOSTICO POR TOMOGRAFIA (SEDACAO);;
;;;;3513023;TOMOGRAFIA COMPUTADORIZADA DE ABDOMEN (AD C/ SED)
;;;;3513024;TOMOGRAFIA COMPUTADORIZADA DE ABDOMEN (INF C/ SED)
;;;;3513025;TOMOGRAFIA COMPUTADORIZADA DE ARTICULACOES DE MEMBRO INFERIOR (AD C/ SED)
;;;;3513026;TOMOGRAFIA COMPUTADORIZADA DE ARTICULACOES DE MEMBRO INFERIOR (INF C/ SED)
;;;;3513017;TOMOGRAFIA COMPUTADORIZADA DE ARTICULACOES DE MEMBRO SUPERIOR (AD C/ SED)
;;;;3513018;TOMOGRAFIA COMPUTADORIZADA DE ARTICULACOES DE MEMBRO SUPERIOR (INF C/ SED)
;;;;3513001;TOMOGRAFIA COMPUTADORIZADA DE COLUNA CERVICAL C/ OU S/ CONTRASTE (AD C/ SED)
;;;;3513002;TOMOGRAFIA COMPUTADORIZADA DE COLUNA CERVICAL C/ OU S/ CONTRASTE (INF C/ SED)
;;;;3513003;TOMOGRAFIA COMPUTADORIZADA DE COLUNA LOMBO-SACRA C/ OU S/ CONTRASTE (AD C/ SED)
;;;;3513004;TOMOGRAFIA COMPUTADORIZADA DE COLUNA LOMBO-SACRA C/ OU S/ CONTRASTE (INF C/ SED)
;;;;3513005;TOMOGRAFIA COMPUTADORIZADA DE COLUNA TORACICA C/ OU S/ CONTRASTE (AD C/ SED)
;;;;3513006;TOMOGRAFIA COMPUTADORIZADA DE COLUNA TORACICA C/ OU S/ CONTRASTE (INF C/ SED)
;;;;3513013;TOMOGRAFIA COMPUTADORIZADA DE CRANIO (AD C/ SED)
;;;;3513014;TOMOGRAFIA COMPUTADORIZADA DE CRANIO (INF C/ SED)
;;;;3513007;TOMOGRAFIA COMPUTADORIZADA DE FACE / SEIOS DA FACE / ARTICULACOES TEMPORO-MANDIBULARES (AD C/ SED)
;;;;3513008;TOMOGRAFIA COMPUTADORIZADA DE FACE / SEIOS DA FACE / ARTICULACOES TEMPORO-MANDIBULARES (INF C/ SED)
;;;;3513027;TOMOGRAFIA COMPUTADORIZADA DE PELVE / BACIA (AD C/ SED)
;;;;3513028;TOMOGRAFIA COMPUTADORIZADA DE PELVE / BACIA (INF C/ SED)
;;;;3513009;TOMOGRAFIA COMPUTADORIZADA DE PESCOCO (AD C/ SED)
;;;;3513010;TOMOGRAFIA COMPUTADORIZADA DE PESCOCO (INF C/ SED)
;;;;3513019;TOMOGRAFIA COMPUTADORIZADA DE SEGMENTOS APENDICULARES (AD C/ SED)
;;;;3513020;TOMOGRAFIA COMPUTADORIZADA DE SEGMENTOS APENDICULARES (INF C/ SED)
;;;;3513011;TOMOGRAFIA COMPUTADORIZADA DE SELA TURCICA (AD C/ SED)
;;;;3513012;TOMOGRAFIA COMPUTADORIZADA DE SELA TURCICA (INF C/ SED)
;;;;3513021;TOMOGRAFIA COMPUTADORIZADA DE TORAX (AD C/ SED)
;;;;3513022;TOMOGRAFIA COMPUTADORIZADA DE TORAX (INF C/ SED)
;;;;3513015;TOMOMIELOGRAFIA COMPUTADORIZADA (AD C/ SED)
;;;;3513016;TOMOMIELOGRAFIA COMPUTADORIZADA (INF C/ SED)
;;1305000;GRUPO - MAMOGRAFIA;;
;;;;1305001;MAMOGRAFIA BILATERAL PARA RASTREAMENTO (ROTINA)
;;;;1305002;MAMOGRAFIA UNILATERAL MAMA D (DIAGNOSTICO)
;;;;1305003;MAMOGRAFIA UNILATERAL MAMA E (DIAGNOSTICO)
;;3100000;GRUPO - RESSONANCIA MAGNETICA;;
;;;;3100021;ANGIORESSONANCIA CEREBRAL
;;;;3100014;RESSONANCIA MAGNETICA DE ABDOMEN SUPERIOR
;;;;3100003;RESSONANCIA MAGNETICA DE ARTICULACAO COXO-FEMURAL (BILATERAL)
;;;;3100007;RESSONANCIA MAGNETICA DE ATM (BILATERAL)
;;;;3100019;RESSONANCIA MAGNETICA DE BACIA OU PELVE
;;;;3100004;RESSONANCIA MAGNETICA DE COLUNA CERVICAL
;;;;3100005;RESSONANCIA MAGNETICA DE COLUNA LOMBO-SACRA
;;;;3100006;RESSONANCIA MAGNETICA DE COLUNA TORACICA
;;;;3100025;RESSONANCIA MAGNETICA DE COTOVELO/PUNHO DIREITO
;;;;3100024;RESSONANCIA MAGNETICA DE COTOVELO/PUNHO ESQUERDO
;;;;3100034;RESSONANCIA MAGNETICA DE CRANIO
;;;;3100027;RESSONANCIA MAGNETICA DE OMBRO DIREITO
;;;;3100026;RESSONANCIA MAGNETICA DE OMBRO ESQUERDO
;;;;3100068;RESSONANCIA MAGNETICA DE PERNA DIREITA
;;;;3100069;RESSONANCIA MAGNETICA DE PERNA ESQUERDA
;;;;3100008;RESSONANCIA MAGNETICA DE PESCOCO E REGIAO CERVICAL
;;;;3100033;RESSONANCIA MAGNETICA DE PLEXO BRAQUIAL DIREITO
;;;;3100032;RESSONANCIA MAGNETICA DE PLEXO BRAQUIAL ESQUERDO
;;;;3100029;RESSONANCIA MAGNETICA DE SEGMENTO APENDICULAR DIREITO
;;;;3100028;RESSONANCIA MAGNETICA DE SEGMENTO APENDICULAR ESQUERDO
;;;;3100035;RESSONANCIA MAGNETICA DE SELA TURCICA
;;;;3100017;RESSONANCIA MAGNETICA DE TORAX
;;;;3100023;RESSONANCIA MAGNETICA DE TORNOZELO OU PE DIREITO
;;;;3100022;RESSONANCIA MAGNETICA DE TORNOZELO OU PE ESQUERDO
;;;;3100013;RESSONANCIA MAGNETICA DE VIAS BILIARES
;;;;3100031;RESSONANCIA MAGNETICA DO JOELHO DIREITO
;;;;3100030;RESSONANCIA MAGNETICA DO JOELHO ESQUERDO
;;3103000;GRUPO - RESSONANCIA MAGNETICA (SEDACAO);;
;;;;3103155;ANGIORESSONANCIA CEREBRAL (AD C/ SED)
;;;;3103156;ANGIORESSONANCIA CEREBRAL(INF C/ SED)
;;;;3103109;RESSONANCIA MAGNETICA DA ARTIC COXO-FEMURAL (BI)(AD C/ SED)
;;;;3103111;RESSONANCIA MAGNETICA DA ARTIC COXO-FEMURAL (BI)(INF C/ SED)
;;;;3103013;RESSONANCIA MAGNETICA DA COLUNA CERVICAL (AD C/ SED)
;;;;3103015;RESSONANCIA MAGNETICA DA COLUNA CERVICAL (INF C/ SED)
;;;;3103017;RESSONANCIA MAGNETICA DA COLUNA LOMBO-SACRA (AD C/ SED)
;;;;3103019;RESSONANCIA MAGNETICA DA COLUNA LOMBO-SACRA (INF C/ SED)
;;;;3103021;RESSONANCIA MAGNETICA DA COLUNA TORACICA (AD C/ SED)
;;;;3103023;RESSONANCIA MAGNETICA DA COLUNA TORACICA (INF C/ SED)
;;;;3103025;RESSONANCIA MAGNETICA DE ATM (BI)(AD C/ SED)
;;;;3103027;RESSONANCIA MAGNETICA DE ATM (BI)(INF C/ SED)
;;;;3103029;RESSONANCIA MAGNETICA DE BACIA OU PELVIS (AD C/ SED)
;;;;3103031;RESSONANCIA MAGNETICA DE BACIA OU PELVIS (INF C/ SED)
;;;;3103033;RESSONANCIA MAGNETICA DE COTOVELO/ PUNHO (UNI)(AD C/ SED)
;;;;3103035;RESSONANCIA MAGNETICA DE COTOVELO/ PUNHO (UNI)(INF C/ SED)
;;;;3103037;RESSONANCIA MAGNETICA DE CRANIO (AD C/ SED)
;;;;3103039;RESSONANCIA MAGNETICA DE CRANIO (INF C/ SED)
;;;;3103041;RESSONANCIA MAGNETICA DE OMBRO (UNI)(AD C/ SED)
;;;;3103043;RESSONANCIA MAGNETICA DE OMBRO (UNI)(INF C/ SED)
;;;;3103045;RESSONANCIA MAGNETICA DE SEG APENDICULAR (UNI)(AD C/ SED)
;;;;3103047;RESSONANCIA MAGNETICA DE SEG APENDICULAR (UNI)(INF C/ SED)
;;;;3103153;RESSONANCIA MAGNETICA DE SELA TURCICA (AD C/ SED)
;;;;3103154;RESSONANCIA MAGNETICA DE SELA TURCICA (INF C/ SED)
;;;;3103057;RESSONANCIA MAGNETICA DE VIAS BILIARES (AD C/ SED)
;;;;3103059;RESSONANCIA MAGNETICA DE VIAS BILIARES (INF C/ SED)
;;;;3103061;RESSONANCIA MAGNETICA DO ABDOMEN SUPERIOR (AD C/ SED)
;;;;3103063;RESSONANCIA MAGNETICA DO ABDOMEN SUPERIOR (INF C/ SED)
;;;;3103149;RESSONANCIA MAGNETICA DO JOELHO (UNI)(AD C/ SED)
;;;;3103151;RESSONANCIA MAGNETICA DO JOELHO (UNI)(INF C/ SED)
;;;;3103053;RESSONANCIA MAGNETICA DO PLEXO BRAQUIAL (UNI)(AD C/ SED)
;;;;3103055;RESSONANCIA MAGNETICA DO PLEXO BRAQUIAL (UNI)(INF C/ SED)
;;;;3103065;RESSONANCIA MAGNETICA DO TORAX (AD C/ SED)
;;;;3103067;RESSONANCIA MAGNETICA DO TORAX (INF C/ SED)
;;3500000;GRUPO - TOMOGRAFIA COMPUTADORIZADA;;
;;;;3500025;TOMOGRAFIA COMPUTADORIZADA  COLUNA CERVICAL
;;;;3500077;TOMOGRAFIA COMPUTADORIZADA  DE CRANIO
;;;;3500026;TOMOGRAFIA COMPUTADORIZADA COLUNA DORSAL
;;;;3500027;TOMOGRAFIA COMPUTADORIZADA COLUNA LOMBAR
;;;;3500013;TOMOGRAFIA COMPUTADORIZADA DAS ARTICULACOES COTOVELOS
;;;;3500016;TOMOGRAFIA COMPUTADORIZADA DAS ARTICULACOES COXO-FEMURAIS
;;;;3500011;TOMOGRAFIA COMPUTADORIZADA DAS ARTICULACOES EXTERNO-CLAVICULARES
;;;;3500017;TOMOGRAFIA COMPUTADORIZADA DAS ARTICULACOES JOELHOS
;;;;3500012;TOMOGRAFIA COMPUTADORIZADA DAS ARTICULACOES OMBROS
;;;;3500014;TOMOGRAFIA COMPUTADORIZADA DAS ARTICULACOES PUNHOS
;;;;3500015;TOMOGRAFIA COMPUTADORIZADA DAS ARTICULACOES SACRO-ILIACO
;;;;3500080;TOMOGRAFIA COMPUTADORIZADA DAS ARTICULACOES TORNOZELO
;;;;3500005;TOMOGRAFIA COMPUTADORIZADA DE FACE / SEIOS DA FACE / ARTICULACOES TEMPORO-MANDIBULARES
;;;;3500006;TOMOGRAFIA COMPUTADORIZADA DE MASTOIDES OU OUVIDOS
;;;;3500007;TOMOGRAFIA COMPUTADORIZADA DE PELVE OU BACIA
;;;;3500008;TOMOGRAFIA COMPUTADORIZADA DE PESCOCO (PARTES MOLES, LARINGE)
;;;;3500009;TOMOGRAFIA COMPUTADORIZADA DE SEGMENTOS APENDICULARES
;;;;3500078;TOMOGRAFIA COMPUTADORIZADA DE SELA TURCICA
;;;;3500004;TOMOGRAFIA COMPUTADORIZADA DO ABDOMEN  SUPERIOR
;;;;3500003;TOMOGRAFIA COMPUTADORIZADA DO TORAX
;;;;3500280;TOMOMIELOGRAFIA COMPUTADORIZADA
;;1300012;MAMOGRAFIA BILATERAL PARA RASTREAMENTO;;
;CENTRO DE DIAGNOSTICO LABORATORIAL;;;;
;;1201101;EXAME CITOPATOLOGICO CERVICO-VAGINAL/MICROFLORA;;
;;1200000;GRUPO - ANATOMOPATOLOGIA E CITOPATOLOGIA;;
;;1401000;GRUPO - EXAMES ULTRA-SONOGRAFICOS;;
;;1101000;GRUPO - PATOLOGIA CLINICA (EXAMES DE LABORATORIO);;
;;2400000;GRUPO - PATOLOGIA CLINICA (REGULACAO);;
;CENTRO DE REABILITACAO EM DEPENDENCIA QUIMICA CRDQ;;;;
;;0701797;CONSULTA EM PSIQUIATRIA - ALCOOL E DROGA;;
;;0141023;CONSULTA EM PSIQUIATRIA - REABILITAÇÃO;;
;CENTRO ESTADUAL DE CONVIVENCIA DA FAMILIA MAGDALENA ARCE DAO;;;;
;;0701022;CONSULTA EM FISIOTERAPIA;;
;;2018852;CONSULTA EM PLANEJAMNTO FAMILIAR PARA LAQUEADURA;;
;;0701233;CONSULTA EM UROLOGIA - GERAL;;
;;1801000;GRUPO - FISIOTERAPIA (POR SESSAO);;
;;;;1801017;ATENDIMENTO FISIOTERAPEUTICO EM PACIENTE C/ TRANSTORNO RESPIRATORIO C/ COMPLICACOES SISTEMICAS
;;;;1801018;ATENDIMENTO FISIOTERAPEUTICO EM PACIENTE C/ TRANSTORNO RESPIRATORIO S/ COMPLICACOES SISTEMICAS
;CENTRO ESTADUAL DE CONVIVENCIA DA FAMILIA PADRE PEDRO VIGNOL;;;;
;;0701022;CONSULTA EM FISIOTERAPIA;;
;;1801000;GRUPO - FISIOTERAPIA (POR SESSAO);;
;;;;1801017;ATENDIMENTO FISIOTERAPEUTICO EM PACIENTE C/ TRANSTORNO RESPIRATORIO C/ COMPLICACOES SISTEMICAS
;;;;1801018;ATENDIMENTO FISIOTERAPEUTICO EM PACIENTE C/ TRANSTORNO RESPIRATORIO S/ COMPLICACOES SISTEMICAS
;CENTRO ESTADUAL DE CONVIVENCIA DO IDOSO;;;;
;;0701428;CONSULTA EM FISIOTERAPIA - ACIMA DE 60 ANOS;;
;;1801000;GRUPO - FISIOTERAPIA (POR SESSAO);;
;;;;1801130;ATEND FISIOTERAPEUTICO EM PACIENTE C/ DISTURBIOS NEURO-CINETICO-FUNCIONAIS S/ COMPLI SIS - ADULTO
;;;;1801121;ATENDIMENTO A ALTERACOES  MOTORAS - ADULTO
;;;;1801017;ATENDIMENTO FISIOTERAPEUTICO EM PACIENTE C/ TRANSTORNO RESPIRATORIO C/ COMPLICACOES SISTEMICAS
;;;;1801018;ATENDIMENTO FISIOTERAPEUTICO EM PACIENTE C/ TRANSTORNO RESPIRATORIO S/ COMPLICACOES SISTEMICAS
;CENTRO ORTOPEDICO ANA ROSA;;;;
;;0701022;CONSULTA EM FISIOTERAPIA;;
;;0701428;CONSULTA EM FISIOTERAPIA - ACIMA DE 60 ANOS;;
;;0710368;CONSULTA EM FISIOTERAPIA - PEDIATRIA;;
;;0701226;CONSULTA EM ORTOPEDIA - GERAL;;
;;9270003;CONSULTA EM ORTOPEDIA - GERAL - RETORNO;;
;;9500000;GRUPO - PROCEDIMENTOS TRAUMATO-ORTOPEDICOS;;
;;1801000;GRUPO - FISIOTERAPIA (POR SESSAO);;
;;1101000;GRUPO - PATOLOGIA CLINICA (EXAMES DE LABORATORIO);;
;CENTRO RADIOLOGICO DE MANAUS LTDA;;;;
;;1305000;GRUPO - MAMOGRAFIA;;
;;1301000;GRUPO - RADIODIAGNOSTICO;;
;;1300012;MAMOGRAFIA BILATERAL PARA RASTREAMENTO;;
;CENUSA;;;;
;;1313001;DENSITOMETRIA OSSEA - RADIODIAGNOSTICO;;
;;3200000;GRUPO - MEDICINA NUCLEAR IN VIVO;;
;CER II PROFESSOR ROLLS GRACIE FISICO E INTELECTUAL;;;;
;;0701214;CONSULTA EM FISIATRIA - GERAL;;
;;0701724;CONSULTA EM FISIATRIA - RETORNO;;
;;0701022;CONSULTA EM FISIOTERAPIA;;
;;0701428;CONSULTA EM FISIOTERAPIA - ACIMA DE 60 ANOS;;
;;0710368;CONSULTA EM FISIOTERAPIA - PEDIATRIA;;
;;0702999;CONSULTA EM FONOAUDIOLOGIA;;
;;0701243;CONSULTA EM FONOAUDIOLOGIA - INFANTIL;;
;;0701300;CONSULTA EM NEUROLOGIA - PEDIATRIA;;
;;0701029;CONSULTA EM NEUROLOGIA PEDIATRIA - RETORNO;;
;;0710001;CONSULTA EM PSICOLOGIA;;
;;0701652;CONSULTA EM TERAPIA OCUPACIONAL;;
;CIMEDICA;;;;
;;1313001;DENSITOMETRIA OSSEA - RADIODIAGNOSTICO;;
;;1401000;GRUPO - EXAMES ULTRA-SONOGRAFICOS;;
;;1305000;GRUPO - MAMOGRAFIA;;
;;;;1305001;MAMOGRAFIA BILATERAL PARA RASTREAMENTO (ROTINA)
;;;;1305002;MAMOGRAFIA UNILATERAL MAMA D (DIAGNOSTICO)
;;;;1305003;MAMOGRAFIA UNILATERAL MAMA E (DIAGNOSTICO)
;;3100000;GRUPO - RESSONANCIA MAGNETICA;;
;;;;3100021;ANGIORESSONANCIA CEREBRAL
;;;;3100014;RESSONANCIA MAGNETICA DE ABDOMEN SUPERIOR
;;;;3100003;RESSONANCIA MAGNETICA DE ARTICULACAO COXO-FEMURAL (BILATERAL)
;;;;3100007;RESSONANCIA MAGNETICA DE ATM (BILATERAL)
;;;;3100019;RESSONANCIA MAGNETICA DE BACIA OU PELVE
;;;;3100004;RESSONANCIA MAGNETICA DE COLUNA CERVICAL
;;;;3100005;RESSONANCIA MAGNETICA DE COLUNA LOMBO-SACRA
;;;;3100006;RESSONANCIA MAGNETICA DE COLUNA TORACICA
;;;;3100025;RESSONANCIA MAGNETICA DE COTOVELO/PUNHO DIREITO
;;;;3100024;RESSONANCIA MAGNETICA DE COTOVELO/PUNHO ESQUERDO
;;;;3100034;RESSONANCIA MAGNETICA DE CRANIO
;;;;3100027;RESSONANCIA MAGNETICA DE OMBRO DIREITO
;;;;3100026;RESSONANCIA MAGNETICA DE OMBRO ESQUERDO
;;;;3100068;RESSONANCIA MAGNETICA DE PERNA DIREITA
;;;;3100069;RESSONANCIA MAGNETICA DE PERNA ESQUERDA
;;;;3100008;RESSONANCIA MAGNETICA DE PESCOCO E REGIAO CERVICAL
;;;;3100033;RESSONANCIA MAGNETICA DE PLEXO BRAQUIAL DIREITO
;;;;3100032;RESSONANCIA MAGNETICA DE PLEXO BRAQUIAL ESQUERDO
;;;;3100029;RESSONANCIA MAGNETICA DE SEGMENTO APENDICULAR DIREITO
;;;;3100028;RESSONANCIA MAGNETICA DE SEGMENTO APENDICULAR ESQUERDO
;;;;3100035;RESSONANCIA MAGNETICA DE SELA TURCICA
;;;;3100017;RESSONANCIA MAGNETICA DE TORAX
;;;;3100023;RESSONANCIA MAGNETICA DE TORNOZELO OU PE DIREITO
;;;;3100022;RESSONANCIA MAGNETICA DE TORNOZELO OU PE ESQUERDO
;;;;3100013;RESSONANCIA MAGNETICA DE VIAS BILIARES
;;;;3100031;RESSONANCIA MAGNETICA DO JOELHO DIREITO
;;;;3100030;RESSONANCIA MAGNETICA DO JOELHO ESQUERDO
;;3103000;GRUPO - RESSONANCIA MAGNETICA (SEDACAO);;
;;;;3103155;ANGIORESSONANCIA CEREBRAL (AD C/ SED)
;;;;3103156;ANGIORESSONANCIA CEREBRAL(INF C/ SED)
;;;;3103109;RESSONANCIA MAGNETICA DA ARTIC COXO-FEMURAL (BI)(AD C/ SED)
;;;;3103111;RESSONANCIA MAGNETICA DA ARTIC COXO-FEMURAL (BI)(INF C/ SED)
;;;;3103013;RESSONANCIA MAGNETICA DA COLUNA CERVICAL (AD C/ SED)
;;;;3103015;RESSONANCIA MAGNETICA DA COLUNA CERVICAL (INF C/ SED)
;;;;3103017;RESSONANCIA MAGNETICA DA COLUNA LOMBO-SACRA (AD C/ SED)
;;;;3103019;RESSONANCIA MAGNETICA DA COLUNA LOMBO-SACRA (INF C/ SED)
;;;;3103021;RESSONANCIA MAGNETICA DA COLUNA TORACICA (AD C/ SED)
;;;;3103023;RESSONANCIA MAGNETICA DA COLUNA TORACICA (INF C/ SED)
;;;;3103025;RESSONANCIA MAGNETICA DE ATM (BI)(AD C/ SED)
;;;;3103027;RESSONANCIA MAGNETICA DE ATM (BI)(INF C/ SED)
;;;;3103029;RESSONANCIA MAGNETICA DE BACIA OU PELVIS (AD C/ SED)
;;;;3103031;RESSONANCIA MAGNETICA DE BACIA OU PELVIS (INF C/ SED)
;;;;3103033;RESSONANCIA MAGNETICA DE COTOVELO/ PUNHO (UNI)(AD C/ SED)
;;;;3103035;RESSONANCIA MAGNETICA DE COTOVELO/ PUNHO (UNI)(INF C/ SED)
;;;;3103037;RESSONANCIA MAGNETICA DE CRANIO (AD C/ SED)
;;;;3103039;RESSONANCIA MAGNETICA DE CRANIO (INF C/ SED)
;;;;3103041;RESSONANCIA MAGNETICA DE OMBRO (UNI)(AD C/ SED)
;;;;3103043;RESSONANCIA MAGNETICA DE OMBRO (UNI)(INF C/ SED)
;;;;3103045;RESSONANCIA MAGNETICA DE SEG APENDICULAR (UNI)(AD C/ SED)
;;;;3103047;RESSONANCIA MAGNETICA DE SEG APENDICULAR (UNI)(INF C/ SED)
;;;;3103153;RESSONANCIA MAGNETICA DE SELA TURCICA (AD C/ SED)
;;;;3103154;RESSONANCIA MAGNETICA DE SELA TURCICA (INF C/ SED)
;;;;3103057;RESSONANCIA MAGNETICA DE VIAS BILIARES (AD C/ SED)
;;;;3103059;RESSONANCIA MAGNETICA DE VIAS BILIARES (INF C/ SED)
;;;;3103061;RESSONANCIA MAGNETICA DO ABDOMEN SUPERIOR (AD C/ SED)
;;;;3103063;RESSONANCIA MAGNETICA DO ABDOMEN SUPERIOR (INF C/ SED)
;;;;3103149;RESSONANCIA MAGNETICA DO JOELHO (UNI)(AD C/ SED)
;;;;3103151;RESSONANCIA MAGNETICA DO JOELHO (UNI)(INF C/ SED)
;;;;3103053;RESSONANCIA MAGNETICA DO PLEXO BRAQUIAL (UNI)(AD C/ SED)
;;;;3103055;RESSONANCIA MAGNETICA DO PLEXO BRAQUIAL (UNI)(INF C/ SED)
;;;;3103065;RESSONANCIA MAGNETICA DO TORAX (AD C/ SED)
;;;;3103067;RESSONANCIA MAGNETICA DO TORAX (INF C/ SED)
;;3500000;GRUPO - TOMOGRAFIA COMPUTADORIZADA;;
;;1300012;MAMOGRAFIA BILATERAL PARA RASTREAMENTO;;
;CLINICA DE FISIOTERAPIA CORPO E SAUDE;;;;
;;0701022;CONSULTA EM FISIOTERAPIA;;
;;0701428;CONSULTA EM FISIOTERAPIA - ACIMA DE 60 ANOS;;
;;1801000;GRUPO - FISIOTERAPIA (POR SESSAO);;
;;;;1801021;ATENDIMENTO FISIOTERAPÊUTICO EM PAC.C/DISTÚRBIOS NEURO-CINÉTICO-FUNCIONAIS S/COMPLICAÇÕES SISTÊMICAS
;;;;1801022;ATENDIMENTO FISIOTERAPEUTICO EM PACIENTE C/ COMPROMETIMENTO COGNITIVO
;;;;1801020;ATENDIMENTO FISIOTERAPEUTICO EM PACIENTE C/ DISTURBIOS NEURO-CINETICO-FUNCIONAIS S/ COMPLICACOES SIS
;;;;1801017;ATENDIMENTO FISIOTERAPEUTICO EM PACIENTE C/ TRANSTORNO RESPIRATORIO C/ COMPLICACOES SISTEMICAS
;;;;1801018;ATENDIMENTO FISIOTERAPEUTICO EM PACIENTE C/ TRANSTORNO RESPIRATORIO S/ COMPLICACOES SISTEMICAS
;;;;1801030;ATENDIMENTO FISIOTERAPEUTICO EM PACIENTE COM TRANSTORNO CLINICO CARDIOVASCULAR
;;;;1801023;ATENDIMENTO FISIOTERAPEUTICO EM PACIENTE NO PRE/POS CIRURGIAS UROGINECOLOGICAS
;;;;1801033;ATENDIMENTO FISIOTERAPEUTICO EM PACIENTE NO PRE/POS-OPERATORIO DE NEUROCIRURGIA
;;;;1801031;ATENDIMENTO FISIOTERAPEUTICO EM PACIENTE PRE/POS CIRURGIA CARDIOVASCULAR
;;;;1801024;ATENDIMENTO FISIOTERAPEUTICO EM PACIENTES C/ DISFUNCOES UROGINECOLOGICAS
;;;;1801032;ATENDIMENTO FISIOTERAPEUTICO EM PACIENTES C/ DISTURBIOS NEURO-CINETICO-FUNCIONAIS C/COMPLICACOES SIS
;;;;1801016;ATENDIMENTO FISIOTERAPEUTICO EM PACIENTES NO PRE E POS-OPERATORIO NAS DISFUNCOES MUSCULO ESQUELETICA
;;;;1801019;ATENDIMENTO FISIOTERAPEUTICO NAS ALTERACOES MOTORAS
;;;;1801037;ATENDIMENTO FISIOTERAPÊUTICO NAS DESORDENS DO DESEN. NEURO MOTOR
;;;;1801110;ATENDIMENTO FISIOTERAPEUTICO NAS DISFUNCOES VASCULARES PERIFERICAS
;CLINICA DE IMAGENS DO AMAZONAS;;;;
;;1401000;GRUPO - EXAMES ULTRA-SONOGRAFICOS;;
;;1670000;GRUPO - EXAMES ULTRA-SONOGRAFICOS (DOPPLER) E ECOGRAFIAS;;
;;;;1670019;DOPPLER DE BOLSA ESCROTAL
;;;;1670012;ULTRA-SONOGRAFIA  DOPPLER ARTERIAL- M I D
;;;;1670013;ULTRA-SONOGRAFIA  DOPPLER ARTERIAL- M I E
;;;;1670014;ULTRA-SONOGRAFIA  DOPPLER ARTERIAL- M S D
;;;;1670015;ULTRA-SONOGRAFIA  DOPPLER ARTERIAL- M S E
;;;;1670006;ULTRA-SONOGRAFIA  DOPPLER DE CAROTIDAS
;;;;1670007;ULTRA-SONOGRAFIA  DOPPLER VENOSO - MID
;;;;1670009;ULTRA-SONOGRAFIA  DOPPLER VENOSO - MIE
;;;;1670010;ULTRA-SONOGRAFIA  DOPPLER VENOSO - MSD
;;;;1670011;ULTRA-SONOGRAFIA  DOPPLER VENOSO - MSE
;;;;1670030;ULTRA-SONOGRAFIA DOPPLER - ILIACA (3 VASOS)
;;;;1670016;ULTRA-SONOGRAFIA DOPPLER DE AORTA E VASOS ILIACOS
;;;;1670025;ULTRA-SONOGRAFIA DOPPLER DE ARTERIA AORTA ABDOMINAL
;;;;1670008;ULTRA-SONOGRAFIA DOPPLER DE ARTERIAS RENAIS
;;;;1670017;ULTRA-SONOGRAFIA DOPPLER DE ARTERIAS VERTEBRAIS
;;3100000;GRUPO - RESSONANCIA MAGNETICA;;
;;;;3100021;ANGIORESSONANCIA CEREBRAL
;;;;3100014;RESSONANCIA MAGNETICA DE ABDOMEN SUPERIOR
;;;;3100003;RESSONANCIA MAGNETICA DE ARTICULACAO COXO-FEMURAL (BILATERAL)
;;;;3100007;RESSONANCIA MAGNETICA DE ATM (BILATERAL)
;;;;3100019;RESSONANCIA MAGNETICA DE BACIA OU PELVE
;;;;3100004;RESSONANCIA MAGNETICA DE COLUNA CERVICAL
;;;;3100005;RESSONANCIA MAGNETICA DE COLUNA LOMBO-SACRA
;;;;3100006;RESSONANCIA MAGNETICA DE COLUNA TORACICA
;;;;3100025;RESSONANCIA MAGNETICA DE COTOVELO/PUNHO DIREITO
;;;;3100024;RESSONANCIA MAGNETICA DE COTOVELO/PUNHO ESQUERDO
;;;;3100034;RESSONANCIA MAGNETICA DE CRANIO
;;;;3100027;RESSONANCIA MAGNETICA DE OMBRO DIREITO
;;;;3100026;RESSONANCIA MAGNETICA DE OMBRO ESQUERDO
;;;;3100068;RESSONANCIA MAGNETICA DE PERNA DIREITA
;;;;3100069;RESSONANCIA MAGNETICA DE PERNA ESQUERDA
;;;;3100008;RESSONANCIA MAGNETICA DE PESCOCO E REGIAO CERVICAL
;;;;3100033;RESSONANCIA MAGNETICA DE PLEXO BRAQUIAL DIREITO
;;;;3100032;RESSONANCIA MAGNETICA DE PLEXO BRAQUIAL ESQUERDO
;;;;3100029;RESSONANCIA MAGNETICA DE SEGMENTO APENDICULAR DIREITO
;;;;3100028;RESSONANCIA MAGNETICA DE SEGMENTO APENDICULAR ESQUERDO
;;;;3100035;RESSONANCIA MAGNETICA DE SELA TURCICA
;;;;3100017;RESSONANCIA MAGNETICA DE TORAX
;;;;3100023;RESSONANCIA MAGNETICA DE TORNOZELO OU PE DIREITO
;;;;3100022;RESSONANCIA MAGNETICA DE TORNOZELO OU PE ESQUERDO
;;;;3100013;RESSONANCIA MAGNETICA DE VIAS BILIARES
;;;;3100031;RESSONANCIA MAGNETICA DO JOELHO DIREITO
;;;;3100030;RESSONANCIA MAGNETICA DO JOELHO ESQUERDO
;;3103000;GRUPO - RESSONANCIA MAGNETICA (SEDACAO);;
;;;;3103155;ANGIORESSONANCIA CEREBRAL (AD C/ SED)
;;;;3103156;ANGIORESSONANCIA CEREBRAL(INF C/ SED)
;;;;3103109;RESSONANCIA MAGNETICA DA ARTIC COXO-FEMURAL (BI)(AD C/ SED)
;;;;3103111;RESSONANCIA MAGNETICA DA ARTIC COXO-FEMURAL (BI)(INF C/ SED)
;;;;3103013;RESSONANCIA MAGNETICA DA COLUNA CERVICAL (AD C/ SED)
;;;;3103015;RESSONANCIA MAGNETICA DA COLUNA CERVICAL (INF C/ SED)
;;;;3103017;RESSONANCIA MAGNETICA DA COLUNA LOMBO-SACRA (AD C/ SED)
;;;;3103019;RESSONANCIA MAGNETICA DA COLUNA LOMBO-SACRA (INF C/ SED)
;;;;3103021;RESSONANCIA MAGNETICA DA COLUNA TORACICA (AD C/ SED)
;;;;3103023;RESSONANCIA MAGNETICA DA COLUNA TORACICA (INF C/ SED)
;;;;3103025;RESSONANCIA MAGNETICA DE ATM (BI)(AD C/ SED)
;;;;3103027;RESSONANCIA MAGNETICA DE ATM (BI)(INF C/ SED)
;;;;3103029;RESSONANCIA MAGNETICA DE BACIA OU PELVIS (AD C/ SED)
;;;;3103031;RESSONANCIA MAGNETICA DE BACIA OU PELVIS (INF C/ SED)
;;;;3103033;RESSONANCIA MAGNETICA DE COTOVELO/ PUNHO (UNI)(AD C/ SED)
;;;;3103035;RESSONANCIA MAGNETICA DE COTOVELO/ PUNHO (UNI)(INF C/ SED)
;;;;3103037;RESSONANCIA MAGNETICA DE CRANIO (AD C/ SED)
;;;;3103039;RESSONANCIA MAGNETICA DE CRANIO (INF C/ SED)
;;;;3103041;RESSONANCIA MAGNETICA DE OMBRO (UNI)(AD C/ SED)
;;;;3103043;RESSONANCIA MAGNETICA DE OMBRO (UNI)(INF C/ SED)
;;;;3103045;RESSONANCIA MAGNETICA DE SEG APENDICULAR (UNI)(AD C/ SED)
;;;;3103047;RESSONANCIA MAGNETICA DE SEG APENDICULAR (UNI)(INF C/ SED)
;;;;3103153;RESSONANCIA MAGNETICA DE SELA TURCICA (AD C/ SED)
;;;;3103154;RESSONANCIA MAGNETICA DE SELA TURCICA (INF C/ SED)
;;;;3103057;RESSONANCIA MAGNETICA DE VIAS BILIARES (AD C/ SED)
;;;;3103059;RESSONANCIA MAGNETICA DE VIAS BILIARES (INF C/ SED)
;;;;3103061;RESSONANCIA MAGNETICA DO ABDOMEN SUPERIOR (AD C/ SED)
;;;;3103063;RESSONANCIA MAGNETICA DO ABDOMEN SUPERIOR (INF C/ SED)
;;;;3103149;RESSONANCIA MAGNETICA DO JOELHO (UNI)(AD C/ SED)
;;;;3103151;RESSONANCIA MAGNETICA DO JOELHO (UNI)(INF C/ SED)
;;;;3103053;RESSONANCIA MAGNETICA DO PLEXO BRAQUIAL (UNI)(AD C/ SED)
;;;;3103055;RESSONANCIA MAGNETICA DO PLEXO BRAQUIAL (UNI)(INF C/ SED)
;;;;3103065;RESSONANCIA MAGNETICA DO TORAX (AD C/ SED)
;;;;3103067;RESSONANCIA MAGNETICA DO TORAX (INF C/ SED)
;CLINICA DE OLHOS DR DAVID TAYAH;;;;
;;0701431;CONSULTA EM OFTALMOLOGIA - ACIMA DE 60 ANOS;;
;;0701814;CONSULTA EM OFTALMOLOGIA - AVALIACAO CIRURGICA;;
;;0703859;CONSULTA EM OFTALMOLOGIA - CATARATA - MUTIRAO;;
;;0701225;CONSULTA EM OFTALMOLOGIA - GERAL;;
;;2018324;CONSULTA EM OFTALMOLOGIA - GERAL RETORNO;;
;;0703283;CONSULTA EM OFTALMOLOGIA - GLAUCOMA - RETORNO;;
;;0118091;CONSULTA EM OFTALMOLOGIA - POS OPERATORIO;;
;;0703305;CONSULTA EM OFTALMOLOGIA - REFRACAO;;
;;0701957;CONSULTA EM OFTALMOLOGIA - RETINA GERAL;;
;;0037014;CONSULTA EM OFTALMOLOGIA- ACIMA DE 60 ANOS- RETORNO;;
;;0742011;CONSULTA EM OFTALMOLOGIA CATARATA;;
;;0031125;EXERCICIOS ORTOPTICOS;;
;;0814000;GRUPO - CIRURGIA AMB EM APARELHO VISUAL;;
;;0743000;GRUPO - CIRURGIA DE CATARATA;;
;;;;0743011;FACOEMULSIFICACAO C/IMPL LENTE INTRA OCULAR DOBRAVEL- OE
;;;;0743010;FACOEMULSIFICACAO C/IMPL LENTE INTRA OCULAR DOBRAVEL-OD
;;;;0743039;FACOEMULSIFICACAO COM IMPLANTE DE LENTE INTRA - OCULAR RIGIDA - OLHO DIREITO
;;;;0743040;FACOEMULSIFICACAO COM IMPLANTE DE LENTE INTRA - OCULAR RIGIDA - OLHO ESQUERDO
;;1428000;GRUPO - DIAGNOSTICO POR ULTRASSONOGRAFIA - OFTALMOLOGIA;;
;;;;1428005;PAQUIMETRIA ULTRASSÔNICA  - OLHO DIREITO
;;;;1428006;PAQUIMETRIA ULTRASSÔNICA - OLHO ESQUERDO
;;;;1428004;ULTRASSONOGRAFIA DE GLOBO OCULAR / ORBITA  - OLHO ESQUERDO
;;;;1428003;ULTRASSONOGRAFIA DE GLOBO OCULAR / ORBITA - OLHO DIREITO
;;1707000;GRUPO - OFTALMOLOGIA;;
;;;;1707010;BIOMETRIA ULTRASSONICA - OLHO DIREITO
;;;;1707011;BIOMETRIA ULTRASSONICA - OLHO ESQUERDO
;;;;1707409;BIOMICROSCOPIA DE FUNDO DE OLHO
;;;;1707136;CAMPIMETRIA COMPUTADORIZADA OU MANUAL COM GRAFICO
;;;;1707159;CERATOMETRIA
;;;;1707002;CURVA DIARIA DE PRESSAO OCULAR CDPO (MINIMO 3 MEDIDAS)
;;;;1707473;ELETROOCULOGRAFIA
;;;;1707071;ELETRORETINOGRAFIA - OLHO DIREITO
;;;;1707072;ELETRORETINOGRAFIA - OLHO ESQUERDO
;;;;1707115;ESTESIOMETRIA
;;;;1707103;FUNDOSCOPIA
;;;;1707105;GONIOSCOPIA
;;;;1707434;MAPEAMENTO DE RETINA COM GRAFICO - OLHO DIREITO
;;;;1707435;MAPEAMENTO DE RETINA COM GRAFICO - OLHO ESQUERDO
;;;;1707013;MEDIDA DE OFUSCAMENTO E CONTRASTE
;;;;1707465;MICROSCOPIA ESPECULAR DE CORNEA - OD
;;;;1707466;MICROSCOPIA ESPECULAR DE CORNEA - OE
;;;;1707101;POTENCIAL DE ACUIDADE VISUAL
;;;;1707166;POTENCIAL EVOCADO
;;;;1707005;RETINOGRAFIA COLORIDA BINOCULAR
;;;;1707404;RETINOGRAFIA FLUORESCENTE
;;;;1707206;TESTE DE PROVOCACAO DE GLAUCOMA
;;;;1707107;TESTE DE SCHIRMER
;;;;1707108;TESTE DE VISAO DE CORES
;;;;1707302;TESTE ORTOPTICO
;;;;1707174;TESTE PARA ADAPTACAO DE LENTE DE CONTATO
;;;;1707102;TONOMETRIA
;;;;1707467;TOPOGRAFIA COMPUTADORIZADA DE CORNEA - OD
;;;;1707468;TOPOGRAFIA COMPUTADORIZADA DE CORNEA - OE
;;0461000;GRUPO - OFTALMOLOGIA - CATARATA;;
;;;;0461005;BIOMETRIA ULTRASSONICA - OLHO DIREITO
;;;;0461006;BIOMETRIA ULTRASSONICA - OLHO ESQUERDO
;;;;0461007;CERATOMETRIA - OLHO DIREITO
;;;;0461008;CERATOMETRIA - OLHO ESQUERDO
;;;;0461017;CONSULTA EM OFTALMOLOGIA - CIRURGIA DE CATARATA
;;;;0461009;MAPEAMENTO DE RETINA COM GRAFICO - OLHO DIREITO
;;;;0461010;MAPEAMENTO DE RETINA COM GRAFICO - OLHO ESQUERDO
;;;;0461011;MICROSCOPIA ESPECULAR DE CORNEA – OD
;;;;0461012;MICROSCOPIA ESPECULAR DE CORNEA – OE
;;;;0461003;PAQUIMETRIA ULTRASSÔNICA - OLHO DIREITO
;;;;0461004;PAQUIMETRIA ULTRASSÔNICA - OLHO ESQUERDO
;;;;0461013;TONOMETRIA - OLHO DIREITO
;;;;0461014;TONOMETRIA - OLHO ESQUERDO
;;;;0461015;TOPOGRAFIA COMPUTADORIZADA DE CORNEA – OD
;;;;0461016;TOPOGRAFIA COMPUTADORIZADA DE CORNEA – OE
;;;;0461001;ULTRASSONOGRAFIA DE GLOBO OCULAR / ORBITA - OLHO DIREITO
;;;;0461002;ULTRASSONOGRAFIA DE GLOBO OCULAR / ORBITA - OLHO ESQUERDO
;;0462000;GRUPO - OFTALMOLOGIA - GLAUCOMA;;
;;;;0462003;CAMPIMETRIA COMPUTADORIZADA OU MANUAL COM GRAFICO - OLHO DIREITO
;;;;0462004;CAMPIMETRIA COMPUTADORIZADA OU MANUAL COM GRAFICO - OLHO ESQUERDO
;;;;0462005;CURVA DIARIA DE PRESSAO OCULAR CDPO (MINIMO 3 MEDIDAS) - OLHO DIREITO
;;;;0462006;CURVA DIARIA DE PRESSAO OCULAR CDPO (MINIMO 3 MEDIDAS) - OLHO ESQUERDO
;;;;0462007;FUNDOSCOPIA - OLHO DIREITO
;;;;0462008;FUNDOSCOPIA - OLHO ESQUERDO
;;;;0462009;GONIOSCOPIA - OLHO DIREITO
;;;;0462010;GONIOSCOPIA - OLHO ESQUERDO
;;;;0462011;MAPEAMENTO DE RETINA COM GRAFICO - OLHO DIREITO
;;;;0462012;MAPEAMENTO DE RETINA COM GRAFICO - OLHO ESQUERDO
;;;;0462001;PAQUIMETRIA ULTRASSÔNICA - OLHO DIREITO
;;;;0462002;PAQUIMETRIA ULTRASSÔNICA - OLHO ESQUERDO
;;;;0462015;RETINOGRAFIA COLORIDA BINOCULAR
;;;;0462013;TONOMETRIA - OLHO DIREITO
;;;;0462014;TONOMETRIA - OLHO ESQUERDO
;;0145000;GRUPO - OFTALMOLOGIA (APAC);;
;;;;0145065;CAPSULECTOMIA POSTERIOR CIRURGICA  - OLHO DIREITO
;;;;0145066;CAPSULECTOMIA POSTERIOR CIRURGICA - OLHO ESQUERDO
;;;;0145007;CAPSULOTOMIA A YAG LASER - OD
;;;;0145008;CAPSULOTOMIA A YAG LASER - OE
;;;;0145009;EVISCERACAO DO GLOBO OCULAR - OD
;;;;0145010;EVISCERACAO DO GLOBO OCULAR - OE
;;;;0145024;EXERESE DE CALAZIO E OUTRAS PEQUENAS LESOES DA PALPEBRA E SUPERCILIOS - OLHO DIREITO
;;;;0145035;EXERESE DE CALAZIO E OUTRAS PEQUENAS LESOES DA PALPEBRA E SUPERCILIOS - OLHO ESQUERDO
;;;;0145025;EXPLANTE DE LENTE INTRA OCULAR - OLHO DIREITO
;;;;0145036;EXPLANTE DE LENTE INTRA OCULAR - OLHO ESQUERDO
;;;;0145001;FACECTOMIA C/ IMPLANTE DE LENTE INTRA-OCULAR - OD
;;;;0145002;FACECTOMIA C/ IMPLANTE DE LENTE INTRA-OCULAR - OE
;;;;0145017;FACECTOMIA S/ IMPLANTE DE LENTE INTRA-OCULAR - OD
;;;;0145018;FACECTOMIA S/ IMPLANTE DE LENTE INTRA-OCULAR - OE
;;;;0145071;IMPLANTE INTRA-ESTROMAL - OLHO DIREITO
;;;;0145072;IMPLANTE INTRA-ESTROMAL - OLHO ESQUERDO
;;;;0145020;IMPLANTE SECUNDARIO DE LENTE INTRA-OCULAR - LIO - OLHO DIREITO
;;;;0145032;IMPLANTE SECUNDARIO DE LENTE INTRA-OCULAR - LIO - OLHO ESQUERDO
;;;;0145028;RECOBRIMENTO CONJUNTIVAL - OLHO DIREITO
;;;;0145039;RECOBRIMENTO CONJUNTIVAL - OLHO ESQUERDO
;;;;0145029;RECONSTITUICAO DE FORNIX CONJUNTIVAL - OLHO DIREITO
;;;;0145040;RECONSTITUICAO DE FORNIX CONJUNTIVAL - OLHO ESQUERDO
;;;;0145027;REPOSICIONAMENTO DE LENTE INTRAOCULAR - OLHO DIREITO
;;;;0145033;REPOSICIONAMENTO DE LENTE INTRAOCULAR - OLHO ESQUERDO
;;;;0145015;VITRECTOMIA ANTERIOR - OD
;;;;0145016;VITRECTOMIA ANTERIOR - OE
;;0818000;GRUPO - PROCEDIMENTOS AMBULATORIAIS EM OFTALMOLOGIA;;
;;;;0818256;CAUTERIZACAO DE CORNEA - OLHO DIREITO
;;;;0818257;CAUTERIZACAO DE CORNEA - OLHO ESQUERDO
;;;;0818272;DRENAGEM DE ABSCESSO DE PALPEBRA - OLHO DIREITO
;;;;0818273;DRENAGEM DE ABSCESSO DE PALPEBRA - OLHO ESQUERDO
;;;;0818282;EXERESE DE TUMOR DE CONJUNTIVA - OLHO DIREITO
;;;;0818283;EXERESE DE TUMOR DE CONJUNTIVA - OLHO ESQUERDO
;;;;0818296;INJECAO SUBCONJUNTIVAL/SUBTENONIANA - OLHO DIREITO
;;;;0818297;INJECAO SUBCONJUNTIVAL/SUBTENONIANA - OLHO ESQUERDO
;;;;0818300;PARACENTESE DE CAMARA ANTERIOR - OLHO DIREITO
;;;;0818301;PARACENTESE DE CAMARA ANTERIOR - OLHO ESQUERDO
;;;;0818398;RADIAÇÃO PARA CROSS LINKING CORNEANO - OLHO DIREITO
;;;;0818399;RADIAÇÃO PARA CROSS LINKING CORNEANO - OLHO ESQUERDO
;;;;0818309;RETIRADA DE CORPO ESTRANHO DA CAMARA ANTERIOR - OLHO ESQUERDO
;;;;0818308;RETIRADA DE CORPO ESTRANHO DA CAMARA ANTERIOR- OLHO DIREITO
;;;;0818316;RETIRADA DE CORPO ESTRANHO DA CORNEA - OLHO DIREITO
;;;;0818317;RETIRADA DE CORPO ESTRANHO DA CORNEA - OLHO ESQUERDO
;;;;0818310;SINEQUIOLISE A YAG LASER - OLHO DIREITO
;;;;0818311;SINEQUIOLISE A YAG LASER- OLHO ESQUERDO
;;;;0818326;SUBSTITUICAO DE LENTE INTRA-OCULAR - OLHO DIREITO
;;;;0818379;SUBSTITUICAO DE LENTE INTRA-OCULAR - OLHO ESQUERDO
;;;;0818328;SUTURA DE CONJUNTIVA - OLHO DIREITO
;;;;0818329;SUTURA DE CONJUNTIVA - OLHO ESQUERDO
;;;;0818331;SUTURA DE CORNEA - OLHO DIREITO
;;;;0818332;SUTURA DE CORNEA - OLHO ESQUERDO
;;;;0818324;SUTURA DE ESCLERA - OLHO DIREITO
;;;;0818325;SUTURA DE ESCLERA - OLHO ESQUERDO
;;;;0818335;TRATAMENTO CIRURGICO DE DEISCENCIA DE SUTURA DE ESCLERA- OLHO DIREITO
;;;;0818336;TRATAMENTO CIRURGICO DE DEISCENCIA DE SUTURA DE ESCLERA- OLHO ESQUERDO
;;;;0818340;TRATAMENTO CIRURGICO DE MIIASE PALPEBRAL - OLHO DIREITO
;;;;0818364;TRATAMENTO CIRURGICO DE MIIASE PALPEBRAL - OLHO ESQUERDO
;;;;0818337;TRATAMENTO CIRURGICO DE PTERIGIO - OLHO DIREITO
;;;;0818338;TRATAMENTO CIRURGICO DE PTERIGIO - OLHO ESQUERDO
;;0823000;GRUPO - PUNCAO / BIOPSIA;;
;;;;0823010;BIOPSIA DA CORNEA
;;;;0823008;BIOPSIA DE CONJUNTIVA
;;;;0823017;BIOPSIA DE ESCLERA
;;;;0823023;BIOPSIA DE IRIS, CORPO CILIAR, RETINA, COROIDE E VITREO
;;1703007;RETINOGRAFIA COLORIDA BINOCULAR;;
;;1712012;RETINOGRAFIA FLUORESCENTE;;
;CLINICA DE OLHOS DR JOAO NETO;;;;
;;0701431;CONSULTA EM OFTALMOLOGIA - ACIMA DE 60 ANOS;;
;;0701814;CONSULTA EM OFTALMOLOGIA - AVALIACAO CIRURGICA;;
;;0703859;CONSULTA EM OFTALMOLOGIA - CATARATA - MUTIRAO;;
;;0701225;CONSULTA EM OFTALMOLOGIA - GERAL;;
;;2018324;CONSULTA EM OFTALMOLOGIA - GERAL RETORNO;;
;;0703283;CONSULTA EM OFTALMOLOGIA - GLAUCOMA - RETORNO;;
;;0118091;CONSULTA EM OFTALMOLOGIA - POS OPERATORIO;;
;;0703305;CONSULTA EM OFTALMOLOGIA - REFRACAO;;
;;0701957;CONSULTA EM OFTALMOLOGIA - RETINA GERAL;;
;;0037014;CONSULTA EM OFTALMOLOGIA- ACIMA DE 60 ANOS- RETORNO;;
;;0742011;CONSULTA EM OFTALMOLOGIA CATARATA;;
;;0031125;EXERCICIOS ORTOPTICOS;;
;;0814000;GRUPO - CIRURGIA AMB EM APARELHO VISUAL;;
;;0743000;GRUPO - CIRURGIA DE CATARATA;;
;;;;0743011;FACOEMULSIFICACAO C/IMPL LENTE INTRA OCULAR DOBRAVEL- OE
;;;;0743010;FACOEMULSIFICACAO C/IMPL LENTE INTRA OCULAR DOBRAVEL-OD
;;;;0743039;FACOEMULSIFICACAO COM IMPLANTE DE LENTE INTRA - OCULAR RIGIDA - OLHO DIREITO
;;;;0743040;FACOEMULSIFICACAO COM IMPLANTE DE LENTE INTRA - OCULAR RIGIDA - OLHO ESQUERDO
;;1428000;GRUPO - DIAGNOSTICO POR ULTRASSONOGRAFIA - OFTALMOLOGIA;;
;;;;1428005;PAQUIMETRIA ULTRASSÔNICA  - OLHO DIREITO
;;;;1428006;PAQUIMETRIA ULTRASSÔNICA - OLHO ESQUERDO
;;;;1428004;ULTRASSONOGRAFIA DE GLOBO OCULAR / ORBITA  - OLHO ESQUERDO
;;;;1428003;ULTRASSONOGRAFIA DE GLOBO OCULAR / ORBITA - OLHO DIREITO
;;1707000;GRUPO - OFTALMOLOGIA;;
;;;;1707010;BIOMETRIA ULTRASSONICA - OLHO DIREITO
;;;;1707011;BIOMETRIA ULTRASSONICA - OLHO ESQUERDO
;;;;1707409;BIOMICROSCOPIA DE FUNDO DE OLHO
;;;;1707136;CAMPIMETRIA COMPUTADORIZADA OU MANUAL COM GRAFICO
;;;;1707159;CERATOMETRIA
;;;;1707473;ELETROOCULOGRAFIA
;;;;1707071;ELETRORETINOGRAFIA - OLHO DIREITO
;;;;1707072;ELETRORETINOGRAFIA - OLHO ESQUERDO
;;;;1707115;ESTESIOMETRIA
;;;;1707103;FUNDOSCOPIA
;;;;1707434;MAPEAMENTO DE RETINA COM GRAFICO - OLHO DIREITO
;;;;1707435;MAPEAMENTO DE RETINA COM GRAFICO - OLHO ESQUERDO
;;;;1707013;MEDIDA DE OFUSCAMENTO E CONTRASTE
;;;;1707465;MICROSCOPIA ESPECULAR DE CORNEA - OD
;;;;1707466;MICROSCOPIA ESPECULAR DE CORNEA - OE
;;;;1707101;POTENCIAL DE ACUIDADE VISUAL
;;;;1707166;POTENCIAL EVOCADO
;;;;1707005;RETINOGRAFIA COLORIDA BINOCULAR
;;;;1707404;RETINOGRAFIA FLUORESCENTE
;;;;1707107;TESTE DE SCHIRMER
;;;;1707108;TESTE DE VISAO DE CORES
;;;;1707302;TESTE ORTOPTICO
;;;;1707174;TESTE PARA ADAPTACAO DE LENTE DE CONTATO
;;;;1707102;TONOMETRIA
;;;;1707467;TOPOGRAFIA COMPUTADORIZADA DE CORNEA - OD
;;;;1707468;TOPOGRAFIA COMPUTADORIZADA DE CORNEA - OE
;;0461000;GRUPO - OFTALMOLOGIA - CATARATA;;
;;;;0461005;BIOMETRIA ULTRASSONICA - OLHO DIREITO
;;;;0461006;BIOMETRIA ULTRASSONICA - OLHO ESQUERDO
;;;;0461007;CERATOMETRIA - OLHO DIREITO
;;;;0461008;CERATOMETRIA - OLHO ESQUERDO
;;;;0461017;CONSULTA EM OFTALMOLOGIA - CIRURGIA DE CATARATA
;;;;0461009;MAPEAMENTO DE RETINA COM GRAFICO - OLHO DIREITO
;;;;0461010;MAPEAMENTO DE RETINA COM GRAFICO - OLHO ESQUERDO
;;;;0461011;MICROSCOPIA ESPECULAR DE CORNEA – OD
;;;;0461012;MICROSCOPIA ESPECULAR DE CORNEA – OE
;;;;0461003;PAQUIMETRIA ULTRASSÔNICA - OLHO DIREITO
;;;;0461004;PAQUIMETRIA ULTRASSÔNICA - OLHO ESQUERDO
;;;;0461013;TONOMETRIA - OLHO DIREITO
;;;;0461014;TONOMETRIA - OLHO ESQUERDO
;;;;0461015;TOPOGRAFIA COMPUTADORIZADA DE CORNEA – OD
;;;;0461016;TOPOGRAFIA COMPUTADORIZADA DE CORNEA – OE
;;;;0461001;ULTRASSONOGRAFIA DE GLOBO OCULAR / ORBITA - OLHO DIREITO
;;;;0461002;ULTRASSONOGRAFIA DE GLOBO OCULAR / ORBITA - OLHO ESQUERDO
;;0462000;GRUPO - OFTALMOLOGIA - GLAUCOMA;;
;;;;0462003;CAMPIMETRIA COMPUTADORIZADA OU MANUAL COM GRAFICO - OLHO DIREITO
;;;;0462004;CAMPIMETRIA COMPUTADORIZADA OU MANUAL COM GRAFICO - OLHO ESQUERDO
;;;;0462005;CURVA DIARIA DE PRESSAO OCULAR CDPO (MINIMO 3 MEDIDAS) - OLHO DIREITO
;;;;0462006;CURVA DIARIA DE PRESSAO OCULAR CDPO (MINIMO 3 MEDIDAS) - OLHO ESQUERDO
;;;;0462007;FUNDOSCOPIA - OLHO DIREITO
;;;;0462008;FUNDOSCOPIA - OLHO ESQUERDO
;;;;0462009;GONIOSCOPIA - OLHO DIREITO
;;;;0462010;GONIOSCOPIA - OLHO ESQUERDO
;;;;0462011;MAPEAMENTO DE RETINA COM GRAFICO - OLHO DIREITO
;;;;0462012;MAPEAMENTO DE RETINA COM GRAFICO - OLHO ESQUERDO
;;;;0462001;PAQUIMETRIA ULTRASSÔNICA - OLHO DIREITO
;;;;0462002;PAQUIMETRIA ULTRASSÔNICA - OLHO ESQUERDO
;;;;0462015;RETINOGRAFIA COLORIDA BINOCULAR
;;;;0462013;TONOMETRIA - OLHO DIREITO
;;;;0462014;TONOMETRIA - OLHO ESQUERDO
;;0238000;GRUPO - OFTALMOLOGIA - INJECAO INTRA-VITREO;;
;;;;0238001;INJECAO INTRA-VITREO - OLHO DIREITO
;;;;0238002;INJECAO INTRA-VITREO - OLHO ESQUERDO
;;;;0238003;INTRA-VITREO REAPLICACAO - OLHO DIRETO
;;;;0238004;INTRA-VITREO REAPLICACAO - OLHO ESQUERDO
;;0145000;GRUPO - OFTALMOLOGIA (APAC);;
;;;;0145065;CAPSULECTOMIA POSTERIOR CIRURGICA  - OLHO DIREITO
;;;;0145066;CAPSULECTOMIA POSTERIOR CIRURGICA - OLHO ESQUERDO
;;;;0145007;CAPSULOTOMIA A YAG LASER - OD
;;;;0145008;CAPSULOTOMIA A YAG LASER - OE
;;;;0145067;CICLOCRIOCOAGULACAO / DIATERMIA - OLHO DIREITO
;;;;0145068;CICLOCRIOCOAGULACAO / DIATERMIA - OLHO ESQUERDO
;;;;0145023;CORRECAO CIRURGICA DE ENTROPIO E ECTROPIO - OLHO DIREITO
;;;;0145061;CORREÇÃO CIRURGICA DE LAGOFTALMO - OLHO DIREITO
;;;;0145062;CORREÇÃO CIRURGICA DE LAGOFTALMO - OLHO ESQUERDO
;;;;0145049;DACRIOCISTORRINOSTOMIA - OLHO DIREITO
;;;;0145050;DACRIOCISTORRINOSTOMIA - OLHO ESQUERDO
;;;;0145064;ENUCLEAÇÃO DE GLOBO OCULAR  - OLHO ESQUERDO
;;;;0145063;ENUCLEAÇÃO DE GLOBO OCULAR - OLHO DIREITO
;;;;0145009;EVISCERACAO DO GLOBO OCULAR - OD
;;;;0145010;EVISCERACAO DO GLOBO OCULAR - OE
;;;;0145024;EXERESE DE CALAZIO E OUTRAS PEQUENAS LESOES DA PALPEBRA E SUPERCILIOS - OLHO DIREITO
;;;;0145035;EXERESE DE CALAZIO E OUTRAS PEQUENAS LESOES DA PALPEBRA E SUPERCILIOS - OLHO ESQUERDO
;;;;0145025;EXPLANTE DE LENTE INTRA OCULAR - OLHO DIREITO
;;;;0145036;EXPLANTE DE LENTE INTRA OCULAR - OLHO ESQUERDO
;;;;0145001;FACECTOMIA C/ IMPLANTE DE LENTE INTRA-OCULAR - OD
;;;;0145002;FACECTOMIA C/ IMPLANTE DE LENTE INTRA-OCULAR - OE
;;;;0145017;FACECTOMIA S/ IMPLANTE DE LENTE INTRA-OCULAR - OD
;;;;0145018;FACECTOMIA S/ IMPLANTE DE LENTE INTRA-OCULAR - OE
;;;;0145013;FOTOCOAGULACAO A LASER - OLHO DIREITO
;;;;0145014;FOTOCOAGULACAO A LASER - OLHO ESQUERDO
;;;;0145069;FOTOTRABECULOPLASTIA A LASER - OLHO DIREITO
;;;;0145070;FOTOTRABECULOPLASTIA A LASER - OLHO ESQUERDO
;;;;0145071;IMPLANTE INTRA-ESTROMAL - OLHO DIREITO
;;;;0145072;IMPLANTE INTRA-ESTROMAL - OLHO ESQUERDO
;;;;0145020;IMPLANTE SECUNDARIO DE LENTE INTRA-OCULAR - LIO - OLHO DIREITO
;;;;0145032;IMPLANTE SECUNDARIO DE LENTE INTRA-OCULAR - LIO - OLHO ESQUERDO
;;;;0145011;IRIDOTOMIA A LASER - OD
;;;;0145012;IRIDOTOMIA A LASER - OE
;;;;0145042;PAN-FOTOCOAGULAÇÃO DE RETINA A LASER - OLHO DIREITO
;;;;0145043;PAN-FOTOCOAGULAÇÃO DE RETINA A LASER - OLHO ESQUERDO
;;;;0145028;RECOBRIMENTO CONJUNTIVAL - OLHO DIREITO
;;;;0145039;RECOBRIMENTO CONJUNTIVAL - OLHO ESQUERDO
;;;;0145051;RECONSTITUIÇÃO DE CANAL LACRIMAL - OLHO DIREITO
;;;;0145052;RECONSTITUIÇÃO DE CANAL LACRIMAL - OLHO ESQUERDO
;;;;0145029;RECONSTITUICAO DE FORNIX CONJUNTIVAL - OLHO DIREITO
;;;;0145040;RECONSTITUICAO DE FORNIX CONJUNTIVAL - OLHO ESQUERDO
;;;;0145053;RECONSTITUIÇAO PARCIAL DE PALPEBRA COM TARSORRAFIA - OLHO DIREITO
;;;;0145054;RECONSTITUIÇAO PARCIAL DE PALPEBRA COM TARSORRAFIA - OLHO ESQUERDO
;;;;0145027;REPOSICIONAMENTO DE LENTE INTRAOCULAR - OLHO DIREITO
;;;;0145033;REPOSICIONAMENTO DE LENTE INTRAOCULAR - OLHO ESQUERDO
;;;;0145059;RETINOPEXIA C/ INTROFLEXÃO ESCLERAL  - OLHO DIREITO
;;;;0145060;RETINOPEXIA C/ INTROFLEXAO ESCLERAL - OLHO ESQUERDO
;;;;0145030;TRABECULECTOMIA - OLHO DIREITO
;;;;0145041;TRABECULECTOMIA - OLHO ESQUERDO
;;;;0145026;TRATAMENTO DE PTOSE PALPEBRAL - OLHO DIREITO
;;;;0145037;TRATAMENTO DE PTOSE PALPEBRAL - OLHO ESQUERDO
;;;;0145015;VITRECTOMIA ANTERIOR - OD
;;;;0145016;VITRECTOMIA ANTERIOR - OE
;;0818000;GRUPO - PROCEDIMENTOS AMBULATORIAIS EM OFTALMOLOGIA;;
;;;;0818365;BIOPSIA DE TUMOR INTRA OCULAR - OLHO DIREITO
;;;;0818366;BIOPSIA DE TUMOR INTRA OCULAR - OLHO ESQUERDO
;;;;0818256;CAUTERIZACAO DE CORNEA - OLHO DIREITO
;;;;0818257;CAUTERIZACAO DE CORNEA - OLHO ESQUERDO
;;;;0818264;CORRECAO CIRURGICA DE HERNIA DE IRIS - OLHO DIREITO
;;;;0818265;CORRECAO CIRURGICA DE HERNIA DE IRIS - OLHO ESQUERDO
;;;;0818396;CRIOTERAPIA OCULAR - OLHO DIREITO
;;;;0818397;CRIOTERAPIA OCULAR - OLHO ESQUERDO
;;;;0818272;DRENAGEM DE ABSCESSO DE PALPEBRA - OLHO DIREITO
;;;;0818273;DRENAGEM DE ABSCESSO DE PALPEBRA - OLHO ESQUERDO
;;;;0818274;EPILACAO A LASER - OLHO DIREITO
;;;;0818275;EPILACAO A LASER - OLHO ESQUERDO
;;;;0818276;EPILACAO DE CILIOS - OLHO DIREITO
;;;;0818277;EPILACAO DE CILIOS - OLHO ESQUERDO
;;;;0818282;EXERESE DE TUMOR DE CONJUNTIVA - OLHO DIREITO
;;;;0818283;EXERESE DE TUMOR DE CONJUNTIVA - OLHO ESQUERDO
;;;;0818229;INJECAO INTRA-VITREO - OD
;;;;0818230;INJECAO INTRA-VITREO - OE
;;;;0818294;INJECAO RETROBULBAR/PERIBULBAR - OLHO DIREITO
;;;;0818295;INJECAO RETROBULBAR/PERIBULBAR - OLHO ESQUERDO
;;;;0818296;INJECAO SUBCONJUNTIVAL/SUBTENONIANA - OLHO DIREITO
;;;;0818297;INJECAO SUBCONJUNTIVAL/SUBTENONIANA - OLHO ESQUERDO
;;;;0818215;IRIDECTOMIA CIRURGICA - OD
;;;;0818216;IRIDECTOMIA CIRURGICA - OE
;;;;0818303;OCLUSAO DE PONTO LACRIMAL - OLHO DIREITO
;;;;0818304;OCLUSAO DE PONTO LACRIMAL - OLHO ESQUERDO
;;;;0818300;PARACENTESE DE CAMARA ANTERIOR - OLHO DIREITO
;;;;0818301;PARACENTESE DE CAMARA ANTERIOR - OLHO ESQUERDO
;;;;0818398;RADIAÇÃO PARA CROSS LINKING CORNEANO - OLHO DIREITO
;;;;0818399;RADIAÇÃO PARA CROSS LINKING CORNEANO - OLHO ESQUERDO
;;;;0818394;REMOÇÃO DE IMPLANTE EPISCLERAL - OLHO DIREITO
;;;;0818395;REMOÇÃO DE IMPLANTE EPISCLERAL - OLHO ESQUERDO
;;;;0818392;REMOÇÃO DE OLEO DE SILICONE - OLHO DIREITO
;;;;0818393;REMOÇÃO DE OLEO DE SILICONE - OLHO ESQUERDO
;;;;0818314;RETINOPEXIA PNEUMATICA - OLHO DIREITO
;;;;0818315;RETINOPEXIA PNEUMATICA - OLHO ESQUERDO
;;;;0818309;RETIRADA DE CORPO ESTRANHO DA CAMARA ANTERIOR - OLHO ESQUERDO
;;;;0818308;RETIRADA DE CORPO ESTRANHO DA CAMARA ANTERIOR- OLHO DIREITO
;;;;0818316;RETIRADA DE CORPO ESTRANHO DA CORNEA - OLHO DIREITO
;;;;0818317;RETIRADA DE CORPO ESTRANHO DA CORNEA - OLHO ESQUERDO
;;;;0818318;SIMBLEFAROPLASTIA - OLHO DIREITO
;;;;0818319;SIMBLEFAROPLASTIA - OLHO ESQUERDO
;;;;0818310;SINEQUIOLISE A YAG LASER - OLHO DIREITO
;;;;0818311;SINEQUIOLISE A YAG LASER- OLHO ESQUERDO
;;;;0818320;SONDAGEM DAS VIAS LACRIMAIS - OLHO DIREITO
;;;;0818321;SONDAGEM DAS VIAS LACRIMAIS - OLHO ESQUERDO
;;;;0818326;SUBSTITUICAO DE LENTE INTRA-OCULAR - OLHO DIREITO
;;;;0818379;SUBSTITUICAO DE LENTE INTRA-OCULAR - OLHO ESQUERDO
;;;;0818328;SUTURA DE CONJUNTIVA - OLHO DIREITO
;;;;0818329;SUTURA DE CONJUNTIVA - OLHO ESQUERDO
;;;;0818331;SUTURA DE CORNEA - OLHO DIREITO
;;;;0818332;SUTURA DE CORNEA - OLHO ESQUERDO
;;;;0818324;SUTURA DE ESCLERA - OLHO DIREITO
;;;;0818325;SUTURA DE ESCLERA - OLHO ESQUERDO
;;;;0818322;SUTURA DE PALPEBRA - OLHO DIREITO
;;;;0818323;SUTURA DE PALPEBRA - OLHO ESQUERDO
;;;;0818169;TRATAMENTO CIRURGICO DE BLEFAROCALASE - OD
;;;;0818170;TRATAMENTO CIRURGICO DE BLEFAROCALASE - OE
;;;;0818335;TRATAMENTO CIRURGICO DE DEISCENCIA DE SUTURA DE ESCLERA- OLHO DIREITO
;;;;0818336;TRATAMENTO CIRURGICO DE DEISCENCIA DE SUTURA DE ESCLERA- OLHO ESQUERDO
;;;;0818340;TRATAMENTO CIRURGICO DE MIIASE PALPEBRAL - OLHO DIREITO
;;;;0818364;TRATAMENTO CIRURGICO DE MIIASE PALPEBRAL - OLHO ESQUERDO
;;;;0818337;TRATAMENTO CIRURGICO DE PTERIGIO - OLHO DIREITO
;;;;0818338;TRATAMENTO CIRURGICO DE PTERIGIO - OLHO ESQUERDO
;;;;0818342;TRATAMENTO CIRURGICO DE TRIQUIASE C/ OU S/ENXERTO - OLHO DIREITO
;;;;0818343;TRATAMENTO CIRURGICO DE TRIQUIASE C/ OU S/ENXERTO - OLHO ESQUERDO
;;;;0818344;TRATAMENTO CIRURGICO DE XANTELASMA - OLHO DIREITO
;;;;0818345;TRATAMENTO CIRURGICO DE XANTELASMA - OLHO ESQUERDO
;;;;0818352;VITRIOLISE A YAG LASER - OLHO DIREITO
;;;;0818353;VITRIOLISE A YAG LASER - OLHO ESQUERDO
;;0823000;GRUPO - PUNCAO / BIOPSIA;;
;;;;0823010;BIOPSIA DA CORNEA
;;;;0823008;BIOPSIA DE CONJUNTIVA
;;;;0823017;BIOPSIA DE ESCLERA
;;;;0823023;BIOPSIA DE IRIS, CORPO CILIAR, RETINA, COROIDE E VITREO
;;;;0823034;BIOPSIA DE PALPEBRA
;;1703007;RETINOGRAFIA COLORIDA BINOCULAR;;
;;1712012;RETINOGRAFIA FLUORESCENTE;;
;;1720013;TOMOGRAFIA DE COERÊNCIA ÓPTICA;;
;;1707164;TRATAMENTO MEDICAMENTOSO DA DOENÇA DA RETINA;;
;CLINICA GASTRONORTE;;;;
;;1711101;COLONOSCOPIA;;
;;1711103;GASTRO-DUODENOSCOPIA (ENDOSCOPIA DIGESTIVA);;
;;1711106;RETOSIGMOIDOSCOPIA;;
;CLINICA HARLEY STREET;;;;
;;0701431;CONSULTA EM OFTALMOLOGIA - ACIMA DE 60 ANOS;;
;;0701814;CONSULTA EM OFTALMOLOGIA - AVALIACAO CIRURGICA;;
;;0701225;CONSULTA EM OFTALMOLOGIA - GERAL;;
;;2018324;CONSULTA EM OFTALMOLOGIA - GERAL RETORNO;;
;;0703283;CONSULTA EM OFTALMOLOGIA - GLAUCOMA - RETORNO;;
;;0118091;CONSULTA EM OFTALMOLOGIA - POS OPERATORIO;;
;;0037014;CONSULTA EM OFTALMOLOGIA- ACIMA DE 60 ANOS- RETORNO;;
;;0031125;EXERCICIOS ORTOPTICOS;;
;;0814000;GRUPO - CIRURGIA AMB EM APARELHO VISUAL;;
;;0743000;GRUPO - CIRURGIA DE CATARATA;;
;;1428000;GRUPO - DIAGNOSTICO POR ULTRASSONOGRAFIA - OFTALMOLOGIA;;
;;1707000;GRUPO - OFTALMOLOGIA;;
;;0461000;GRUPO - OFTALMOLOGIA - CATARATA;;
;;0462000;GRUPO - OFTALMOLOGIA - GLAUCOMA;;
;;0145000;GRUPO - OFTALMOLOGIA (APAC);;
;;0818000;GRUPO - PROCEDIMENTOS AMBULATORIAIS EM OFTALMOLOGIA;;
;;0823000;GRUPO - PUNCAO / BIOPSIA;;
;;1703007;RETINOGRAFIA COLORIDA BINOCULAR;;
;CLINICA MAIS VIDA LTDA;;;;
;;1407014;ECOCARDIOGRAFIA BI-DIMENSIONAL COM OU SEM DOPPLER;;
;;1703205;TESTE DE ESFORCO OU TESTE ERGOMETRICO 2;;
;CLINICA RENAL DE MANAUS;;;;
;;0766279;CONSULTA EM NEFROLOGIA - TERAPIA RENAL SUBSTITUTIVA;;
;;2018304;CONSULTA PARA AVALIAÇÃO DE DIALISE;;
;CLINICA SENSUMED;;;;
;;2018106;CONSULTA EM ONCOLOGIA - BRAQUITERAPIA;;
;;0703810;CONSULTA EM ONCOLOGIA - RADIOTERAPIA;;
;;0701391;CONSULTA EM ONCOLOGIA CLINICA - QUIMIOTERAPIA;;
;;1313001;DENSITOMETRIA OSSEA - RADIODIAGNOSTICO;;
;;1407014;ECOCARDIOGRAFIA BI-DIMENSIONAL COM OU SEM DOPPLER;;
;;1407032;ECOCARDIOGRAFIA BI-DIMENSIONAL COM OU SEM DOPPLER - INFANTIL;;
;;1407024;ECOCARDIOGRAFIA TRANSESOFAGICA;;
;;3513000;GRUPO - DIAGNOSTICO POR TOMOGRAFIA (SEDACAO);;
;;1401000;GRUPO - EXAMES ULTRA-SONOGRAFICOS;;
;;1305000;GRUPO - MAMOGRAFIA;;
;;;;1305001;MAMOGRAFIA BILATERAL PARA RASTREAMENTO (ROTINA)
;;;;1305002;MAMOGRAFIA UNILATERAL MAMA D (DIAGNOSTICO)
;;;;1305003;MAMOGRAFIA UNILATERAL MAMA E (DIAGNOSTICO)
;;2900000;GRUPO - QUIMIOTERAPIA (CUSTO MENSAL);;
;;;;2900015;ADENOCARCINOMA  DE  PROSTATA RESISTENTE A HORMONIOTERAPIA
;;;;2900010;ADENOCARCINOMA  DE  RETO 1a LINHA
;;;;2900011;ADENOCARCINOMA  DE  RETO 2a LINHA
;;;;2900009;ADENOCARCINOMA  DE COLON  2a LINHA
;;;;2900008;ADENOCARCINOMA DE COLON - 1a LINHA
;;;;2900079;ADENOCARCINOMA DE COLON (ESTADIOS II e III ou DUKES B e C)
;;;;2900005;ADENOCARCINOMA DE PANCREAS
;;;;2900080;ADENOCARCINOMA DE RETO (ESTADIOS II e III ou DUKES B e C)
;;;;2900072;CARCINOMA DE BEXIGA (ESTADIO III)
;;;;2900065;CARCINOMA EPIDERMOIDE DE RETO,   DE CANAL ANAL E MARGENS ANA
;;;;2900012;CARCINOMA EPIDERMOIDE DE RETO,  DE CANAL ANAL E DE MARGEM  A
;;;;2900067;CARCINOMA EPIDERMOIDE DE VULVA
;;;;2900017;CARCINOMA EPIDERMOIDE OU ADENOCARCINOMA DO COLO UTERINO
;;;;2900066;CARCINOMA EPIDERMOIDE OU ADENOCARCINOMA DO COLO UTERINO (EST
;;;;2900030;CARCINOMA INDIFERENCIADO DE TIREOIDE
;;;;2900061;CARCINOMA PULMONAR DE CELULAS NAO PEQUENAS (ESTADIOS III A e
;;;;2900062;CARCINOMA PULMONAR INDIFERENCIADO DE CELULAS  PEQUENAS
;;;;2900207;HORMONIOTERAPIA DE CARCINOMA DE MAMA ESTADIO II
;;;;2900208;HORMONIOTERAPIA DE CARCINOMA DE MAMA ESTADIO III CLINICO
;;;;2900141;HORMONIOTERAPIA DO ADENOCARCINOMA DE PRÓSTATA AVANÇADO - 1ª LINHA
;;;;2900064;HORMONIOTERAPIA DO ADENOCARCINOMA DE PRÓSTATA AVANÇADO - 2ª LINHA
;;;;2900144;HORMONIOTERAPIA DO CARCINOMA DE MAMA AVANÇADO - 2ª LINHA
;;;;2900145;HORMONIOTERAPIA DO CARCINOMA DE MAMA AVANÇADO- 1ª LINHA
;;;;2900147;HORMONIOTERAPIA DO CARCINOMA DE MAMA EM ESTÁDIO I
;;;;2900187;HORMONIOTERAPIA PRÉVIA À RADIOTERAPIA EXTERNA DO ADENOCARCINOMA DE PRÓSTATA
;;;;2900133;MMONOQUIMIOTERAPIA DO CARCINOMA DE MAMA HER-2 POSITIVO EM ESTADIO II(ADJUVANTE)
;;;;2900154;MONOQUIMIOTERAPIA DO CARCINOMA DE MAMA HER-2 POSITIVO EM ESTÁDIO I (ADJUVANTE)
;;;;2900132;MONOQUIMIOTERAPIA DO CARCINOMA DE MAMA HER-2 POSITIVO EM ESTADIO III (ADJUVANTE)
;;;;2900116;NEOPLASIA  OVARIANA DE  CELULAS GERMINATIVAS
;;;;2900019;NEOPLASIA MALIGNA EPITELIAL DE OVARIO (ESTADIO IV OU RECIDIV
;;;;2900151;POLIQUIMIOTERAPIA DO CARCINOMA DE MAMA HER-2 POSITIVO EM ESTÁDIO I (ADJUVANTE)
;;;;2900152;POLIQUIMIOTERAPIA DO CARCINOMA DE MAMA HER-2 POSITIVO EM ESTÁDIO II (ADJUVANTE)
;;;;2900134;POLIQUIMIOTERAPIA DO CARCINOMA DE MAMA HER-2 POSITIVO EM ESTÁDIO III
;;;;2900153;POLIQUIMIOTERAPIA DO CARCINOMA DE MAMA HER-2 POSITIVO EM ESTÁDIO III (ADJUVANTE)
;;;;2900203;QUIMIOTERAPIA DE CARCINOMA DO FIGADO OU DO TRATO BILIAR AVANCADO
;;;;2900202;QUIMIOTERAPIA DO ADENOCARCINOMA DE ESTOMAGO (POS OPERATORIA)
;;;;2900205;QUIMIOTERAPIA DO ADENOCARCINOMA DE ESTOMAGO (PRE-OPERATORIA)
;;;;2900131;QUIMIOTERAPIA DO ADENOCARCINOMA DE RETO (ESTADIOS II E III OU DUKES B E C)
;;;;2900146;QUIMIOTERAPIA DO CARCINOMA DE MAMA (PRÉVIA)
;;;;2900143;QUIMIOTERAPIA DO CARCINOMA DE MAMA AVANÇADO - 2ª LINHA
;;;;2900142;QUIMIOTERAPIA DO CARCINOMA DE MAMA AVANÇADO -1ª LINHA
;;;;2900150;QUIMIOTERAPIA DO CARCINOMA DE MAMA EM ESTÁDIO I
;;;;2900149;QUIMIOTERAPIA DO CARCINOMA DE MAMA EM ESTÁDIO II
;;;;2900148;QUIMIOTERAPIA DO CARCINOMA DE MAMA EM ESTÁDIO III
;;;;2900035;TUMORES DO SISTEMA NERVOSO CENTRAL (GLIOMA)
;;1301000;GRUPO - RADIODIAGNOSTICO;;
;;2800000;GRUPO - RADIOTERAPIA (POR ESPECIFICACAO);;
;;;;2800094;BRAQUITERAPIA DE PRÓSTATA
;;;;2800091;BRAQUITERAPIA GINECOLÓGICA
;;;;2800084;RADIOTERAPIA DE CABEÇA E PESCOÇO
;;;;2800100;RADIOTERAPIA DE CADEIA LINFÁTICA
;;;;2800090;RADIOTERAPIA DE CÂNCER GINECOLÓGICO
;;;;2800104;RADIOTERAPIA DE DOENÇA BENIGNA
;;;;2800101;RADIOTERAPIA DE LINFOMA E LEUCEMIA
;;;;2800089;RADIOTERAPIA DE MAMA
;;;;2800098;RADIOTERAPIA DE METÁSTASE EM SISTEMA NERVOSO CENTRAL
;;;;2800096;RADIOTERAPIA DE OLHOS E ANEXOS
;;;;2800087;RADIOTERAPIA DE OSSOS/CARTILAGENS/PARTES MOLES
;;;;2800088;RADIOTERAPIA DE PELE
;;;;2800092;RADIOTERAPIA DE PÊNIS
;;;;2800099;RADIOTERAPIA DE PLASMOCITOMA / MIELOMA / METÁSTASES EM OUTRAS LOCALIZAÇÕES
;;;;2800093;RADIOTERAPIA DE PRÓSTATA
;;;;2800105;RADIOTERAPIA DE SISTEMA NERVOSO CENTRAL
;;;;2800086;RADIOTERAPIA DE TRAQUEIA, BRÔNQUIO, PULMÃO, PLEURA E MEDIASTINO
;;;;2800085;RADIOTERAPIA DO APARELHO DIGESTIVO
;;;;2800095;RADIOTERAPIA DO APARELHO URINÁRIO
;;;;2800106;RADIOTERAPIA ESTEREOTÁXICA
;;3100000;GRUPO - RESSONANCIA MAGNETICA;;
;;3103000;GRUPO - RESSONANCIA MAGNETICA (SEDACAO);;
;;3500000;GRUPO - TOMOGRAFIA COMPUTADORIZADA;;
;;1703205;TESTE DE ESFORCO OU TESTE ERGOMETRICO 2;;
;CLINILAB;;;;
;;1200000;GRUPO - ANATOMOPATOLOGIA E CITOPATOLOGIA;;
;;2280000;GRUPO - PATOLOGIA CLINICA (EXAMES DE LABORATORIO 2);;
;;;;2280219;17 ALFA HIDROXI PROGESTERONA
;;;;2280313;ACIDEZ TITULÁVEL NO LEITE HUMANO (DORNIC)
;;;;2280220;ACIDO ASCORBICO
;;;;2280001;ACIDO FOLICO
;;;;2280002;ACIDO URICO
;;;;2280534;ACIDO URICO LIQUIDO NO SINOVIAL E DERRAMES
;;;;2280003;ACIDO URICO URINARIO
;;;;2280535;ADENOGRAMA
;;;;2280004;ADRENOCORTICOTROFICO, HORMONIO - ACTH
;;;;2280225;ALFA 1 ANTITRIPSINA
;;;;2280005;ALFA 1 GLICOPROTEINA ACIDA
;;;;2280226;ALFA FETO PROTEINA
;;;;2280006;AMILASE
;;;;2280007;ANDROSTENEDIONA
;;;;2280009;ANTI HBC - IGM ANTICORPOS IGM CONTRA ANTIGENO C DA HEPATITE B (ANTI-HBC-IGM)
;;;;2280011;ANTI HBE - ANTICORPOS CONTRA ANTIGENO E DA HEPATITE B
;;;;2280012;ANTI HBS - ANTICORPOS CONTRA ANTIGENO S DA HEPATITE B
;;;;2280015;ANTIBIOGRAMA
;;;;2280446;ANTIBIOGRAMA C/ CONCENTRACAO INIBITORIA MINIMA
;;;;2280181;ANTIBIOGRAMA P/ MICOBACTERIAS
;;;;2280613;ANTICORPOS ANTI-PLAQUETARIOS - DETERMINAÇÃO
;;;;2280018;ANTIPEROXIDASE /ANTI TPO
;;;;2280022;BACILOSCOPIA DIRETA P/ BAAR (HANSENIASE)
;;;;2280447;BACILOSCOPIA DIRETA P/ BAAR TUBERCULOS (CONTROLE)
;;;;2280023;BACILOSCOPIA DIRETA P/ BAAR TUBERCULOSE (DIAGNOSTICA)
;;;;2280024;BACTEROSCOPIA (GRAM)
;;;;2280221;BETA 2 MICROGLOBULINA
;;;;2280025;BILIRRUBINA TOTAL E FRACOES
;;;;2280029;CALCIO
;;;;2280030;CALCIO IONIZAVEL
;;;;2280031;CALCIO URINARIO
;;;;2280033;CEA (ANTIGENO CARCINOEMBRIOGENICO)
;;;;2280034;CELULAS LE - PESQUISA
;;;;2280035;CHAGAS , IFI
;;;;2280259;CHUMBO
;;;;2280260;CHUMBO URINARIO
;;;;2280536;CITOLOGIA P/ CLAMIDIA
;;;;2280537;CITOLOGIA P/ HERPESVIRUS
;;;;2280038;CITOMEGALOVIRUS , IFI (IGG)
;;;;2280039;CITOMEGALOVIRUS , IFI (IGM)
;;;;2280314;CITOQUIMICA HEMATOLOGICA
;;;;2280040;CLEARANCE DE CREATININA
;;;;2280413;CLEARANCE DE FOSFATO
;;;;2280414;CLEARANCE DE UREIA
;;;;2280281;CLEARANCE OSMOLAR
;;;;2280041;CLORETO
;;;;2280042;COLESTEROL ( LDL)
;;;;2280043;COLESTEROL (HDL)
;;;;2280045;COLESTEROL TOTAL
;;;;2280229;COMPLEMENTO ( CH50 ) , DOSAGEM
;;;;2280047;COMPLEMENTO C3 , IDR
;;;;2280048;COMPLEMENTO C4 , IDR
;;;;2280415;CONTAGEM DE ADDIS
;;;;2280432;CONTAGEM DE LINFOCITOS T TOTAIS
;;;;2280049;CONTAGEM DE PLAQUETAS
;;;;2280538;CONTAGEM ESPECIFICA DE CELULAS NO LIQUOR
;;;;2280539;CONTAGEM GLOBAL DE CELULAS NO LIQUOR
;;;;2280050;COOMBS  INDIRETO (INCLUI QUANTITATIVO)
;;;;2280051;COOMBS DIRETO
;;;;2280053;CREATININA
;;;;2280054;CREATININA, DOSAGEM EM URINA DE 24 HS
;;;;2280055;CREATINOFOSFOQUINASE - FRACAO MB
;;;;2280164;CULTURA DE BACTERIAS PARA INDENTIFICACAO
;;;;2280448;CULTURA DO LEITE HUMANO (POS-PASTEURIZAÇÃO)
;;;;2280449;CULTURA P/ HERPESVIRUS
;;;;2280210;CULTURA PARA BAAR
;;;;2280165;CULTURA PARA BACTERIAS ANAEROBICAS
;;;;2280057;CULTURA PARA IDENTIFICACAO DE FUNGOS
;;;;2280058;CURVA GLICEMICA CLASSICA 5 DOSAGENS-ORAL
;;;;2280059;DEHIDROEPIANDROSTERONA - DHEA
;;;;2280697;DETECCAO D/ DNA PROVIRAL D/ HTLV-1 E D/ HTLV-2 P/ POPULACAO EXCETO GESTANTE , PARCEIRO E PARCERIA
;;;;2280339;DETECCAO DE ÁCIDOS NUCLEICOS DO HIV-1 (QUALITATIVO)
;;;;2280382;DETECÇÃO DE CLAMÍDIA E GONOCOCO POR BIOLOGIA MOLECULAR
;;;;2280203;DETERMINACAO DE CAPACIDADE DE FIXACAO DO FERRO
;;;;2280563;DETERMINACAO DE CARIOTIPO EM CULTURA DE LONGA DURACAO (C/ TECNICA DE BANDAS)
;;;;2280564;DETERMINACAO DE CARIOTIPO EM MEDULA OSSEA E VILOSIDADES CORIONICAS (C/ TECNICA DE BANDAS)
;;;;2280565;DETERMINACAO DE CARIOTIPO EM SANGUE PERIFERICO (C/ TECNICA DE BANDAS)
;;;;2280312;DETERMINAÇÃO DE CREMATÓCRITO NO LEITE HUMANO ORDENHADO
;;;;2280282;DETERMINACAO DE CROMATOGRAFIA DE AMINOACIDOS
;;;;2280315;DETERMINACAO DE CURVA DE RESISTENCIA GLOBULAR
;;;;2280167;DETERMINACAO DE CURVA GLICEMICA (2 DOSAGENS)
;;;;2280283;DETERMINACAO DE CURVA GLICEMICA C/ INDUCAO POR CORTISONA ( 5 DOSAGENS)
;;;;2280284;DETERMINACAO DE CURVA GLICEMICA C/ INDUCAO POR CORTISONA (4 DOSAGENS)
;;;;2280316;DETERMINACAO DE ENZIMAS ERITROCITARIAS (CADA)
;;;;2280540;DETERMINACAO DE FOSFOLIPIDIOS RELACAO LECITINA - ESFINGOMIELINA NO LIQUIDO AMNIOTICO
;;;;2280485;DETERMINACAO DE INDICE DE TIROXINA LIVRE
;;;;2280416;DETERMINACAO DE OSMOLALIDADE
;;;;2280285;DETERMINACAO DE OSMOLARIDADE
;;;;2280486;DETERMINACAO DE RETENCAO DE T3
;;;;2280317;DETERMINACAO DE SULFO-HEMOGLOBINA
;;;;2280487;DETERMINACAO DE T3 REVERSO
;;;;2280060;DETERMINACAO DE TEMPO DE COAGULACAO
;;;;2280318;DETERMINACAO DE TEMPO DE LISE DA EUGLOBULINA
;;;;2280061;DETERMINACAO DE TEMPO DE SANGRAMENTO ( DUKE )
;;;;2280319;DETERMINACAO DE TEMPO DE SANGRAMENTO DE IVY
;;;;2280320;DETERMINACAO DE TEMPO DE SOBREVIDA DE HEMACIAS
;;;;2280168;DETERMINACAO DE TEMPO DE TROMBINA
;;;;2280062;DETERMINACAO DE TEMPO DE TROMBOPLASTINA PARCIAL  (TTP A)
;;;;2280063;DETERMINACAO DE TEMPO E ATIVIDADE DA PROTROMBINA (TAP)
;;;;2280235;DIHIDROTESTOSTERONA - DHT
;;;;2280398;DOSAGEM DA FRAÇÃO C1Q DO COMPLEMENTO
;;;;2280488;DOSAGEM DE 17-CETOSTEROIDES TOTAIS
;;;;2280489;DOSAGEM DE 17-HIDROXICORTICOSTEROIDES
;;;;2280177;DOSAGEM DE 25 HIDROXIVITAMINA D
;;;;2280286;DOSAGEM DE 5-NUCLEOTIDASE
;;;;2280287;DOSAGEM DE ACETONA
;;;;2280265;DOSAGEM DE ACIDO 5-HIDROXI-INDOL-ACETICO (SEROTONINA)
;;;;2280505;DOSAGEM DE ACIDO DELTA-AMINOLEVULINICO
;;;;2280506;DOSAGEM DE ACIDO HIPURICO
;;;;2280507;DOSAGEM DE ACIDO MANDELICO
;;;;2280508;DOSAGEM DE ACIDO METIL-HIPURICO
;;;;2280509;DOSAGEM DE ACIDO VALPROICO
;;;;2280288;DOSAGEM DE ACIDO VANILMANDELICO
;;;;2280289;DOSAGEM DE ALDOLASE
;;;;2280490;DOSAGEM DE ALDOSTERONA
;;;;2280290;DOSAGEM DE ALFA-2-MACROGLOBULINA
;;;;2280510;DOSAGEM DE ALUMINIO
;;;;2280291;DOSAGEM DE AMONIA
;;;;2280491;DOSAGEM DE AMP CICLICO
;;;;2280511;DOSAGEM DE ANFETAMINAS
;;;;2280321;DOSAGEM DE ANTICOAGULANTE CIRCULANTE
;;;;2280397;DOSAGEM DE ANTICORPOS ANTITRANSGLUTAMINAISE RECOMBINANTE HUMANO IGA
;;;;2280227;DOSAGEM DE ANTITROMBINA III
;;;;2280512;DOSAGEM DE BARBITURATOS
;;;;2280513;DOSAGEM DE CADMIO
;;;;2280492;DOSAGEM DE CALCITONINA
;;;;2280514;DOSAGEM DE CARBAMAZEPINA
;;;;2280515;DOSAGEM DE CARBOXI-HEMOGLOBINA
;;;;2280292;DOSAGEM DE CAROTENO
;;;;2280293;DOSAGEM DE CERULOPLASMINA
;;;;2280516;DOSAGEM DE CICLOSPORINA
;;;;2280418;DOSAGEM DE CITRATO
;;;;2280517;DOSAGEM DE COBRE
;;;;2280294;DOSAGEM DE COLINESTERASE
;;;;2280178;DOSAGEM DE CORTISOL
;;;;2280541;DOSAGEM DE CREATININA NO LIQUIDO AMNIOTICO
;;;;2280066;DOSAGEM DE CREATINOFOSFOQUINASE (CPK)
;;;;2280341;DOSAGEM DE CRIOAGLUTININA
;;;;2280295;DOSAGEM DE DESIDROGENASE ALFA-HIDROXIBUTIRICA
;;;;2280296;DOSAGEM DE DESIDROGENASE GLUTAMICA
;;;;2280067;DOSAGEM DE DESIDROGENASE LATICA
;;;;2280297;DOSAGEM DE DESIDROGENASE LATICA (ISOENZIMAS FRACIONADAS)
;;;;2280403;DOSAGEM DE ESTERCOBILINOGENIO FECAL
;;;;2280186;DOSAGEM DE ESTRIOL
;;;;2280187;DOSAGEM DE ESTRONA
;;;;2280322;DOSAGEM DE FATOR V
;;;;2280323;DOSAGEM DE FATOR VIII (INIBIDOR)
;;;;2280324;DOSAGEM DE FATOR VON WILLEBRAND (ANTIGENO)
;;;;2280325;DOSAGEM DE FATOR XIII
;;;;2280518;DOSAGEM DE FENITOINA
;;;;2280519;DOSAGEM DE FENOL
;;;;2280326;DOSAGEM DE FIBRINOGENIO
;;;;2280520;DOSAGEM DE FORMALDEIDO
;;;;2280551;DOSAGEM DE FOSFATASE ÁCIDA NO ESPERMA
;;;;2280298;DOSAGEM DE FOSFATASE ACIDA TOTAL
;;;;2280542;DOSAGEM DE FOSFATASE ALCALINA NO ESPERMA
;;;;2280299;DOSAGEM DE FRACAO PROSTATICA DA FOSFATASE ACIDA
;;;;2280252;DOSAGEM DE FRUTOSE
;;;;2280197;DOSAGEM DE FRUTOSE NO ESPERMA
;;;;2280300;DOSAGEM DE GALACTOSE
;;;;2280253;DOSAGEM DE GASTRINA
;;;;2280543;DOSAGEM DE GLICOSE NO LIQUIDO SINOVIAL E DERRAMES
;;;;2280301;DOSAGEM DE GLICOSE-6-FOSFATO DESIDROGENASE
;;;;2280493;DOSAGEM DE GLOBULINA TRANSPORTADORA DE TIROXINA
;;;;2280207;DOSAGEM DE GORDURA FECAL
;;;;2280254;DOSAGEM DE HAPTOGLOBINA
;;;;2280068;DOSAGEM DE HEMOGLOBINA
;;;;2280327;DOSAGEM DE HEMOGLOBINA - INSTABILIDADE A 37OC
;;;;2280328;DOSAGEM DE HEMOGLOBINA FETAL
;;;;2280329;DOSAGEM DE HEMOSSIDERINA
;;;;2280302;DOSAGEM DE HIDROXIPROLINA
;;;;2280175;DOSAGEM DE IMUNOGLOBULINA A (IGA)
;;;;2280174;DOSAGEM DE IMUNOGLOBULINA E (IGE)
;;;;2280176;DOSAGEM DE IMUNOGLOBULINA M (IGM)
;;;;2280257;DOSAGEM DE INIBIDOR DE C1-ESTERASE
;;;;2280303;DOSAGEM DE ISOMERASE-FOSFOHEXOSE
;;;;2280304;DOSAGEM DE LACTATO
;;;;2280305;DOSAGEM DE LEUCINO-AMINOPEPTIDASE
;;;;2280521;DOSAGEM DE MERCURIO
;;;;2280522;DOSAGEM DE META-HEMOGLOBINA
;;;;2280523;DOSAGEM DE METOTREXATO
;;;;2280194;DOSAGEM DE MICROALBUMINA NA URINA
;;;;2280419;DOSAGEM DE OXALATO
;;;;2280202;DOSAGEM DE PEPTIDEO C
;;;;2280306;DOSAGEM DE PIRUVATO
;;;;2280330;DOSAGEM DE PLASMINOGENIO
;;;;2280307;DOSAGEM DE PORFIRINAS
;;;;2280069;DOSAGEM DE POTASSIO
;;;;2280273;DOSAGEM DE PROTEINA C REATIVA
;;;;2280070;DOSAGEM DE PROTEINAS ( URINA DE 24 HORAS )
;;;;2280544;DOSAGEM DE PROTEINAS NO LIQUIDO SINOVIAL E DERRAMES
;;;;2280169;DOSAGEM DE PROTEINAS TOTAIS
;;;;2280494;DOSAGEM DE RENINA
;;;;2280071;DOSAGEM DE SODIO
;;;;2280267;DOSAGEM DE SOMATOMEDINA C (IGF1)
;;;;2280495;DOSAGEM DE SULFATO DE HIDROEPIANDROSTERONA (DHEAS)
;;;;2280308;DOSAGEM DE TRIPTOFANO
;;;;2280211;DOSAGEM DE TROPONINA
;;;;2280185;DOSAGEM DE ZINCO
;;;;2280188;DOSAGEM DO  ANTIGENO  CA 125
;;;;2280420;DOSAGEM E/OU FRACIONAMENTO DE ACIDOS ORGANICOS
;;;;2280072;EAS - SUMARIO DE URINA
;;;;2280237;ELETROFORESE DE HEMOGLOBINA
;;;;2280238;ELETROFORESE DE LIPOPROTEINAS
;;;;2280236;ELETROFORESE DE PROTEINAS
;;;;2280545;ELETROFORESE DE PROTEINAS C/ CONCENTRACAO NO LIQUOR
;;;;2280154;ERITROGRAMA( ERITROCITOS, HEMOGLOBINA, HEMATOCRITO )
;;;;2280546;ESPECTROFOTOMETRIA NO LIQUIDO AMNIOTICO
;;;;2280547;ESPLENOGRAMA
;;;;2280073;ESTRADIOL
;;;;2280404;EXAME COPROLOGICO FUNCIONAL
;;;;2280548;EXAME DE CARACTERES FISICOS CONTAGEM GLOBAL E ESPECIFICA DE CELULAS
;;;;2280399;EXAME LABORATORIAL PARA DOENÇA DE GAUCHER I
;;;;2280400;EXAME LABORATORIAL PARA DOENÇA DE GAUCHER II
;;;;2280179;EXAME MICROBIOLOGICO A FRESCO ( MICOLOGICO DIRETO)
;;;;2280421;EXAME QUALITATIVO DE CALCULOS URINARIOS
;;;;2280074;FAN - ANTICORPOS ANTI-NUCLEO , IFI
;;;;2280240;FATOR II - DOSAGEM
;;;;2280245;FATOR IX - DOSAGEM
;;;;2280075;FATOR REUMATOIDE , TESTE DO LATEX
;;;;2280076;FATOR RH (INCLUI DO FRACO)
;;;;2280243;FATOR VII - DOSAGEM
;;;;2280244;FATOR VIII - DOSAGEM
;;;;2280246;FATOR X - DOSAGEM
;;;;2280247;FATOR XI - DOSAGEM
;;;;2280248;FATOR XII - DOSAGEM
;;;;2280568;FENOTIPAGEM DE SISTEMA RH - HR
;;;;2280077;FERRITINA
;;;;2280078;FERRO SERICO
;;;;2280079;FOLICULO ESTIMULANTE, HORMONIO - FSH
;;;;2280080;FOSFATASE ALCALINA
;;;;2280082;GAMA-GLUTAMIL TRANSFERASE - GAMA GT
;;;;2280309;GASOMETRIA (PH PCO2 PO2 BICARBONATO AS2 (EXCESSO OU DEFICIT BASE )
;;;;2280083;GLICEMIA DE JEJUM
;;;;2280084;GLICEMIA POS PRANDIAL
;;;;2280085;GONADOTROFINA CORIONICA - BETA  HCG
;;;;2280086;GRUPO ABO - DETERMINACAO
;;;;2280088;HAV- IGG  ANTICORPOS  IGG CONTRA O VIRUS DA HEPATITE A
;;;;2280089;HAV-IGM   ANTICORPOS  IGM CONTRA O VIRUS DA HEPATITE A
;;;;2280090;HBEAG - ANTIGENO E DA HEPATITE B
;;;;2280092;HEMATOCRITO
;;;;2280450;HEMOCULTURA
;;;;2280094;HEMOGLOBINA GLICOSILADA
;;;;2280095;HEMOGRAMA COMPLETO
;;;;2280096;HERPES SIMPLES , PESQUISA DE ANTICORPOS, IGG
;;;;2280097;HERPES SIMPLES , PESQUISA DE ANTICORPOS, IGM
;;;;2280098;HERPES ZOSTER , PESQUISA DE ANTICORPOS , IGM
;;;;2280099;HERPES ZOSTER , PESQUISA DE ANTICORPOS, IGG
;;;;2280160;HORMONIO DE CRESCIMENTO - HGH
;;;;2280180;IDENTIFICAÇAO AUTOMATIZADA DE MICRORGANISMOS
;;;;2280569;IDENTIFICACAO DE ANTICORPOS SERICOS IRREGULARES C/ PAINEL DE HEMACIAS
;;;;2280405;IDENTIFICACAO DE FRAGMENTOS DE HELMINTOS
;;;;2280417;IDENTIFICAÇÃO DE GLICÍDIOS URINÁRIOS POR CROMATOGRAFIA (CAMADA DELGADA)
;;;;2280204;IMUNOELETROFORESE DE PROTEINAS
;;;;2280343;IMUNOFENOTIPAGEM DE HEMOPATIAS MALIGNAS (POR MARCADOR)
;;;;2280101;INSULINA
;;;;2280156;LEUCOGRAMA
;;;;2280102;LH LUTEINIZANTE HORMONIO
;;;;2280232;LINFOCITOS B , CONTAGEM
;;;;2280103;LIPASE
;;;;2280104;LITIO SERICO
;;;;2280105;MAGNESIO
;;;;2280258;MAGNESIO URINARIO
;;;;2280549;MIELOGRAMA
;;;;2280106;MUCO PROTEINAS
;;;;2280107;PARASITOLOGICO (METODOS DE CONCENTRACAO)
;;;;2280111;PARATORMONIO - DOSAGEM
;;;;2280451;PEQUISA DE PNEUMOCYSTI CARINI
;;;;2280422;PESQUISA / DOSAGEM DE AMINOACIDOS (POR CROMATOGRAFIA)
;;;;2280423;PESQUISA DE ALCAPTONA NA URINA
;;;;2280424;PESQUISA DE AMINOACIDOS NA URINA
;;;;2280192;PESQUISA DE ANTICORPO IGG ANTICARDIOLIPINA
;;;;2280193;PESQUISA DE ANTICORPO IGM ANTICARDIOLIPINA
;;;;2280347;PESQUISA DE ANTICORPOS ANTIADENOVIRUS
;;;;2280348;PESQUISA DE ANTICORPOS ANTIAMEBAS
;;;;2280349;PESQUISA DE ANTICORPOS ANTIASPERGILLUS
;;;;2280440;PESQUISA DE ANTICORPOS ANTIBRUCELAS
;;;;2280350;PESQUISA DE ANTICORPOS ANTICISTICERCO
;;;;2280351;PESQUISA DE ANTICORPOS ANTICLAMIDIA (POR IMUNOFLUORESCENCIA)
;;;;2280352;PESQUISA DE ANTICORPOS ANTICORTEX SUPRARENAL
;;;;2280191;PESQUISA DE ANTICORPOS ANTI-DNA
;;;;2280353;PESQUISA DE ANTICORPOS ANTIEQUINOCOCOS
;;;;2280228;PESQUISA DE ANTICORPOS ANTIESCLERODERMA (SCL 70)
;;;;2280354;PESQUISA DE ANTICORPOS ANTIESPERMATOZOIDES
;;;;2280550;PESQUISA DE ANTICORPOS ANTIESPERMATOZOIDES ( ELISA )
;;;;2280441;PESQUISA DE ANTICORPOS ANTIESTREPTOLISINA O (ASLO)
;;;;2280355;PESQUISA DE ANTICORPOS ANTIFIGADO
;;;;2280356;PESQUISA DE ANTICORPOS ANTIGLOMERULO
;;;;2280344;PESQUISA DE ANTICORPOS ANTI-HELICOBACTER PYLORI
;;;;2280345;PESQUISA DE ANTICORPOS ANTI-HIV-1 (WESTERN BLOT)
;;;;2280357;PESQUISA DE ANTICORPOS ANTIILHOTA DE LANGERHANS
;;;;2280358;PESQUISA DE ANTICORPOS ANTIINSULINA
;;;;2280359;PESQUISA DE ANTICORPOS ANTILEPTOSPIRAS
;;;;2280360;PESQUISA DE ANTICORPOS ANTILISTERIA
;;;;2280361;PESQUISA DE ANTICORPOS ANTIMITOCONDRIA
;;;;2280362;PESQUISA DE ANTICORPOS ANTIMUSCULO ESTRIADO
;;;;2280363;PESQUISA DE ANTICORPOS ANTIMUSCULO LISO
;;;;2280364;PESQUISA DE ANTICORPOS ANTIPARIETAIS
;;;;2280365;PESQUISA DE ANTICORPOS ANTIPLASMODIOS
;;;;2280205;PESQUISA DE ANTICORPOS ANTI-RIBONUCLEOPROTEINA (RNP)
;;;;2280346;PESQUISA DE ANTICORPOS ANTI-SCHISTOSOMAS
;;;;2280206;PESQUISA DE ANTICORPOS ANTI-SM
;;;;2280189;PESQUISA DE ANTICORPOS ANTI-SS-A (RO)
;;;;2280190;PESQUISA DE ANTICORPOS ANTI-SS-B (LA)
;;;;2280277;PESQUISA DE ANTICORPOS ANTITIREOGLOBULINA
;;;;2280366;PESQUISA DE ANTICORPOS CONTRA HISTOPLASMA
;;;;2280367;PESQUISA DE ANTICORPOS CONTRA O SPOROTRIX SCHENKII
;;;;2280368;PESQUISA DE ANTICORPOS CONTRA O VIRUS DA HEPATITE D (ANTI-HDV)
;;;;2280369;PESQUISA DE ANTICORPOS CONTRA O VIRUS DO SARAMPO
;;;;2280158;PESQUISA DE ANTICORPOS CONTRA PARACOCCIDIOIDES BRASILIENSIS
;;;;2280370;PESQUISA DE ANTICORPOS E/OU ANTIGENO DO VIRUS SINCICIAL RESPIRATORIO
;;;;2280371;PESQUISA DE ANTICORPOS EIE ANTICLAMIDIA
;;;;2280170;PESQUISA DE ANTICORPOS HETEROFILOS CONTA O VIRUS EPSTEIN BARR (MONONUCLEOSE)
;;;;2280373;PESQUISA DE ANTICORPOS IGG ANTILEISHMANIAS
;;;;2280115;PESQUISA DE ANTICORPOS IGG ANTITRIPANOSOMA CRUZI
;;;;2280376;PESQUISA DE ANTICORPOS IGG CONTRA ARBOVIRUS
;;;;2280199;PESQUISA DE ANTICORPOS IGG CONTRA O VIRUS EPSTEIN-BARR
;;;;2280375;PESQUISA DE ANTICORPOS IGG E IGM CONTRA ANTIGENO CENTRAL DO VIRUS DA HEPATITE B (ANTI-HBC-TOTAL)
;;;;2280378;PESQUISA DE ANTICORPOS IGM ANTILEISHMANIAS
;;;;2280116;PESQUISA DE ANTICORPOS IGM ANTITRIPANOSOMA CRUZI
;;;;2280381;PESQUISA DE ANTICORPOS IGM CONTRA ARBOVIRUS
;;;;2280198;PESQUISA DE ANTICORPOS IGM CONTRA O VIRUS EPSTEIN-BARR
;;;;2280570;PESQUISA DE ANTICORPOS IRREGULARES PELO METODO DA ELUICAO
;;;;2280571;PESQUISA DE ANTICORPOS SERICOS IRREGULARES 37OC
;;;;2280572;PESQUISA DE ANTICORPOS SERICOS IRREGULARES A FRIO
;;;;2280331;PESQUISA DE ATIVIDADE DO COFATOR DE RISTOCETINA
;;;;2280452;PESQUISA DE BACILO DIFTERICO
;;;;2280425;PESQUISA DE BETA-MERCAPTO-LACTATO-DISSULFIDURIA
;;;;2280457;PESQUISA DE CADEIAS LEVES KAPPA E LAMBDA
;;;;2280552;PESQUISA DE CARACTERES FISICOS NO LIQUOR
;;;;2280553;PESQUISA DE CELULAS ORANGIOFILAS
;;;;2280458;PESQUISA DE CISTINA NA URINA
;;;;2280459;PESQUISA DE COPROPORFIRINA NA URINA
;;;;2280332;PESQUISA DE CORPUSCULOS DE HEINZ
;;;;2280383;PESQUISA DE CRIOGLOBULINAS
;;;;2280554;PESQUISA DE CRISTAIS C/ LUZ POLARIZADA
;;;;2280406;PESQUISA DE ENTEROBIUS VERMICULARES (OXIURUS OXIURA)
;;;;2280407;PESQUISA DE EOSINOFILOS
;;;;2280453;PESQUISA DE ESTREPTOCOCOS BETA-HEMOLITICOS DO GRUPO A
;;;;2280629;PESQUISA DE FATOR REUMATOIDE (WAALER-ROSE)
;;;;2280461;PESQUISA DE FENIL-CETONA NA URINA
;;;;2280333;PESQUISA DE FILARIA
;;;;2280462;PESQUISA DE FRUTOSE NA URINA
;;;;2280463;PESQUISA DE GALACTOSE NA URINA
;;;;2280159;PESQUISA DE GORDURA FECAL
;;;;2280454;PESQUISA DE HAEMOPHILUS DUCREY
;;;;2280255;PESQUISA DE HELICOBACTER PYLORI
;;;;2280263;PESQUISA DE HEMOGLOBINA S
;;;;2280464;PESQUISA DE HOMOCISTINA NA URINA
;;;;2280625;PESQUISA DE IMUNOGLOBULINA E (IGE) ALERGENO- ESPECÍFICA - 07
;;;;2280626;PESQUISA DE IMUNOGLOBULINA E (IGE) ALERGENO- ESPECÍFICA - 08
;;;;2280628;PESQUISA DE IMUNOGLOBULINA E (IGE) ALERGENO- ESPECÍFICA - 10
;;;;2280385;PESQUISA DE IMUNOGLOBULINA E (IGE) ALERGENO-ESPECIFICA - 01
;;;;2280386;PESQUISA DE IMUNOGLOBULINA E (IGE) ALERGENO-ESPECIFICA - 02
;;;;2280387;PESQUISA DE IMUNOGLOBULINA E (IGE) ALERGENO-ESPECIFICA - 03
;;;;2280388;PESQUISA DE IMUNOGLOBULINA E (IGE) ALERGENO-ESPECIFICA - 04
;;;;2280389;PESQUISA DE IMUNOGLOBULINA E (IGE) ALERGENO-ESPECIFICA - 05
;;;;2280390;PESQUISA DE IMUNOGLOBULINA E (IGE) ALERGENO-ESPECIFICA - 06
;;;;2280465;PESQUISA DE LACTOSE NA URINA
;;;;2280279;PESQUISA DE LARVAS NAS FEZES
;;;;2280532;PESQUISA DE LEPTOSPIRAS
;;;;2280161;PESQUISA DE LEUCOCITOS FECAIS
;;;;2280408;PESQUISA DE LEVEDURAS NAS FEZES
;;;;2280504;PESQUISA DE MACROPROLACTINA
;;;;2280466;PESQUISA DE MUCOPOLISSACARIDEOS NA URINA
;;;;2280409;PESQUISA DE OVOS DE SCHISTOSOMAS (EM FRAGMENTO DE MUCOSA)
;;;;2280467;PESQUISA DE PORFOBILINOGENIO NA URINA
;;;;2280468;PESQUISA DE PROTEINAS URINARIAS (POR ELETROFORESE)
;;;;2280555;PESQUISA DE RAGOCITOS NO LIQUIDO SINOVIAL E DERRAMES
;;;;2280212;PESQUISA DE ROTAVIRUS NAS FEZES
;;;;2280117;PESQUISA DE SANGUE OCULTO NAS FEZES
;;;;2280410;PESQUISA DE SUBSTANCIAS REDUTORAS NAS FEZES
;;;;2280469;PESQUISA DE TIROSINA NA URINA
;;;;2280280;PESQUISA DE TREPONEMA PALLIDUM
;;;;2280334;PESQUISA DE TRIPANOSSOMA
;;;;2280411;PESQUISA DE TRIPSINA NAS FEZES
;;;;2280412;PESQUISA DE TROFOZOITAS NAS FEZES
;;;;2280685;PESQUISA LABORATORIAL ANTIGENO SUPERFICIE VIRUS HEPATITE B(HBSAG) EXCETO GESTANTE PARCEIRO
;;;;2280691;PESQUISA LABORATORIAL ANTIGENOS HIV-ANTICORPOS ANTI-HIV-1/ ANTI-HIV-2 EXCETO GESTANTE PARCEIRO
;;;;2280688;PESQUISA LABORATORIAL D/ ANTICORPOS CONTRA VIRUS D/HEPATITE C(ANTI-HCV) POP/GESTANTE E PARCEIROS
;;;;2280694;PESQUISA LABORATORIAL D/ANTICORPOS ANTI-HTLV-1+HTLV-2 P/POPULACAO EXCETO GESTANTE , PARCEIROS
;;;;2280118;PROGESTERONA
;;;;2280119;PROLACTINA
;;;;2280120;PROTEINA C REATIVA, DETERMINACAO QUANTITATIVA
;;;;2280121;PROTEINAS TOTAIS E FRACOES
;;;;2280455;PROVA CONFIRMATÓRIA DA PRESENÇA DE MICRO-ORGANISMOS COLIFORMES
;;;;2280310;PROVA DA D-XILOSE
;;;;2280335;PROVA DE CONSUMO DE PROTROMBINA
;;;;2280470;PROVA DE DILUICAO (URINA)
;;;;2280196;PROVA DE PROGRESSAO ESPERMATICA (CADA)
;;;;2280123;PROVA DO LACO
;;;;2280556;PROVA DO LATEX P/ HAEMOPHILLUS INFLUENZAE, STREPTOCOCCUS PNEUMONIAE, NEISSERIA MENINGITIDIS (SOROTIP
;;;;2280557;PROVA DO LATEX P/ PESQUISA DO FATOR REUMATOIDE
;;;;2280391;PROVAS DE PRAUSNITZ-KUSTNER (PK)
;;;;2280392;PROVAS IMUNO-ALERGICAS BACTERIANAS
;;;;2280124;PSA LIVRE
;;;;2280126;PSA TOTAL
;;;;2280566;QUANTIFICAÇÃO/AMPLIFICAÇÃO DO HER-2
;;;;2280336;RASTREIO P/ DEFICIENCIA DE ENZIMAS ERITROCITARIAS
;;;;2280394;REACAO DE MONTENEGRO ID
;;;;2280558;REACAO DE PANDY
;;;;2280559;REACAO DE RIVALTA NO LIQUIDO SINOVIAL E DERRAMES
;;;;2280162;RETICULOCITOS - CONTAGEM
;;;;2280127;RETRACAO DO COAGULO
;;;;2280128;RUBEOLA , ANTICORPOS IGG
;;;;2280129;RUBEOLA , ANTICORPOS IGM
;;;;2280599;SODIO ( NA URINA 24 HORAS)
;;;;2280703;TESTE CONFIRMATORIO C/ PESQUISA D/ ANTICORPOS ANTI-HTLV-1+ANTI-HTLV-2 EXCETO GESTANTE PARCEIRO
;;;;2280337;TESTE DE AGREGACAO DE PLAQUETAS
;;;;2280560;TESTE DE CLEMENTS
;;;;2280499;TESTE DE ESTIMULO COM GNRH OU COM AGONISTA GNRH
;;;;2280497;TESTE DE ESTIMULO DA PROLACTINA / TSH APOS TRH
;;;;2280498;TESTE DE ESTIMULO DA PROLACTINA APOS CLORPROMAZINA
;;;;2280500;TESTE DE ESTIMULO DO HGH APOS GLUCAGON
;;;;2280561;TESTE DE GASTROACIDOGRAMA - SECRECAO BASAL POR 60 EM 4 AMOSTRAS
;;;;2280338;TESTE DE HAM (HEMOLISE ACIDA)
;;;;2280562;TESTE DE HOLLANDER NO SUCO GASTRICO
;;;;2280501;TESTE DE SUPRESSAO DO CORTISOL APOS DEXAMETASONA
;;;;2280502;TESTE DE SUPRESSAO DO HGH APOS GLICOSE
;;;;2280311;TESTE DE TOLERANCIA A INSULINA / HIPOGLICEMIANTES ORAIS
;;;;2280130;TESTE DE VDRL P/ DETECCAO DE SIFILIS
;;;;2280503;TESTE P/ INVESTIGACAO DO DIABETES INSIPIDUS
;;;;2280395;TESTES ALERGICOS DE CONTATO
;;;;2280396;TESTES CUTANEOS DE LEITURA IMEDIATA
;;;;2280131;TESTOSTERONA LIVRE
;;;;2280132;TESTOSTERONA TOTAL
;;;;2280133;TGO
;;;;2280134;TGP
;;;;2280135;TIREOGLOBULINA
;;;;2280136;TIROXINA - T4
;;;;2280137;TIROXINA LIVRE (T4 LIVRE)
;;;;2280573;TITULACAO DE ANTICORPOS ANTI A E/OU ANTI B
;;;;2280138;TOXOPLASMOSE  IFI-IGG
;;;;2280139;TOXOPLASMOSE IFI (IGM)
;;;;2280140;TRANSFERRINA
;;;;2280141;TRIGLICERIDEOS
;;;;2280142;TRIIODOTIRONINA -  T3
;;;;2280143;TSH - HORMONIO ESTIMULANTE TIREOIDE
;;;;2280144;UREIA
;;;;2280145;UREIA, DOSAGEM EM URINA DE 24 HS
;;;;2280146;VDRL P/ DETECCAO DE SIFILIS EM GESTANTE
;;;;2280147;VELOCIDADE DE HEMOSSEDIMENTACAO (VHS)
;;;;2280148;VITAMINA B12
;;1101000;GRUPO - PATOLOGIA CLINICA (EXAMES DE LABORATORIO);;
;;2400000;GRUPO - PATOLOGIA CLINICA (REGULACAO);;
;;;;2400022;DETECCAO DE RNA DO VIRUS DA HEPATITE C (QUALITATIVO)
;;;;2400023;QUANTIFICACAO DE RNA DO VIRUS DA HEPATITE C
;COHEN CENTRO AVANCADO EM OFTALMOLOGIA;;;;
;;0701814;CONSULTA EM OFTALMOLOGIA - AVALIACAO CIRURGICA;;
;;1707000;GRUPO - OFTALMOLOGIA;;
;;;;1707010;BIOMETRIA ULTRASSONICA - OLHO DIREITO
;;;;1707011;BIOMETRIA ULTRASSONICA - OLHO ESQUERDO
;COMPLEXO REGULADOR DO AMAZONAS;;;;
;;0701245;CONSULTA EM ORTOPEDIA - PEDIATRIA;;
;;0701205;CONSULTA EM CARDIOLOGIA - GERAL;;
;;0701211;CONSULTA EM CIRURGIA VASCULAR - GERAL;;
;;0701213;CONSULTA EM ENDOCRINOLOGIA E METABOLOGIA - GERAL;;
;;0701215;CONSULTA EM GASTROENTEROLOGIA - GERAL;;
;;0701300;CONSULTA EM NEUROLOGIA - PEDIATRIA;;
;;0701226;CONSULTA EM ORTOPEDIA - GERAL;;
;;0701228;CONSULTA EM PNEUMOLOGIA - GERAL;;
;;0701229;CONSULTA EM PROCTOLOGIA - GERAL;;
;;0701231;CONSULTA EM REUMATOLOGIA - GERAL;;
;;0701233;CONSULTA EM UROLOGIA - GERAL;;
;;0739131;TELECONSULTA EM ALERGIA E IMUNOLOGIA GERAL;;
;;0739135;TELECONSULTA EM CARDIOLOGIA GERAL;;
;;0739148;TELECONSULTA EM DERMATOLOGIA GERAL;;
;;0739140;TELECONSULTA EM ENDOCRINOLOGIA E METABOLOGIA GERAL;;
;;0739141;TELECONSULTA EM ENDOCRINOLOGIA E METABOLOGIA GERAL - RETORNO;;
;;0739142;TELECONSULTA EM ENDOCRINOLOGIA E METABOLOGIA PEDIATRICA;;
;;0739152;TELECONSULTA EM GASTROENTEROLOGIA GERAL;;
;;0739216;TELECONSULTA EM GERIATRIA;;
;;0498197;TELECONSULTA EM GINECOLOGIA - GERAL;;
;;0498195;TELECONSULTA EM GINECOLOGIA OBSTETRICIA;;
;;0739144;TELECONSULTA EM NEUROLOGIA GERAL;;
;;0739145;TELECONSULTA EM NEUROLOGIA GERAL - RETORNO;;
;;0739220;TELECONSULTA EM NUTRICAO GERAL;;
;;0739182;TELECONSULTA EM ORTOPEDIA GERAL;;
;;0739183;TELECONSULTA EM ORTOPEDIA GERAL - RETORNO;;
;;0739164;TELECONSULTA EM PEDIATRIA;;
;;0739224;TELECONSULTA EM PSICOLOGIA GERAL;;
;;0739226;TELECONSULTA EM PSICOLOGIA PEDIATRICA;;
;;0739166;TELECONSULTA EM PSIQUIATRIA GERAL;;
;;0739168;TELECONSULTA EM PSIQUIATRIA PEDIATRICA;;
;;0739212;TELECONSULTA EM UROLOGIA GERAL;;
;;0739213;TELECONSULTA EM UROLOGIA GERAL - RETORNO;;
;CVI AM;;;;
;;0701245;CONSULTA EM ORTOPEDIA - PEDIATRIA;;
;;0100009;CONSULTA EM ENFERMAGEM;;
;;0701022;CONSULTA EM FISIOTERAPIA;;
;;0701428;CONSULTA EM FISIOTERAPIA - ACIMA DE 60 ANOS;;
;;0710368;CONSULTA EM FISIOTERAPIA - PEDIATRIA;;
;;0702999;CONSULTA EM FONOAUDIOLOGIA;;
;;0701224;CONSULTA EM NEUROLOGIA - GERAL;;
;;0701300;CONSULTA EM NEUROLOGIA - PEDIATRIA;;
;;0701030;CONSULTA EM NEUROLOGIA - RETORNO;;
;;0701029;CONSULTA EM NEUROLOGIA PEDIATRIA - RETORNO;;
;;0701244;CONSULTA EM NUTRICAO;;
;;0701365;CONSULTA EM NUTRICAO - RETORNO;;
;;0701226;CONSULTA EM ORTOPEDIA - GERAL;;
;;9270003;CONSULTA EM ORTOPEDIA - GERAL - RETORNO;;
;;0320164;CONSULTA EM ORTOPEDIA - PEDIATRIA - RETORNO;;
;;0701227;CONSULTA EM OTORRINOLARINGOLOGIA - GERAL;;
;;0709001;CONSULTA EM OTORRINOLARINGOLOGIA - PEDIATRICA;;
;;0709015;CONSULTA EM OTORRINOLARINGOLOGIA - PEDIATRICA - RETORNO;;
;;0320173;CONSULTA EM OTORRINOLARINGOLOGIA - RETORNO;;
;;0710001;CONSULTA EM PSICOLOGIA;;
;;0701903;CONSULTA EM SERVICO SOCIAL;;
;;0701233;CONSULTA EM UROLOGIA - GERAL;;
;;0701039;CONSULTA EM UROLOGIA - RETORNO;;
;;0168000;GRUPO - ATENDIMENTO EM PSICOLOGIA;;
;;0212000;GRUPO - CONSULTA/ ATENDIMENTO/ ACOMPANHAMENTO (FONOAUDIOLOGIA);;
;;;;0212002;ATIVIDADE EDUCATIVA / ORIENTACAO EM GRUPO NA ATENCAO ESPECIALIZADA
;;;;0212003;AVALIACAO DE LINGUAGEM ESCRITA / LEITURA
;;;;0212004;AVALIACAO DE LINGUAGEM ORAL
;;;;0212010;TERAPIA INDIVIDUAL
;;1708000;GRUPO - DIAGNOSE EM OTORRINOLARINGOLOGIA;;
;;;;1708222;AUDIOMETRIA TONAL LIMIAR (VIA AREA/OSSEA)
;;;;1708020;AVALIACAO AUDITIVA COMPORTAMENTAL
;;;;1708236;EMISSOES OTOACUSTICA EVOCADAS TRANS.E PROD.DISTORC. EOA
;;;;1708220;LOGOAUDIOMETRIA (LDV,IRF,LRF)
;;;;1708017;PROVA DE FUNCAO TUBARIA
;;;;1708005;TESTES ACUMETRICOS (DIAPASAO)
;;;;1708004;TESTES AUDITIVOS SUPRALIMINARES
;;1801000;GRUPO - FISIOTERAPIA (POR SESSAO);;
;;;;1801130;ATEND FISIOTERAPEUTICO EM PACIENTE C/ DISTURBIOS NEURO-CINETICO-FUNCIONAIS S/ COMPLI SIS - ADULTO
;;;;1801022;ATENDIMENTO FISIOTERAPEUTICO EM PACIENTE C/ COMPROMETIMENTO COGNITIVO
;;;;1801033;ATENDIMENTO FISIOTERAPEUTICO EM PACIENTE NO PRE/POS-OPERATORIO DE NEUROCIRURGIA
;;;;1801032;ATENDIMENTO FISIOTERAPEUTICO EM PACIENTES C/ DISTURBIOS NEURO-CINETICO-FUNCIONAIS C/COMPLICACOES SIS
;;;;1801016;ATENDIMENTO FISIOTERAPEUTICO EM PACIENTES NO PRE E POS-OPERATORIO NAS DISFUNCOES MUSCULO ESQUELETICA
;;;;1801019;ATENDIMENTO FISIOTERAPEUTICO NAS ALTERACOES MOTORAS
;;;;1801037;ATENDIMENTO FISIOTERAPÊUTICO NAS DESORDENS DO DESEN. NEURO MOTOR
;;0060055;TESTES VESTIBULARES / OTONEUROLOGICOS;;
;FAL;;;;
;;2280000;GRUPO - PATOLOGIA CLINICA (EXAMES DE LABORATORIO 2);;
;;;;2280219;17 ALFA HIDROXI PROGESTERONA
;;;;2280313;ACIDEZ TITULÁVEL NO LEITE HUMANO (DORNIC)
;;;;2280220;ACIDO ASCORBICO
;;;;2280001;ACIDO FOLICO
;;;;2280002;ACIDO URICO
;;;;2280534;ACIDO URICO LIQUIDO NO SINOVIAL E DERRAMES
;;;;2280003;ACIDO URICO URINARIO
;;;;2280535;ADENOGRAMA
;;;;2280004;ADRENOCORTICOTROFICO, HORMONIO - ACTH
;;;;2280225;ALFA 1 ANTITRIPSINA
;;;;2280005;ALFA 1 GLICOPROTEINA ACIDA
;;;;2280226;ALFA FETO PROTEINA
;;;;2280006;AMILASE
;;;;2280007;ANDROSTENEDIONA
;;;;2280009;ANTI HBC - IGM ANTICORPOS IGM CONTRA ANTIGENO C DA HEPATITE B (ANTI-HBC-IGM)
;;;;2280011;ANTI HBE - ANTICORPOS CONTRA ANTIGENO E DA HEPATITE B
;;;;2280012;ANTI HBS - ANTICORPOS CONTRA ANTIGENO S DA HEPATITE B
;;;;2280015;ANTIBIOGRAMA
;;;;2280446;ANTIBIOGRAMA C/ CONCENTRACAO INIBITORIA MINIMA
;;;;2280181;ANTIBIOGRAMA P/ MICOBACTERIAS
;;;;2280613;ANTICORPOS ANTI-PLAQUETARIOS - DETERMINAÇÃO
;;;;2280018;ANTIPEROXIDASE /ANTI TPO
;;;;2280022;BACILOSCOPIA DIRETA P/ BAAR (HANSENIASE)
;;;;2280447;BACILOSCOPIA DIRETA P/ BAAR TUBERCULOS (CONTROLE)
;;;;2280023;BACILOSCOPIA DIRETA P/ BAAR TUBERCULOSE (DIAGNOSTICA)
;;;;2280024;BACTEROSCOPIA (GRAM)
;;;;2280221;BETA 2 MICROGLOBULINA
;;;;2280025;BILIRRUBINA TOTAL E FRACOES
;;;;2280029;CALCIO
;;;;2280030;CALCIO IONIZAVEL
;;;;2280031;CALCIO URINARIO
;;;;2280033;CEA (ANTIGENO CARCINOEMBRIOGENICO)
;;;;2280034;CELULAS LE - PESQUISA
;;;;2280035;CHAGAS , IFI
;;;;2280259;CHUMBO
;;;;2280260;CHUMBO URINARIO
;;;;2280536;CITOLOGIA P/ CLAMIDIA
;;;;2280537;CITOLOGIA P/ HERPESVIRUS
;;;;2280038;CITOMEGALOVIRUS , IFI (IGG)
;;;;2280039;CITOMEGALOVIRUS , IFI (IGM)
;;;;2280314;CITOQUIMICA HEMATOLOGICA
;;;;2280040;CLEARANCE DE CREATININA
;;;;2280413;CLEARANCE DE FOSFATO
;;;;2280414;CLEARANCE DE UREIA
;;;;2280281;CLEARANCE OSMOLAR
;;;;2280041;CLORETO
;;;;2280042;COLESTEROL ( LDL)
;;;;2280043;COLESTEROL (HDL)
;;;;2280045;COLESTEROL TOTAL
;;;;2280229;COMPLEMENTO ( CH50 ) , DOSAGEM
;;;;2280047;COMPLEMENTO C3 , IDR
;;;;2280048;COMPLEMENTO C4 , IDR
;;;;2280415;CONTAGEM DE ADDIS
;;;;2280432;CONTAGEM DE LINFOCITOS T TOTAIS
;;;;2280049;CONTAGEM DE PLAQUETAS
;;;;2280538;CONTAGEM ESPECIFICA DE CELULAS NO LIQUOR
;;;;2280539;CONTAGEM GLOBAL DE CELULAS NO LIQUOR
;;;;2280050;COOMBS  INDIRETO (INCLUI QUANTITATIVO)
;;;;2280051;COOMBS DIRETO
;;;;2280053;CREATININA
;;;;2280054;CREATININA, DOSAGEM EM URINA DE 24 HS
;;;;2280055;CREATINOFOSFOQUINASE - FRACAO MB
;;;;2280164;CULTURA DE BACTERIAS PARA INDENTIFICACAO
;;;;2280448;CULTURA DO LEITE HUMANO (POS-PASTEURIZAÇÃO)
;;;;2280449;CULTURA P/ HERPESVIRUS
;;;;2280210;CULTURA PARA BAAR
;;;;2280165;CULTURA PARA BACTERIAS ANAEROBICAS
;;;;2280057;CULTURA PARA IDENTIFICACAO DE FUNGOS
;;;;2280058;CURVA GLICEMICA CLASSICA 5 DOSAGENS-ORAL
;;;;2280059;DEHIDROEPIANDROSTERONA - DHEA
;;;;2280339;DETECCAO DE ÁCIDOS NUCLEICOS DO HIV-1 (QUALITATIVO)
;;;;2280382;DETECÇÃO DE CLAMÍDIA E GONOCOCO POR BIOLOGIA MOLECULAR
;;;;2280203;DETERMINACAO DE CAPACIDADE DE FIXACAO DO FERRO
;;;;2280563;DETERMINACAO DE CARIOTIPO EM CULTURA DE LONGA DURACAO (C/ TECNICA DE BANDAS)
;;;;2280564;DETERMINACAO DE CARIOTIPO EM MEDULA OSSEA E VILOSIDADES CORIONICAS (C/ TECNICA DE BANDAS)
;;;;2280565;DETERMINACAO DE CARIOTIPO EM SANGUE PERIFERICO (C/ TECNICA DE BANDAS)
;;;;2280312;DETERMINAÇÃO DE CREMATÓCRITO NO LEITE HUMANO ORDENHADO
;;;;2280282;DETERMINACAO DE CROMATOGRAFIA DE AMINOACIDOS
;;;;2280315;DETERMINACAO DE CURVA DE RESISTENCIA GLOBULAR
;;;;2280167;DETERMINACAO DE CURVA GLICEMICA (2 DOSAGENS)
;;;;2280283;DETERMINACAO DE CURVA GLICEMICA C/ INDUCAO POR CORTISONA ( 5 DOSAGENS)
;;;;2280284;DETERMINACAO DE CURVA GLICEMICA C/ INDUCAO POR CORTISONA (4 DOSAGENS)
;;;;2280316;DETERMINACAO DE ENZIMAS ERITROCITARIAS (CADA)
;;;;2280540;DETERMINACAO DE FOSFOLIPIDIOS RELACAO LECITINA - ESFINGOMIELINA NO LIQUIDO AMNIOTICO
;;;;2280485;DETERMINACAO DE INDICE DE TIROXINA LIVRE
;;;;2280416;DETERMINACAO DE OSMOLALIDADE
;;;;2280285;DETERMINACAO DE OSMOLARIDADE
;;;;2280486;DETERMINACAO DE RETENCAO DE T3
;;;;2280317;DETERMINACAO DE SULFO-HEMOGLOBINA
;;;;2280487;DETERMINACAO DE T3 REVERSO
;;;;2280060;DETERMINACAO DE TEMPO DE COAGULACAO
;;;;2280318;DETERMINACAO DE TEMPO DE LISE DA EUGLOBULINA
;;;;2280061;DETERMINACAO DE TEMPO DE SANGRAMENTO ( DUKE )
;;;;2280319;DETERMINACAO DE TEMPO DE SANGRAMENTO DE IVY
;;;;2280320;DETERMINACAO DE TEMPO DE SOBREVIDA DE HEMACIAS
;;;;2280168;DETERMINACAO DE TEMPO DE TROMBINA
;;;;2280062;DETERMINACAO DE TEMPO DE TROMBOPLASTINA PARCIAL  (TTP A)
;;;;2280063;DETERMINACAO DE TEMPO E ATIVIDADE DA PROTROMBINA (TAP)
;;;;2280235;DIHIDROTESTOSTERONA - DHT
;;;;2280398;DOSAGEM DA FRAÇÃO C1Q DO COMPLEMENTO
;;;;2280488;DOSAGEM DE 17-CETOSTEROIDES TOTAIS
;;;;2280489;DOSAGEM DE 17-HIDROXICORTICOSTEROIDES
;;;;2280177;DOSAGEM DE 25 HIDROXIVITAMINA D
;;;;2280286;DOSAGEM DE 5-NUCLEOTIDASE
;;;;2280287;DOSAGEM DE ACETONA
;;;;2280265;DOSAGEM DE ACIDO 5-HIDROXI-INDOL-ACETICO (SEROTONINA)
;;;;2280505;DOSAGEM DE ACIDO DELTA-AMINOLEVULINICO
;;;;2280506;DOSAGEM DE ACIDO HIPURICO
;;;;2280507;DOSAGEM DE ACIDO MANDELICO
;;;;2280508;DOSAGEM DE ACIDO METIL-HIPURICO
;;;;2280509;DOSAGEM DE ACIDO VALPROICO
;;;;2280288;DOSAGEM DE ACIDO VANILMANDELICO
;;;;2280289;DOSAGEM DE ALDOLASE
;;;;2280490;DOSAGEM DE ALDOSTERONA
;;;;2280290;DOSAGEM DE ALFA-2-MACROGLOBULINA
;;;;2280510;DOSAGEM DE ALUMINIO
;;;;2280291;DOSAGEM DE AMONIA
;;;;2280491;DOSAGEM DE AMP CICLICO
;;;;2280511;DOSAGEM DE ANFETAMINAS
;;;;2280321;DOSAGEM DE ANTICOAGULANTE CIRCULANTE
;;;;2280397;DOSAGEM DE ANTICORPOS ANTITRANSGLUTAMINAISE RECOMBINANTE HUMANO IGA
;;;;2280227;DOSAGEM DE ANTITROMBINA III
;;;;2280512;DOSAGEM DE BARBITURATOS
;;;;2280513;DOSAGEM DE CADMIO
;;;;2280492;DOSAGEM DE CALCITONINA
;;;;2280514;DOSAGEM DE CARBAMAZEPINA
;;;;2280515;DOSAGEM DE CARBOXI-HEMOGLOBINA
;;;;2280292;DOSAGEM DE CAROTENO
;;;;2280293;DOSAGEM DE CERULOPLASMINA
;;;;2280516;DOSAGEM DE CICLOSPORINA
;;;;2280418;DOSAGEM DE CITRATO
;;;;2280517;DOSAGEM DE COBRE
;;;;2280294;DOSAGEM DE COLINESTERASE
;;;;2280178;DOSAGEM DE CORTISOL
;;;;2280541;DOSAGEM DE CREATININA NO LIQUIDO AMNIOTICO
;;;;2280066;DOSAGEM DE CREATINOFOSFOQUINASE (CPK)
;;;;2280341;DOSAGEM DE CRIOAGLUTININA
;;;;2280295;DOSAGEM DE DESIDROGENASE ALFA-HIDROXIBUTIRICA
;;;;2280296;DOSAGEM DE DESIDROGENASE GLUTAMICA
;;;;2280067;DOSAGEM DE DESIDROGENASE LATICA
;;;;2280297;DOSAGEM DE DESIDROGENASE LATICA (ISOENZIMAS FRACIONADAS)
;;;;2280403;DOSAGEM DE ESTERCOBILINOGENIO FECAL
;;;;2280186;DOSAGEM DE ESTRIOL
;;;;2280187;DOSAGEM DE ESTRONA
;;;;2280322;DOSAGEM DE FATOR V
;;;;2280323;DOSAGEM DE FATOR VIII (INIBIDOR)
;;;;2280324;DOSAGEM DE FATOR VON WILLEBRAND (ANTIGENO)
;;;;2280325;DOSAGEM DE FATOR XIII
;;;;2280518;DOSAGEM DE FENITOINA
;;;;2280519;DOSAGEM DE FENOL
;;;;2280326;DOSAGEM DE FIBRINOGENIO
;;;;2280520;DOSAGEM DE FORMALDEIDO
;;;;2280551;DOSAGEM DE FOSFATASE ÁCIDA NO ESPERMA
;;;;2280298;DOSAGEM DE FOSFATASE ACIDA TOTAL
;;;;2280542;DOSAGEM DE FOSFATASE ALCALINA NO ESPERMA
;;;;2280299;DOSAGEM DE FRACAO PROSTATICA DA FOSFATASE ACIDA
;;;;2280252;DOSAGEM DE FRUTOSE
;;;;2280197;DOSAGEM DE FRUTOSE NO ESPERMA
;;;;2280300;DOSAGEM DE GALACTOSE
;;;;2280253;DOSAGEM DE GASTRINA
;;;;2280543;DOSAGEM DE GLICOSE NO LIQUIDO SINOVIAL E DERRAMES
;;;;2280301;DOSAGEM DE GLICOSE-6-FOSFATO DESIDROGENASE
;;;;2280493;DOSAGEM DE GLOBULINA TRANSPORTADORA DE TIROXINA
;;;;2280207;DOSAGEM DE GORDURA FECAL
;;;;2280254;DOSAGEM DE HAPTOGLOBINA
;;;;2280068;DOSAGEM DE HEMOGLOBINA
;;;;2280327;DOSAGEM DE HEMOGLOBINA - INSTABILIDADE A 37OC
;;;;2280328;DOSAGEM DE HEMOGLOBINA FETAL
;;;;2280329;DOSAGEM DE HEMOSSIDERINA
;;;;2280302;DOSAGEM DE HIDROXIPROLINA
;;;;2280175;DOSAGEM DE IMUNOGLOBULINA A (IGA)
;;;;2280174;DOSAGEM DE IMUNOGLOBULINA E (IGE)
;;;;2280176;DOSAGEM DE IMUNOGLOBULINA M (IGM)
;;;;2280257;DOSAGEM DE INIBIDOR DE C1-ESTERASE
;;;;2280303;DOSAGEM DE ISOMERASE-FOSFOHEXOSE
;;;;2280304;DOSAGEM DE LACTATO
;;;;2280305;DOSAGEM DE LEUCINO-AMINOPEPTIDASE
;;;;2280521;DOSAGEM DE MERCURIO
;;;;2280522;DOSAGEM DE META-HEMOGLOBINA
;;;;2280523;DOSAGEM DE METOTREXATO
;;;;2280194;DOSAGEM DE MICROALBUMINA NA URINA
;;;;2280419;DOSAGEM DE OXALATO
;;;;2280202;DOSAGEM DE PEPTIDEO C
;;;;2280306;DOSAGEM DE PIRUVATO
;;;;2280330;DOSAGEM DE PLASMINOGENIO
;;;;2280307;DOSAGEM DE PORFIRINAS
;;;;2280069;DOSAGEM DE POTASSIO
;;;;2280273;DOSAGEM DE PROTEINA C REATIVA
;;;;2280070;DOSAGEM DE PROTEINAS ( URINA DE 24 HORAS )
;;;;2280544;DOSAGEM DE PROTEINAS NO LIQUIDO SINOVIAL E DERRAMES
;;;;2280169;DOSAGEM DE PROTEINAS TOTAIS
;;;;2280494;DOSAGEM DE RENINA
;;;;2280071;DOSAGEM DE SODIO
;;;;2280267;DOSAGEM DE SOMATOMEDINA C (IGF1)
;;;;2280495;DOSAGEM DE SULFATO DE HIDROEPIANDROSTERONA (DHEAS)
;;;;2280308;DOSAGEM DE TRIPTOFANO
;;;;2280211;DOSAGEM DE TROPONINA
;;;;2280185;DOSAGEM DE ZINCO
;;;;2280188;DOSAGEM DO  ANTIGENO  CA 125
;;;;2280420;DOSAGEM E/OU FRACIONAMENTO DE ACIDOS ORGANICOS
;;;;2280072;EAS - SUMARIO DE URINA
;;;;2280237;ELETROFORESE DE HEMOGLOBINA
;;;;2280238;ELETROFORESE DE LIPOPROTEINAS
;;;;2280236;ELETROFORESE DE PROTEINAS
;;;;2280545;ELETROFORESE DE PROTEINAS C/ CONCENTRACAO NO LIQUOR
;;;;2280154;ERITROGRAMA( ERITROCITOS, HEMOGLOBINA, HEMATOCRITO )
;;;;2280546;ESPECTROFOTOMETRIA NO LIQUIDO AMNIOTICO
;;;;2280547;ESPLENOGRAMA
;;;;2280073;ESTRADIOL
;;;;2280404;EXAME COPROLOGICO FUNCIONAL
;;;;2280548;EXAME DE CARACTERES FISICOS CONTAGEM GLOBAL E ESPECIFICA DE CELULAS
;;;;2280399;EXAME LABORATORIAL PARA DOENÇA DE GAUCHER I
;;;;2280400;EXAME LABORATORIAL PARA DOENÇA DE GAUCHER II
;;;;2280179;EXAME MICROBIOLOGICO A FRESCO ( MICOLOGICO DIRETO)
;;;;2280421;EXAME QUALITATIVO DE CALCULOS URINARIOS
;;;;2280074;FAN - ANTICORPOS ANTI-NUCLEO , IFI
;;;;2280240;FATOR II - DOSAGEM
;;;;2280245;FATOR IX - DOSAGEM
;;;;2280075;FATOR REUMATOIDE , TESTE DO LATEX
;;;;2280076;FATOR RH (INCLUI DO FRACO)
;;;;2280243;FATOR VII - DOSAGEM
;;;;2280244;FATOR VIII - DOSAGEM
;;;;2280246;FATOR X - DOSAGEM
;;;;2280247;FATOR XI - DOSAGEM
;;;;2280248;FATOR XII - DOSAGEM
;;;;2280568;FENOTIPAGEM DE SISTEMA RH - HR
;;;;2280077;FERRITINA
;;;;2280078;FERRO SERICO
;;;;2280079;FOLICULO ESTIMULANTE, HORMONIO - FSH
;;;;2280080;FOSFATASE ALCALINA
;;;;2280082;GAMA-GLUTAMIL TRANSFERASE - GAMA GT
;;;;2280309;GASOMETRIA (PH PCO2 PO2 BICARBONATO AS2 (EXCESSO OU DEFICIT BASE )
;;;;2280083;GLICEMIA DE JEJUM
;;;;2280084;GLICEMIA POS PRANDIAL
;;;;2280085;GONADOTROFINA CORIONICA - BETA  HCG
;;;;2280086;GRUPO ABO - DETERMINACAO
;;;;2280088;HAV- IGG  ANTICORPOS  IGG CONTRA O VIRUS DA HEPATITE A
;;;;2280089;HAV-IGM   ANTICORPOS  IGM CONTRA O VIRUS DA HEPATITE A
;;;;2280090;HBEAG - ANTIGENO E DA HEPATITE B
;;;;2280092;HEMATOCRITO
;;;;2280450;HEMOCULTURA
;;;;2280094;HEMOGLOBINA GLICOSILADA
;;;;2280095;HEMOGRAMA COMPLETO
;;;;2280096;HERPES SIMPLES , PESQUISA DE ANTICORPOS, IGG
;;;;2280097;HERPES SIMPLES , PESQUISA DE ANTICORPOS, IGM
;;;;2280098;HERPES ZOSTER , PESQUISA DE ANTICORPOS , IGM
;;;;2280099;HERPES ZOSTER , PESQUISA DE ANTICORPOS, IGG
;;;;2280160;HORMONIO DE CRESCIMENTO - HGH
;;;;2280180;IDENTIFICAÇAO AUTOMATIZADA DE MICRORGANISMOS
;;;;2280569;IDENTIFICACAO DE ANTICORPOS SERICOS IRREGULARES C/ PAINEL DE HEMACIAS
;;;;2280405;IDENTIFICACAO DE FRAGMENTOS DE HELMINTOS
;;;;2280417;IDENTIFICAÇÃO DE GLICÍDIOS URINÁRIOS POR CROMATOGRAFIA (CAMADA DELGADA)
;;;;2280204;IMUNOELETROFORESE DE PROTEINAS
;;;;2280343;IMUNOFENOTIPAGEM DE HEMOPATIAS MALIGNAS (POR MARCADOR)
;;;;2280101;INSULINA
;;;;2280156;LEUCOGRAMA
;;;;2280102;LH LUTEINIZANTE HORMONIO
;;;;2280232;LINFOCITOS B , CONTAGEM
;;;;2280103;LIPASE
;;;;2280104;LITIO SERICO
;;;;2280105;MAGNESIO
;;;;2280549;MIELOGRAMA
;;;;2280106;MUCO PROTEINAS
;;;;2280107;PARASITOLOGICO (METODOS DE CONCENTRACAO)
;;;;2280111;PARATORMONIO - DOSAGEM
;;;;2280451;PEQUISA DE PNEUMOCYSTI CARINI
;;;;2280422;PESQUISA / DOSAGEM DE AMINOACIDOS (POR CROMATOGRAFIA)
;;;;2280423;PESQUISA DE ALCAPTONA NA URINA
;;;;2280424;PESQUISA DE AMINOACIDOS NA URINA
;;;;2280192;PESQUISA DE ANTICORPO IGG ANTICARDIOLIPINA
;;;;2280193;PESQUISA DE ANTICORPO IGM ANTICARDIOLIPINA
;;;;2280347;PESQUISA DE ANTICORPOS ANTIADENOVIRUS
;;;;2280348;PESQUISA DE ANTICORPOS ANTIAMEBAS
;;;;2280349;PESQUISA DE ANTICORPOS ANTIASPERGILLUS
;;;;2280440;PESQUISA DE ANTICORPOS ANTIBRUCELAS
;;;;2280350;PESQUISA DE ANTICORPOS ANTICISTICERCO
;;;;2280351;PESQUISA DE ANTICORPOS ANTICLAMIDIA (POR IMUNOFLUORESCENCIA)
;;;;2280352;PESQUISA DE ANTICORPOS ANTICORTEX SUPRARENAL
;;;;2280191;PESQUISA DE ANTICORPOS ANTI-DNA
;;;;2280353;PESQUISA DE ANTICORPOS ANTIEQUINOCOCOS
;;;;2280228;PESQUISA DE ANTICORPOS ANTIESCLERODERMA (SCL 70)
;;;;2280354;PESQUISA DE ANTICORPOS ANTIESPERMATOZOIDES
;;;;2280550;PESQUISA DE ANTICORPOS ANTIESPERMATOZOIDES ( ELISA )
;;;;2280441;PESQUISA DE ANTICORPOS ANTIESTREPTOLISINA O (ASLO)
;;;;2280355;PESQUISA DE ANTICORPOS ANTIFIGADO
;;;;2280356;PESQUISA DE ANTICORPOS ANTIGLOMERULO
;;;;2280344;PESQUISA DE ANTICORPOS ANTI-HELICOBACTER PYLORI
;;;;2280345;PESQUISA DE ANTICORPOS ANTI-HIV-1 (WESTERN BLOT)
;;;;2280357;PESQUISA DE ANTICORPOS ANTIILHOTA DE LANGERHANS
;;;;2280358;PESQUISA DE ANTICORPOS ANTIINSULINA
;;;;2280359;PESQUISA DE ANTICORPOS ANTILEPTOSPIRAS
;;;;2280360;PESQUISA DE ANTICORPOS ANTILISTERIA
;;;;2280361;PESQUISA DE ANTICORPOS ANTIMITOCONDRIA
;;;;2280362;PESQUISA DE ANTICORPOS ANTIMUSCULO ESTRIADO
;;;;2280363;PESQUISA DE ANTICORPOS ANTIMUSCULO LISO
;;;;2280364;PESQUISA DE ANTICORPOS ANTIPARIETAIS
;;;;2280365;PESQUISA DE ANTICORPOS ANTIPLASMODIOS
;;;;2280205;PESQUISA DE ANTICORPOS ANTI-RIBONUCLEOPROTEINA (RNP)
;;;;2280346;PESQUISA DE ANTICORPOS ANTI-SCHISTOSOMAS
;;;;2280206;PESQUISA DE ANTICORPOS ANTI-SM
;;;;2280189;PESQUISA DE ANTICORPOS ANTI-SS-A (RO)
;;;;2280190;PESQUISA DE ANTICORPOS ANTI-SS-B (LA)
;;;;2280277;PESQUISA DE ANTICORPOS ANTITIREOGLOBULINA
;;;;2280366;PESQUISA DE ANTICORPOS CONTRA HISTOPLASMA
;;;;2280367;PESQUISA DE ANTICORPOS CONTRA O SPOROTRIX SCHENKII
;;;;2280368;PESQUISA DE ANTICORPOS CONTRA O VIRUS DA HEPATITE D (ANTI-HDV)
;;;;2280369;PESQUISA DE ANTICORPOS CONTRA O VIRUS DO SARAMPO
;;;;2280158;PESQUISA DE ANTICORPOS CONTRA PARACOCCIDIOIDES BRASILIENSIS
;;;;2280370;PESQUISA DE ANTICORPOS E/OU ANTIGENO DO VIRUS SINCICIAL RESPIRATORIO
;;;;2280371;PESQUISA DE ANTICORPOS EIE ANTICLAMIDIA
;;;;2280170;PESQUISA DE ANTICORPOS HETEROFILOS CONTA O VIRUS EPSTEIN BARR (MONONUCLEOSE)
;;;;2280373;PESQUISA DE ANTICORPOS IGG ANTILEISHMANIAS
;;;;2280115;PESQUISA DE ANTICORPOS IGG ANTITRIPANOSOMA CRUZI
;;;;2280376;PESQUISA DE ANTICORPOS IGG CONTRA ARBOVIRUS
;;;;2280199;PESQUISA DE ANTICORPOS IGG CONTRA O VIRUS EPSTEIN-BARR
;;;;2280375;PESQUISA DE ANTICORPOS IGG E IGM CONTRA ANTIGENO CENTRAL DO VIRUS DA HEPATITE B (ANTI-HBC-TOTAL)
;;;;2280378;PESQUISA DE ANTICORPOS IGM ANTILEISHMANIAS
;;;;2280116;PESQUISA DE ANTICORPOS IGM ANTITRIPANOSOMA CRUZI
;;;;2280381;PESQUISA DE ANTICORPOS IGM CONTRA ARBOVIRUS
;;;;2280198;PESQUISA DE ANTICORPOS IGM CONTRA O VIRUS EPSTEIN-BARR
;;;;2280570;PESQUISA DE ANTICORPOS IRREGULARES PELO METODO DA ELUICAO
;;;;2280571;PESQUISA DE ANTICORPOS SERICOS IRREGULARES 37OC
;;;;2280572;PESQUISA DE ANTICORPOS SERICOS IRREGULARES A FRIO
;;;;2280331;PESQUISA DE ATIVIDADE DO COFATOR DE RISTOCETINA
;;;;2280452;PESQUISA DE BACILO DIFTERICO
;;;;2280425;PESQUISA DE BETA-MERCAPTO-LACTATO-DISSULFIDURIA
;;;;2280457;PESQUISA DE CADEIAS LEVES KAPPA E LAMBDA
;;;;2280552;PESQUISA DE CARACTERES FISICOS NO LIQUOR
;;;;2280553;PESQUISA DE CELULAS ORANGIOFILAS
;;;;2280458;PESQUISA DE CISTINA NA URINA
;;;;2280459;PESQUISA DE COPROPORFIRINA NA URINA
;;;;2280332;PESQUISA DE CORPUSCULOS DE HEINZ
;;;;2280383;PESQUISA DE CRIOGLOBULINAS
;;;;2280554;PESQUISA DE CRISTAIS C/ LUZ POLARIZADA
;;;;2280406;PESQUISA DE ENTEROBIUS VERMICULARES (OXIURUS OXIURA)
;;;;2280407;PESQUISA DE EOSINOFILOS
;;;;2280460;PESQUISA DE ERROS INATOS DO METABOLISMO NA URINA
;;;;2280195;PESQUISA DE ESPERMATOZOIDES (APOS VASECTOMIA)
;;;;2280453;PESQUISA DE ESTREPTOCOCOS BETA-HEMOLITICOS DO GRUPO A
;;;;2280629;PESQUISA DE FATOR REUMATOIDE (WAALER-ROSE)
;;;;2280461;PESQUISA DE FENIL-CETONA NA URINA
;;;;2280333;PESQUISA DE FILARIA
;;;;2280462;PESQUISA DE FRUTOSE NA URINA
;;;;2280463;PESQUISA DE GALACTOSE NA URINA
;;;;2280159;PESQUISA DE GORDURA FECAL
;;;;2280454;PESQUISA DE HAEMOPHILUS DUCREY
;;;;2280255;PESQUISA DE HELICOBACTER PYLORI
;;;;2280263;PESQUISA DE HEMOGLOBINA S
;;;;2280464;PESQUISA DE HOMOCISTINA NA URINA
;;;;2280625;PESQUISA DE IMUNOGLOBULINA E (IGE) ALERGENO- ESPECÍFICA - 07
;;;;2280626;PESQUISA DE IMUNOGLOBULINA E (IGE) ALERGENO- ESPECÍFICA - 08
;;;;2280628;PESQUISA DE IMUNOGLOBULINA E (IGE) ALERGENO- ESPECÍFICA - 10
;;;;2280385;PESQUISA DE IMUNOGLOBULINA E (IGE) ALERGENO-ESPECIFICA - 01
;;;;2280386;PESQUISA DE IMUNOGLOBULINA E (IGE) ALERGENO-ESPECIFICA - 02
;;;;2280387;PESQUISA DE IMUNOGLOBULINA E (IGE) ALERGENO-ESPECIFICA - 03
;;;;2280388;PESQUISA DE IMUNOGLOBULINA E (IGE) ALERGENO-ESPECIFICA - 04
;;;;2280389;PESQUISA DE IMUNOGLOBULINA E (IGE) ALERGENO-ESPECIFICA - 05
;;;;2280390;PESQUISA DE IMUNOGLOBULINA E (IGE) ALERGENO-ESPECIFICA - 06
;;;;2280465;PESQUISA DE LACTOSE NA URINA
;;;;2280279;PESQUISA DE LARVAS NAS FEZES
;;;;2280532;PESQUISA DE LEPTOSPIRAS
;;;;2280161;PESQUISA DE LEUCOCITOS FECAIS
;;;;2280408;PESQUISA DE LEVEDURAS NAS FEZES
;;;;2280504;PESQUISA DE MACROPROLACTINA
;;;;2280466;PESQUISA DE MUCOPOLISSACARIDEOS NA URINA
;;;;2280409;PESQUISA DE OVOS DE SCHISTOSOMAS (EM FRAGMENTO DE MUCOSA)
;;;;2280467;PESQUISA DE PORFOBILINOGENIO NA URINA
;;;;2280468;PESQUISA DE PROTEINAS URINARIAS (POR ELETROFORESE)
;;;;2280555;PESQUISA DE RAGOCITOS NO LIQUIDO SINOVIAL E DERRAMES
;;;;2280212;PESQUISA DE ROTAVIRUS NAS FEZES
;;;;2280117;PESQUISA DE SANGUE OCULTO NAS FEZES
;;;;2280410;PESQUISA DE SUBSTANCIAS REDUTORAS NAS FEZES
;;;;2280469;PESQUISA DE TIROSINA NA URINA
;;;;2280280;PESQUISA DE TREPONEMA PALLIDUM
;;;;2280334;PESQUISA DE TRIPANOSSOMA
;;;;2280411;PESQUISA DE TRIPSINA NAS FEZES
;;;;2280412;PESQUISA DE TROFOZOITAS NAS FEZES
;;;;2280118;PROGESTERONA
;;;;2280119;PROLACTINA
;;;;2280120;PROTEINA C REATIVA, DETERMINACAO QUANTITATIVA
;;;;2280121;PROTEINAS TOTAIS E FRACOES
;;;;2280455;PROVA CONFIRMATÓRIA DA PRESENÇA DE MICRO-ORGANISMOS COLIFORMES
;;;;2280310;PROVA DA D-XILOSE
;;;;2280335;PROVA DE CONSUMO DE PROTROMBINA
;;;;2280470;PROVA DE DILUICAO (URINA)
;;;;2280196;PROVA DE PROGRESSAO ESPERMATICA (CADA)
;;;;2280123;PROVA DO LACO
;;;;2280556;PROVA DO LATEX P/ HAEMOPHILLUS INFLUENZAE, STREPTOCOCCUS PNEUMONIAE, NEISSERIA MENINGITIDIS (SOROTIP
;;;;2280557;PROVA DO LATEX P/ PESQUISA DO FATOR REUMATOIDE
;;;;2280391;PROVAS DE PRAUSNITZ-KUSTNER (PK)
;;;;2280392;PROVAS IMUNO-ALERGICAS BACTERIANAS
;;;;2280124;PSA LIVRE
;;;;2280126;PSA TOTAL
;;;;2280566;QUANTIFICAÇÃO/AMPLIFICAÇÃO DO HER-2
;;;;2280336;RASTREIO P/ DEFICIENCIA DE ENZIMAS ERITROCITARIAS
;;;;2280394;REACAO DE MONTENEGRO ID
;;;;2280558;REACAO DE PANDY
;;;;2280559;REACAO DE RIVALTA NO LIQUIDO SINOVIAL E DERRAMES
;;;;2280162;RETICULOCITOS - CONTAGEM
;;;;2280127;RETRACAO DO COAGULO
;;;;2280128;RUBEOLA , ANTICORPOS IGG
;;;;2280129;RUBEOLA , ANTICORPOS IGM
;;;;2280599;SODIO ( NA URINA 24 HORAS)
;;;;2280337;TESTE DE AGREGACAO DE PLAQUETAS
;;;;2280560;TESTE DE CLEMENTS
;;;;2280499;TESTE DE ESTIMULO COM GNRH OU COM AGONISTA GNRH
;;;;2280497;TESTE DE ESTIMULO DA PROLACTINA / TSH APOS TRH
;;;;2280498;TESTE DE ESTIMULO DA PROLACTINA APOS CLORPROMAZINA
;;;;2280500;TESTE DE ESTIMULO DO HGH APOS GLUCAGON
;;;;2280561;TESTE DE GASTROACIDOGRAMA - SECRECAO BASAL POR 60 EM 4 AMOSTRAS
;;;;2280338;TESTE DE HAM (HEMOLISE ACIDA)
;;;;2280562;TESTE DE HOLLANDER NO SUCO GASTRICO
;;;;2280501;TESTE DE SUPRESSAO DO CORTISOL APOS DEXAMETASONA
;;;;2280502;TESTE DE SUPRESSAO DO HGH APOS GLICOSE
;;;;2280311;TESTE DE TOLERANCIA A INSULINA / HIPOGLICEMIANTES ORAIS
;;;;2280130;TESTE DE VDRL P/ DETECCAO DE SIFILIS
;;;;2280503;TESTE P/ INVESTIGACAO DO DIABETES INSIPIDUS
;;;;2280395;TESTES ALERGICOS DE CONTATO
;;;;2280396;TESTES CUTANEOS DE LEITURA IMEDIATA
;;;;2280131;TESTOSTERONA LIVRE
;;;;2280132;TESTOSTERONA TOTAL
;;;;2280133;TGO
;;;;2280134;TGP
;;;;2280135;TIREOGLOBULINA
;;;;2280136;TIROXINA - T4
;;;;2280137;TIROXINA LIVRE (T4 LIVRE)
;;;;2280573;TITULACAO DE ANTICORPOS ANTI A E/OU ANTI B
;;;;2280138;TOXOPLASMOSE  IFI-IGG
;;;;2280139;TOXOPLASMOSE IFI (IGM)
;;;;2280140;TRANSFERRINA
;;;;2280141;TRIGLICERIDEOS
;;;;2280142;TRIIODOTIRONINA -  T3
;;;;2280143;TSH - HORMONIO ESTIMULANTE TIREOIDE
;;;;2280144;UREIA
;;;;2280145;UREIA, DOSAGEM EM URINA DE 24 HS
;;;;2280146;VDRL P/ DETECCAO DE SIFILIS EM GESTANTE
;;;;2280147;VELOCIDADE DE HEMOSSEDIMENTACAO (VHS)
;;;;2280148;VITAMINA B12
;;1101000;GRUPO - PATOLOGIA CLINICA (EXAMES DE LABORATORIO);;
;;2400000;GRUPO - PATOLOGIA CLINICA (REGULACAO);;
;FUNDACAO CECON;;;;
;;0766225;CONSULTA EM AVALIACAO PACIENTE OSTOMIZADO;;
;;0766258;CONSULTA EM AVALIACAO PACIENTE OSTOMIZADO - RETORNO;;
;;0766027;CONSULTA EM CARDIOLOGIA - ONCOLOGIA;;
;;0604082;CONSULTA EM CARDIOLOGIA ONCOLOGIA - RETORNO;;
;;0604003;CONSULTA EM CIRURGIA DA CABECA E PESCOCO ONCOLOGIA;;
;;0701923;CONSULTA EM CIRURGIA DA CABECA E PESCOCO ONCOLOGICA - RETORNO;;
;;0703344;CONSULTA EM CIRURGIA DO APARELHO DIGESTIVO - ONCOLOGIA;;
;;0152012;CONSULTA EM CIRURGIA GINECOLOGICA - CONIZACAO;;
;;0152023;CONSULTA EM CIRURGIA GINECOLOGICA - ONCOLOGIA;;
;;0604048;CONSULTA EM CIRURGIA MASTOLOGIA - ONCOLOGIA;;
;;0604051;CONSULTA EM CIRURGIA MASTOLOGIA - ONCOLOGIA - RETORNO POS OPERATORIO;;
;;0604050;CONSULTA EM CIRURGIA MASTOLOGIA - ONCOLOGIA - RETORNO PRE OPERATORIO;;
;;0604049;CONSULTA EM CIRURGIA MASTOLOGIA - ONCOLOGIA - SEGMENTO;;
;;0604063;CONSULTA EM CIRURGIA MASTOLOGIA ONCOLOGIA - RETORNO;;
;;0241079;CONSULTA EM CIRURGIA ORTOPEDIA - ONCOLOGIA;;
;;0604018;CONSULTA EM CIRURGIA TORACICA - ONCOLOGIA;;
;;0701906;CONSULTA EM CIRURGIA TORACICA - ONCOLOGICA - RETORNO;;
;;0701545;CONSULTA EM MASTOLOGIA ONCOLOGIA-LESAO IMPALPAVEL;;
;;0604031;CONSULTA EM NEUROCIRURGIA - ONCOLOGIA;;
;;0710500;CONSULTA EM NEUROCIRURGIA ONCOLOGIA RETORNO;;
;;2018106;CONSULTA EM ONCOLOGIA - BRAQUITERAPIA;;
;;0701304;CONSULTA EM ONCOLOGIA - PEDIATRIA;;
;;0703810;CONSULTA EM ONCOLOGIA - RADIOTERAPIA;;
;;0701391;CONSULTA EM ONCOLOGIA CLINICA - QUIMIOTERAPIA;;
;;0710154;CONSULTA EM ONCOLOGIA RADIOTERAPIA-RETORNO;;
;;0241065;CONSULTA EM PNEUMOLOGIA ­ ONCOLOGIA;;
;;0701328;CONSULTA EM UROLOGIA ONCOLOGIA;;
;;0701917;CONSULTA EM UROLOGIA ONCOLOGICA - RETORNO;;
;;3500000;GRUPO - TOMOGRAFIA COMPUTADORIZADA;;
;FUNDACAO DE MEDICINA TROPICAL;;;;
;;0701372;CONSULTA EM DERMATOLOGIA - DST;;
;;0701212;CONSULTA EM DERMATOLOGIA - GERAL;;
;;0701052;CONSULTA EM DERMATOLOGIA - RETORNO;;
;;2018615;CONSULTA EM DOENCAS TROPICAIS - TRIAGEM;;
;;0701022;CONSULTA EM FISIOTERAPIA;;
;;0701220;CONSULTA EM INFECTOLOGIA - GERAL;;
;;0701224;CONSULTA EM NEUROLOGIA - GERAL;;
;;0710001;CONSULTA EM PSICOLOGIA;;
;;1703101;ELETROCARDIOGRAMA;;
;;0800000;GRUPO - CIRURGIAS AMBULATORIAIS ESPECIALIZADAS;;
;;1401000;GRUPO - EXAMES ULTRA-SONOGRAFICOS;;
;;1301000;GRUPO - RADIODIAGNOSTICO;;
;;;;1301126;ANTEBRACO DIREITO
;;;;1301127;ANTEBRACO ESQUERDO
;;;;1301017;BACIA
;;;;1301118;BRACO DIREITO
;;;;1301119;BRACO ESQUERDO
;;;;1301133;CLAVICULA DIREITA
;;;;1301132;CLAVICULA ESQUERDO
;;;;1301134;COTOVELO DIREITO
;;;;1301135;COTOVELO ESQUERDO
;;;;1301136;COXA DIREITA
;;;;1301137;COXA ESQUERDA
;;;;1301043;CRANIO - PA + LAT. + OBLI. OU BRETTON + HIRTZ
;;;;1301042;CRANIO : PA + LATERAL
;;;;1301138;JOELHO : AP + LATERAL DIREITO
;;;;1301139;JOELHO : AP + LATERAL ESQUERDO
;;;;1301142;JOELHO OU ROTULA - AP + LAT. + AXIAL DIREITO
;;;;1301143;JOELHO OU ROTULA - AP + LAT. + AXIAL ESQUERDO
;;;;1301144;MAO DIREITA ( DUAS INCIDENCIAS)
;;;;1301145;MAO ESQUERDA ( DUAS INCIDENCIAS)
;;;;1301152;PE OU PODODACTILOS DIREITO
;;;;1301153;PE OU PODODACTILOS ESQUERDO
;;;;1301150;PERNA DIREITA
;;;;1301151;PERNA ESQUERDA
;;;;1301154;PUNHO DIREITO: AP + LATERAL + OBLIQUOS
;;;;1301155;PUNHO ESQUERDO: AP + LATERAL + OBLIQUOS
;;;;1301091;SEIOS DA FACE : F.N. , M.N. , LATERAL - HIRTZ
;;;;1301096;TORAX : PA E PERFIL
;;;;1301099;TORAX:  P.A
;;3500000;GRUPO - TOMOGRAFIA COMPUTADORIZADA;;
;FUNDACAO HEMOAM;;;;
;;0701239;CONSULTA EM HEMATOLOGIA - PEDIATRIA;;
;;0701218;CONSULTA EM HEMATOLOGIA - GERAL;;
;;0703773;CONSULTA EM HEMATOLOGIA - TFD;;
;;0701674;CONSULTA EM HEMATOLOGIA - TRIAGEM;;
;;1101000;GRUPO - PATOLOGIA CLINICA (EXAMES DE LABORATORIO);;
;FUNDACAO HOSPITAL ADRIANO JORGE;;;;
;;1711101;COLONOSCOPIA;;
;;3516005;CONSULTA EM ANESTESIOLOGIA;;
;;0701205;CONSULTA EM CARDIOLOGIA - GERAL;;
;;0701230;CONSULTA EM CARDIOLOGIA - RISCO CIRURGICO;;
;;0320055;CONSULTA EM CARDIOLOGIA - RISCO CIRURGICO - RETORNO;;
;;0701465;CONSULTA EM CIRURGIA - HERNIA E VESICULA;;
;;0701101;CONSULTA EM CIRURGIA BUCO-MAXILO;;
;;0701859;CONSULTA EM CIRURGIA BUCO-MAXILO - RETORNO;;
;;0701468;CONSULTA EM CIRURGIA DA CABECA E PESCOCO - NARIZ;;
;;0701206;CONSULTA EM CIRURGIA DE CABECA E PESCOCO - GERAL;;
;;0701559;CONSULTA EM CIRURGIA DE CABECA E PESCOCO - RETORNO;;
;;0701207;CONSULTA EM CIRURGIA GERAL - GERAL;;
;;0732085;CONSULTA EM CIRURGIA GERAL - HERNIA E VESICULA - RETORNO;;
;;0701456;CONSULTA EM CIRURGIA ORTOPEDICA;;
;;0701459;CONSULTA EM CIRURGIA ORTOPEDICA - COLUNA;;
;;0703055;CONSULTA EM CIRURGIA ORTOPEDICA - COLUNA - RETORNO;;
;;0701463;CONSULTA EM CIRURGIA ORTOPEDICA - JOELHO;;
;;0703056;CONSULTA EM CIRURGIA ORTOPEDICA - JOELHO - RETORNO;;
;;0701462;CONSULTA EM CIRURGIA ORTOPEDICA - MAO;;
;;0710284;CONSULTA EM CIRURGIA ORTOPEDICA - MAO - RETORNO;;
;;0701460;CONSULTA EM CIRURGIA ORTOPEDICA - OMBROS;;
;;2018738;CONSULTA EM CIRURGIA ORTOPEDICA - OMBROS - RETORNO;;
;;0701461;CONSULTA EM CIRURGIA ORTOPEDICA - QUADRIL;;
;;0701455;CONSULTA EM CIRURGIA ORTOPEDICA - TRAUMA - MAO;;
;;0701458;CONSULTA EM CIRURGIA ORTOPEDICA - TRAUMA - MMII COLOC. FIXADOR EXT.;;
;;0701454;CONSULTA EM CIRURGIA ORTOPEDICA - TRAUMA - MMII E MMSS;;
;;0710094;CONSULTA EM CIRURGIA ORTOPEDICA QUADRIL-RETORNO;;
;;0320065;CONSULTA EM CIRURGIA ORTOPEDICA-RETORNO;;
;;0701950;CONSULTA EM CIRURGIA OTORRINOLARINGOLOGIA;;
;;0701726;CONSULTA EM CIRURGIA OTORRINOLARINGOLOGIA - RETORNO;;
;;0701209;CONSULTA EM CIRURGIA PLASTICA - GERAL;;
;;0701086;CONSULTA EM CIRURGIA PLASTICA - RETORNO;;
;;0701321;CONSULTA EM CIRURGIA TORACICA - GERAL;;
;;0701049;CONSULTA EM CIRURGIA TORACICA - RETORNO;;
;;0701211;CONSULTA EM CIRURGIA VASCULAR - GERAL;;
;;0701213;CONSULTA EM ENDOCRINOLOGIA E METABOLOGIA - GERAL;;
;;0701027;CONSULTA EM ENDOCRINOLOGIA E METABOLOGIA - RETORNO;;
;;0701022;CONSULTA EM FISIOTERAPIA;;
;;0701428;CONSULTA EM FISIOTERAPIA - ACIMA DE 60 ANOS;;
;;0710368;CONSULTA EM FISIOTERAPIA - PEDIATRIA;;
;;0701215;CONSULTA EM GASTROENTEROLOGIA - GERAL;;
;;0701054;CONSULTA EM GASTROENTEROLOGIA - RETORNO;;
;;0701222;CONSULTA EM NEFROLOGIA - GERAL;;
;;0701046;CONSULTA EM NEFROLOGIA - RETORNO;;
;;0766279;CONSULTA EM NEFROLOGIA - TERAPIA RENAL SUBSTITUTIVA;;
;;0701223;CONSULTA EM NEUROCIRURGIA - GERAL;;
;;0701224;CONSULTA EM NEUROLOGIA - GERAL;;
;;0701030;CONSULTA EM NEUROLOGIA - RETORNO;;
;;0037006;CONSULTA EM NUTROLOGIA;;
;;0710938;CONSULTA EM NUTROLOGIA-RETORNO;;
;;0701199;CONSULTA EM ORTOPEDIA - AMB. TRAUMA;;
;;0703589;CONSULTA EM ORTOPEDIA - FIXADOR EXTERNO - RETORNO;;
;;0701226;CONSULTA EM ORTOPEDIA - GERAL;;
;;0816001;CONSULTA EM PEQUENA CIRURGIA;;
;;0800553;CONSULTA EM PEQUENA CIRURGIA - RETORNO;;
;;0701228;CONSULTA EM PNEUMOLOGIA - GERAL;;
;;0701067;CONSULTA EM PNEUMOLOGIA - RETORNO;;
;;0701698;CONSULTA EM PROCTOLOGIA - CIRURGICA;;
;;2018084;CONSULTA EM PROCTOLOGIA - CIRURGICA - RETORNO;;
;;0701231;CONSULTA EM REUMATOLOGIA - GERAL;;
;;0701066;CONSULTA EM REUMATOLOGIA - RETORNO;;
;;0701388;CONSULTA EM UROLOGIA - CIRURGICA;;
;;2018086;CONSULTA EM UROLOGIA - CIRURGICA - RETORNO;;
;;0701233;CONSULTA EM UROLOGIA - GERAL;;
;;0701039;CONSULTA EM UROLOGIA - RETORNO;;
;;1711103;GASTRO-DUODENOSCOPIA (ENDOSCOPIA DIGESTIVA);;
;;1401000;GRUPO - EXAMES ULTRA-SONOGRAFICOS;;
;;;;1401507;ULTRA-SONOGRAFIA  DE ARTICULACAO ANTEBRACO DIREITO
;;;;1401508;ULTRA-SONOGRAFIA  DE ARTICULACAO ANTEBRACO ESQUERDO
;;;;1401527;ULTRA-SONOGRAFIA  DE ARTICULACAO CLAVICULA
;;;;1401514;ULTRA-SONOGRAFIA  DE ARTICULACAO COXA DIREITA
;;;;1401513;ULTRA-SONOGRAFIA  DE ARTICULACAO DEDOS
;;;;1401524;ULTRA-SONOGRAFIA  DE ARTICULACAO DEDOS DO PE
;;;;1401516;ULTRA-SONOGRAFIA  DE ARTICULACAO JOELHO DIREITO
;;;;1401517;ULTRA-SONOGRAFIA  DE ARTICULACAO JOELHO ESQUERDO
;;;;1401511;ULTRA-SONOGRAFIA  DE ARTICULACAO MAO DIREITA
;;;;1401512;ULTRA-SONOGRAFIA  DE ARTICULACAO MAO ESQUERDA
;;;;1401409;ULTRA-SONOGRAFIA  DE ARTICULACAO OMBRO DIREITO
;;;;1401500;ULTRA-SONOGRAFIA  DE ARTICULACAO OMBRO ESQUERDO
;;;;1401522;ULTRA-SONOGRAFIA  DE ARTICULACAO PE DIREITO
;;;;1401523;ULTRA-SONOGRAFIA  DE ARTICULACAO PE ESQUERDO
;;;;1401509;ULTRA-SONOGRAFIA  DE ARTICULACAO PUNHO DIREITO
;;;;1401510;ULTRA-SONOGRAFIA  DE ARTICULACAO PUNHO ESQUERDO
;;;;1401526;ULTRA-SONOGRAFIA  DE ARTICULACAO QUADRIL
;;;;1401530;ULTRA-SONOGRAFIA  DE ARTICULACAO TENDAO DE AQUILES
;;;;1401520;ULTRA-SONOGRAFIA  DE ARTICULACAO TORNOZELO DIREITO
;;;;1401521;ULTRA-SONOGRAFIA  DE ARTICULACAO TORNOZELO ESQUERDO
;;;;1401405;ULTRA-SONOGRAFIA  DO APARELHO URINARIO (RINS, BEXIGA)
;;;;1401999;ULTRA-SONOGRAFIA DE ABDOMEN SUPERIOR
;;;;1401998;ULTRA-SONOGRAFIA DE ABDOMEN TOTAL
;;;;1401977;ULTRA-SONOGRAFIA DE MAMAS (BILATERAL)
;;;;1401979;ULTRA-SONOGRAFIA DE PAREDE ABDOMINAL
;;;;1401997;ULTRA-SONOGRAFIA DE PROSTATA (VIA ABDOMINAL)
;;;;1401987;ULTRA-SONOGRAFIA DE REGIAO CERVICAL (PESCOCO)
;;;;1401980;ULTRA-SONOGRAFIA DE TIREOIDE
;;;;1401202;ULTRA-SONOGRAFIA TRANSVAGINAL
;;1801000;GRUPO - FISIOTERAPIA (POR SESSAO);;
;;;;1801021;ATENDIMENTO FISIOTERAPÊUTICO EM PAC.C/DISTÚRBIOS NEURO-CINÉTICO-FUNCIONAIS S/COMPLICAÇÕES SISTÊMICAS
;;;;1801022;ATENDIMENTO FISIOTERAPEUTICO EM PACIENTE C/ COMPROMETIMENTO COGNITIVO
;;;;1801020;ATENDIMENTO FISIOTERAPEUTICO EM PACIENTE C/ DISTURBIOS NEURO-CINETICO-FUNCIONAIS S/ COMPLICACOES SIS
;;;;1801033;ATENDIMENTO FISIOTERAPEUTICO EM PACIENTE NO PRE/POS-OPERATORIO DE NEUROCIRURGIA
;;;;1801032;ATENDIMENTO FISIOTERAPEUTICO EM PACIENTES C/ DISTURBIOS NEURO-CINETICO-FUNCIONAIS C/COMPLICACOES SIS
;;;;1801016;ATENDIMENTO FISIOTERAPEUTICO EM PACIENTES NO PRE E POS-OPERATORIO NAS DISFUNCOES MUSCULO ESQUELETICA
;;;;1801019;ATENDIMENTO FISIOTERAPEUTICO NAS ALTERACOES MOTORAS
;;1101000;GRUPO - PATOLOGIA CLINICA (EXAMES DE LABORATORIO);;
;;1301000;GRUPO - RADIODIAGNOSTICO;;
;;;;1301127;ANTEBRACO ESQUERDO
;;;;1301128;ARTICULACAO COXO-FEMORAL DIREITO
;;;;1301129;ARTICULACAO COXO-FEMORAL ESQUERDO
;;;;1301116;ARTICULACAO TIBIO-TARSICA DIREITA
;;;;1301117;ARTICULACAO TIBIO-TARSICA ESQUERDA
;;;;1301017;BACIA
;;;;1301118;BRACO DIREITO
;;;;1301119;BRACO ESQUERDO
;;;;1301130;CALCANEO DIREITO
;;;;1301131;CALCANEO ESQUERDO
;;;;1301133;CLAVICULA DIREITA
;;;;1301132;CLAVICULA ESQUERDO
;;;;1301033;COLUNA LOMBO-SACRA
;;;;1301134;COTOVELO DIREITO
;;;;1301135;COTOVELO ESQUERDO
;;;;1301047;ESCANOMETRIA
;;;;1301138;JOELHO : AP + LATERAL DIREITO
;;;;1301139;JOELHO : AP + LATERAL ESQUERDO
;;;;1301142;JOELHO OU ROTULA - AP + LAT. + AXIAL DIREITO
;;;;1301143;JOELHO OU ROTULA - AP + LAT. + AXIAL ESQUERDO
;;;;1301144;MAO DIREITA ( DUAS INCIDENCIAS)
;;;;1301145;MAO ESQUERDA ( DUAS INCIDENCIAS)
;;;;1301065;MAOS E PUNHOS PARA IDADE OSSEA
;;;;1301235;OMBRO DIREITO (AP VERDADEIRO, PERFIL DE ESCAPULAR E AXILAR)
;;;;1301236;OMBRO ESQUERDO (AP VERDADEIRO, PERFIL DE ESCAPULAR E AXILAR)
;;;;1301072;PANORAMICA DE MEMBROS INFERIORES
;;;;1301152;PE OU PODODACTILOS DIREITO
;;;;1301153;PE OU PODODACTILOS ESQUERDO
;;;;1301150;PERNA DIREITA
;;;;1301151;PERNA ESQUERDA
;;;;1301154;PUNHO DIREITO: AP + LATERAL + OBLIQUOS
;;;;1301155;PUNHO ESQUERDO: AP + LATERAL + OBLIQUOS
;;;;1301096;TORAX : PA E PERFIL
;;;;1301099;TORAX:  P.A
;;3100000;GRUPO - RESSONANCIA MAGNETICA;;
;;;;3100004;RESSONANCIA MAGNETICA DE COLUNA CERVICAL
;;;;3100005;RESSONANCIA MAGNETICA DE COLUNA LOMBO-SACRA
;;;;3100006;RESSONANCIA MAGNETICA DE COLUNA TORACICA
;;;;3100034;RESSONANCIA MAGNETICA DE CRANIO
;;;;3100027;RESSONANCIA MAGNETICA DE OMBRO DIREITO
;;;;3100026;RESSONANCIA MAGNETICA DE OMBRO ESQUERDO
;;;;3100013;RESSONANCIA MAGNETICA DE VIAS BILIARES
;;;;3100031;RESSONANCIA MAGNETICA DO JOELHO DIREITO
;;;;3100030;RESSONANCIA MAGNETICA DO JOELHO ESQUERDO
;;3500000;GRUPO - TOMOGRAFIA COMPUTADORIZADA;;
;;;;3500025;TOMOGRAFIA COMPUTADORIZADA  COLUNA CERVICAL
;;;;3500077;TOMOGRAFIA COMPUTADORIZADA  DE CRANIO
;;;;3500026;TOMOGRAFIA COMPUTADORIZADA COLUNA DORSAL
;;;;3500027;TOMOGRAFIA COMPUTADORIZADA COLUNA LOMBAR
;;;;3500013;TOMOGRAFIA COMPUTADORIZADA DAS ARTICULACOES COTOVELOS
;;;;3500016;TOMOGRAFIA COMPUTADORIZADA DAS ARTICULACOES COXO-FEMURAIS
;;;;3500017;TOMOGRAFIA COMPUTADORIZADA DAS ARTICULACOES JOELHOS
;;;;3500012;TOMOGRAFIA COMPUTADORIZADA DAS ARTICULACOES OMBROS
;;;;3500014;TOMOGRAFIA COMPUTADORIZADA DAS ARTICULACOES PUNHOS
;;;;3500015;TOMOGRAFIA COMPUTADORIZADA DAS ARTICULACOES SACRO-ILIACO
;;;;3500080;TOMOGRAFIA COMPUTADORIZADA DAS ARTICULACOES TORNOZELO
;;;;3500005;TOMOGRAFIA COMPUTADORIZADA DE FACE / SEIOS DA FACE / ARTICULACOES TEMPORO-MANDIBULARES
;;;;3500006;TOMOGRAFIA COMPUTADORIZADA DE MASTOIDES OU OUVIDOS
;;;;3500007;TOMOGRAFIA COMPUTADORIZADA DE PELVE OU BACIA
;;;;3500008;TOMOGRAFIA COMPUTADORIZADA DE PESCOCO (PARTES MOLES, LARINGE)
;;;;3500009;TOMOGRAFIA COMPUTADORIZADA DE SEGMENTOS APENDICULARES
;;;;3500078;TOMOGRAFIA COMPUTADORIZADA DE SELA TURCICA
;;;;3500004;TOMOGRAFIA COMPUTADORIZADA DO ABDOMEN  SUPERIOR
;;;;3500003;TOMOGRAFIA COMPUTADORIZADA DO TORAX
;;2033009;OCI AVALIAÇÃO DE RISCO CIRÚRGICO;;
;FUNDACAO HOSPITALAR ALFREDO DA MATTA FUHAM;;;;
;;0441051;CE - EXCISAO E ENXERTO DE PELE (HEMANGIOMA, NEVUS OU TUMOR);;
;;0279025;CE - EXCISAO E SUTURA DE LESAO NA PELE C/ PLASTICA EM Z OU ROTACAO DE RETALHO;;
;;0279029;CE - EXTIRPACAO E SUPRESSAO DE LESAO DE PELE E DE TECIDO CELULAR SUBCUTANEO;;
;;0365007;CE - NEUROLISE NAO FUNCIONAL DE NERVOS PERIFERICOS;;
;;0364008;CE - NEUROTOMIA PERCUTANEA DE NERVOS PERIFERICOS POR AGENTES QUIMICOS;;
;;0336243;CE - PLASTICA TOTAL DO PENIS;;
;;0336244;CE - POSTECTOMIA;;
;;9320002;CE - TRATAMENTO CIRURGICO DE DEDO EM GATILHO;;
;;2018774;CONSULTA EM ORTOPEDIA - HANSENIASE - RETORNO;;
;;0604044;CONSULTA EM CIRURGIA DERMATOLOGICA - ONCOLOGIA;;
;;0701207;CONSULTA EM CIRURGIA GERAL - GERAL;;
;;2018779;CONSULTA EM DERMATOLIGIA - FOTOTERAPIA - RETORNO;;
;;2018772;CONSULTA EM DERMATOLOGIA - AVALIACAO CIRURGICA - RETORNO;;
;;2018771;CONSULTA EM DERMATOLOGIA - AVALIACAO CIRURGICA;;
;;0711010;CONSULTA EM DERMATOLOGIA - CIRURGIA;;
;;2018766;CONSULTA EM DERMATOLOGIA - CLINICA AVANCADA;;
;;2018767;CONSULTA EM DERMATOLOGIA - CLINICA AVANCADA - RETORNO;;
;;0701370;CONSULTA EM DERMATOLOGIA - COSMIATRIA;;
;;2018776;CONSULTA EM DERMATOLOGIA - COSMIATRIA - RETORNO;;
;;0701372;CONSULTA EM DERMATOLOGIA - DST;;
;;0710775;CONSULTA EM DERMATOLOGIA - FOTOTERAPIA;;
;;0701212;CONSULTA EM DERMATOLOGIA - GERAL;;
;;0701975;CONSULTA EM DERMATOLOGIA - HANSENIASE;;
;;0701621;CONSULTA EM DERMATOLOGIA - HANSENIASE - RETORNO;;
;;2018769;CONSULTA EM DERMATOLOGIA - IST;;
;;2018770;CONSULTA EM DERMATOLOGIA - IST - RETORNO;;
;;0701974;CONSULTA EM DERMATOLOGIA - LEISHMANIOSE;;
;;0735045;CONSULTA EM DERMATOLOGIA - LEISHMANIOSE - RETORNO;;
;;2018780;CONSULTA EM DERMATOLOGIA - LINFOMA;;
;;2018781;CONSULTA EM DERMATOLOGIA - LINFOMA - RETORNO;;
;;0701972;CONSULTA EM DERMATOLOGIA - PEDIATRIA;;
;;0701089;CONSULTA EM DERMATOLOGIA - PEDIATRIA - RETORNO;;
;;0701970;CONSULTA EM DERMATOLOGIA - PSORIASE;;
;;0703307;CONSULTA EM DERMATOLOGIA - PSORIASE - RETORNO;;
;;0701052;CONSULTA EM DERMATOLOGIA - RETORNO;;
;;0711043;CONSULTA EM DERMATOLOGIA - TRICOLOGIA;;
;;0701371;CONSULTA EM DERMATOLOGIA - TROPICAL;;
;;2018768;CONSULTA EM DERMATOLOGIA - TROPICAL - RETORNO;;
;;2018777;CONSULTA EM DERMATOLOGIA TRICOLOGIA - RETORNO;;
;;0701481;CONSULTA EM DST - FEMININO;;
;;0701482;CONSULTA EM DST - MASCULINO;;
;;0701022;CONSULTA EM FISIOTERAPIA;;
;;0766295;CONSULTA EM FISIOTERAPIA - HANSENIASE;;
;;0201216;CONSULTA EM GINECOLOGIA - DST;;
;;0701960;CONSULTA EM OFTALMOLOGIA - HANSENIASE;;
;;2018775;CONSULTA EM OFTALMOLOGIA - HANSENIASE - RETORNO;;
;;0701226;CONSULTA EM ORTOPEDIA - GERAL;;
;;9270003;CONSULTA EM ORTOPEDIA - GERAL - RETORNO;;
;;2018773;CONSULTA EM ORTOPEDIA - HANSENIASE;;
;;3517005;CONSULTA PEQUENA CIRURGIA - DERMATOLOGIA GERAL;;
;;2018087;CONSULTA PEQUENA CIRURGIA - DERMATOLOGIA GERAL - RETORNO;;
;;1801000;GRUPO - FISIOTERAPIA (POR SESSAO);;
;;;;1801022;ATENDIMENTO FISIOTERAPEUTICO EM PACIENTE C/ COMPROMETIMENTO COGNITIVO
;;;;1801020;ATENDIMENTO FISIOTERAPEUTICO EM PACIENTE C/ DISTURBIOS NEURO-CINETICO-FUNCIONAIS S/ COMPLICACOES SIS
;;;;1801035;ATENDIMENTO FISIOTERAPEUTICO EM PACIENTE COM SEQUELAS POR QUEIMADURAS (MEDIO E GRANDE QUEIMADOS)
;;2280000;GRUPO - PATOLOGIA CLINICA (EXAMES DE LABORATORIO 2);;
;;0817000;GRUPO - PROCEDIMENTOS AMBULATORIAIS EM DERMATOLOGIA;;
;;;;0817040;AMPUTAÇÃO/ DESARTICULAÇÃO DE DEDO
;;;;0817028;AUTONOMIZACAO DE RETALHO
;;;;0817027;BIOPSIA DA PELE, TECIDO CELULAR OU GANGLIO SUBCUTANEO
;;;;0817004;BIOPSIA DE LABIO
;;;;0817055;BIÓPSIA DE PELE E PARTES MOLES
;;;;0817060;BIOPSIA DOS TECIDOS MOLES DA BOCA
;;;;0817048;CURATIVO GRAU 2 COM OU SEM DEBRIDAMENTO
;;;;0817041;DEBRIDAMENTO DE ÚLCERA/ NECROSE
;;;;0817008;DEBRIDAMENTO E CURATIVO DE ESCARA OU ULCERACAO
;;;;0817039;ELETROCOAGULACAO DE LESAO CUTANEA
;;;;0817042;EXCISÃO DE LESÃO E/OU SUTURAÇÃO DE FERIMENTO DE PELE, ANEXOS E MUCOSA
;;;;0817029;EXCISAO E SUTURA DE LINFANGIOMA OU NEVUS
;;;;0817043;EXERESE TUMOR NA PELE ANEXOS, CISTO SEBÁCEO/LIPOMA
;;;;0817018;FULGURACAO/CAUTERIZACAO QUIMICA DE LESOES CUTANEAS
;;;;0817052;INFILTRACAO DE SUBSTANCIAS EM CAVIDADE SINOVIAL (ARTICULACAO, BAINHA TENDINOSA)
;;;;0817030;RESSECCAO DE TUMORES DA FACE, POR VIA EXTERNA OU ENDOBUCAL/N
;;;;0817023;RETIRADA DE LESAO POR SHAVING
;;;;0817031;TRANSECCAO DE RETALHOS
;;0823000;GRUPO - PUNCAO / BIOPSIA;;
;;;;0823037;BIOPSIA DE PENIS
;;0236021;TRATAMENTO CIRÚRGICO DE RINOFIMA;;
;G O CLINICA DA MULHER;;;;
;;1401000;GRUPO - EXAMES ULTRA-SONOGRAFICOS;;
;;;;1401507;ULTRA-SONOGRAFIA  DE ARTICULACAO ANTEBRACO DIREITO
;;;;1401508;ULTRA-SONOGRAFIA  DE ARTICULACAO ANTEBRACO ESQUERDO
;;;;1401009;ULTRA-SONOGRAFIA  DE ARTICULACAO ATM
;;;;1401527;ULTRA-SONOGRAFIA  DE ARTICULACAO CLAVICULA
;;;;1401505;ULTRA-SONOGRAFIA  DE ARTICULACAO COTOVELO DIREITO
;;;;1401506;ULTRA-SONOGRAFIA  DE ARTICULACAO COTOVELO ESQUERDO
;;;;1401514;ULTRA-SONOGRAFIA  DE ARTICULACAO COXA DIREITA
;;;;1401515;ULTRA-SONOGRAFIA  DE ARTICULACAO COXA ESQUERDA
;;;;1401513;ULTRA-SONOGRAFIA  DE ARTICULACAO DEDOS
;;;;1401524;ULTRA-SONOGRAFIA  DE ARTICULACAO DEDOS DO PE
;;;;1401516;ULTRA-SONOGRAFIA  DE ARTICULACAO JOELHO DIREITO
;;;;1401517;ULTRA-SONOGRAFIA  DE ARTICULACAO JOELHO ESQUERDO
;;;;1401511;ULTRA-SONOGRAFIA  DE ARTICULACAO MAO DIREITA
;;;;1401512;ULTRA-SONOGRAFIA  DE ARTICULACAO MAO ESQUERDA
;;;;1401409;ULTRA-SONOGRAFIA  DE ARTICULACAO OMBRO DIREITO
;;;;1401500;ULTRA-SONOGRAFIA  DE ARTICULACAO OMBRO ESQUERDO
;;;;1401518;ULTRA-SONOGRAFIA  DE ARTICULACAO PANTURRILHA DIREITA
;;;;1401519;ULTRA-SONOGRAFIA  DE ARTICULACAO PANTURRILHA ESQUERDA
;;;;1401522;ULTRA-SONOGRAFIA  DE ARTICULACAO PE DIREITO
;;;;1401523;ULTRA-SONOGRAFIA  DE ARTICULACAO PE ESQUERDO
;;;;1401528;ULTRA-SONOGRAFIA  DE ARTICULACAO PERNA DIREITA
;;;;1401529;ULTRA-SONOGRAFIA  DE ARTICULACAO PERNA ESQUERDA
;;;;1401509;ULTRA-SONOGRAFIA  DE ARTICULACAO PUNHO DIREITO
;;;;1401510;ULTRA-SONOGRAFIA  DE ARTICULACAO PUNHO ESQUERDO
;;;;1401526;ULTRA-SONOGRAFIA  DE ARTICULACAO QUADRIL
;;;;1401530;ULTRA-SONOGRAFIA  DE ARTICULACAO TENDAO DE AQUILES
;;;;1401520;ULTRA-SONOGRAFIA  DE ARTICULACAO TORNOZELO DIREITO
;;;;1401521;ULTRA-SONOGRAFIA  DE ARTICULACAO TORNOZELO ESQUERDO
;;;;1401405;ULTRA-SONOGRAFIA  DO APARELHO URINARIO (RINS, BEXIGA)
;;;;1401930;ULTRA-SONOGRAFIA  TORAX ( EXTRACARDIACO )
;;;;1401999;ULTRA-SONOGRAFIA DE ABDOMEN SUPERIOR
;;;;1401998;ULTRA-SONOGRAFIA DE ABDOMEN TOTAL
;;;;1401978;ULTRA-SONOGRAFIA DE BOLSA ESCROTAL
;;;;1401977;ULTRA-SONOGRAFIA DE MAMAS (BILATERAL)
;;;;1401037;ULTRA-SONOGRAFIA DE PARTES MOLES
;;;;1401997;ULTRA-SONOGRAFIA DE PROSTATA (VIA ABDOMINAL)
;;;;1401981;ULTRA-SONOGRAFIA DE PROSTATA (VIA TRANSRETAL)
;;;;1401987;ULTRA-SONOGRAFIA DE REGIAO CERVICAL (PESCOCO)
;;;;1401980;ULTRA-SONOGRAFIA DE TIREOIDE
;;;;1401201;ULTRA-SONOGRAFIA OBSTETRICA
;;;;1401101;ULTRA-SONOGRAFIA PELVICA (GINECOLOGICA)
;;;;1401942;ULTRA-SONOGRAFIA TRANSFONTANELAR
;;;;1401202;ULTRA-SONOGRAFIA TRANSVAGINAL
;;1670000;GRUPO - EXAMES ULTRA-SONOGRAFICOS (DOPPLER) E ECOGRAFIAS;;
;;;;1670019;DOPPLER DE BOLSA ESCROTAL
;;;;1670012;ULTRA-SONOGRAFIA  DOPPLER ARTERIAL- M I D
;;;;1670013;ULTRA-SONOGRAFIA  DOPPLER ARTERIAL- M I E
;;;;1670014;ULTRA-SONOGRAFIA  DOPPLER ARTERIAL- M S D
;;;;1670015;ULTRA-SONOGRAFIA  DOPPLER ARTERIAL- M S E
;;;;1670006;ULTRA-SONOGRAFIA  DOPPLER DE CAROTIDAS
;;;;1670007;ULTRA-SONOGRAFIA  DOPPLER VENOSO - MID
;;;;1670009;ULTRA-SONOGRAFIA  DOPPLER VENOSO - MIE
;;;;1670010;ULTRA-SONOGRAFIA  DOPPLER VENOSO - MSD
;;;;1670011;ULTRA-SONOGRAFIA  DOPPLER VENOSO - MSE
;;;;1670030;ULTRA-SONOGRAFIA DOPPLER - ILIACA (3 VASOS)
;;;;1670016;ULTRA-SONOGRAFIA DOPPLER DE AORTA E VASOS ILIACOS
;;;;1670025;ULTRA-SONOGRAFIA DOPPLER DE ARTERIA AORTA ABDOMINAL
;;;;1670008;ULTRA-SONOGRAFIA DOPPLER DE ARTERIAS RENAIS
;;;;1670017;ULTRA-SONOGRAFIA DOPPLER DE ARTERIAS VERTEBRAIS
;GASTROCLIN;;;;
;;1711101;COLONOSCOPIA;;
;;1711103;GASTRO-DUODENOSCOPIA (ENDOSCOPIA DIGESTIVA);;
;;1711106;RETOSIGMOIDOSCOPIA;;
;GRUPO MEDICO SANTA CLARA;;;;
;;1709000;GRUPO - DIAGNOSE EM PNEUMOLOGIA;;
;;1401000;GRUPO - EXAMES ULTRA-SONOGRAFICOS;;
;;1670000;GRUPO - EXAMES ULTRA-SONOGRAFICOS (DOPPLER) E ECOGRAFIAS;;
;;1305000;GRUPO - MAMOGRAFIA;;
;HEMOAM DIAGNOSTICOS;;;;
;;2280000;GRUPO - PATOLOGIA CLINICA (EXAMES DE LABORATORIO 2);;
;;1101000;GRUPO - PATOLOGIA CLINICA (EXAMES DE LABORATORIO);;
;;2400000;GRUPO - PATOLOGIA CLINICA (REGULACAO);;
;;;;2400022;DETECCAO DE RNA DO VIRUS DA HEPATITE C (QUALITATIVO)
;;;;2400023;QUANTIFICACAO DE RNA DO VIRUS DA HEPATITE C
;HOSPITAL CHAPOT PREVOST;;;;
;;2018852;CONSULTA EM PLANEJAMNTO FAMILIAR PARA LAQUEADURA;;
;HOSPITAL DELPHINA RINALDI AZIZ;;;;
;;0766090;CONSULTA - PRE TRANSPLANTE HEPATICO;;
;;0701438;CONSULTA EM CARDIOLOGIA - ACIMA DE 60 ANOS;;
;;0710459;CONSULTA EM CARDIOLOGIA - ACIMA DE 60 ANOS - RETORNO;;
;;0701205;CONSULTA EM CARDIOLOGIA - GERAL;;
;;0701380;CONSULTA EM CARDIOLOGIA - RETORNO;;
;;0701230;CONSULTA EM CARDIOLOGIA - RISCO CIRURGICO;;
;;0701207;CONSULTA EM CIRURGIA GERAL - GERAL;;
;;0701306;CONSULTA EM CIRURGIA GINECOLOGICA;;
;;0701863;CONSULTA EM CIRURGIA GINECOLOGICA - POS OPERATORIO;;
;;0320061;CONSULTA EM CIRURGIA GINECOLOGICA - RETORNO;;
;;0701950;CONSULTA EM CIRURGIA OTORRINOLARINGOLOGIA;;
;;0701726;CONSULTA EM CIRURGIA OTORRINOLARINGOLOGIA - RETORNO;;
;;0108071;CONSULTA EM CIRURGIA UROLOGIA - RETORNO POS OPERATORIO;;
;;0051013;CONSULTA EM CIRURGIA UROLOGICA – VASECTOMIA;;
;;0711010;CONSULTA EM DERMATOLOGIA - CIRURGIA;;
;;0701212;CONSULTA EM DERMATOLOGIA - GERAL;;
;;0701052;CONSULTA EM DERMATOLOGIA - RETORNO;;
;;0701430;CONSULTA EM GASTROENTEROLOGIA - ACIMA DE 60 ANOS;;
;;0701215;CONSULTA EM GASTROENTEROLOGIA - GERAL;;
;;0701216;CONSULTA EM GASTROENTEROLOGIA - PEDIATRIA;;
;;0701090;CONSULTA EM GASTROENTEROLOGIA - PEDIATRIA - RETORNO;;
;;0701054;CONSULTA EM GASTROENTEROLOGIA - RETORNO;;
;;0724029;CONSULTA EM GASTROENTEROLOGIA > 60 ANOS- RETORNO;;
;;0055070;CONSULTA EM GINECOLOGIA - LAQUEADURA;;
;;0701222;CONSULTA EM NEFROLOGIA - GERAL;;
;;0701046;CONSULTA EM NEFROLOGIA - RETORNO;;
;;0701224;CONSULTA EM NEUROLOGIA - GERAL;;
;;0701030;CONSULTA EM NEUROLOGIA - RETORNO;;
;;0701431;CONSULTA EM OFTALMOLOGIA - ACIMA DE 60 ANOS;;
;;0701814;CONSULTA EM OFTALMOLOGIA - AVALIACAO CIRURGICA;;
;;0701225;CONSULTA EM OFTALMOLOGIA - GERAL;;
;;2018324;CONSULTA EM OFTALMOLOGIA - GERAL RETORNO;;
;;0118091;CONSULTA EM OFTALMOLOGIA - POS OPERATORIO;;
;;0037014;CONSULTA EM OFTALMOLOGIA- ACIMA DE 60 ANOS- RETORNO;;
;;0742011;CONSULTA EM OFTALMOLOGIA CATARATA;;
;;0701227;CONSULTA EM OTORRINOLARINGOLOGIA - GERAL;;
;;0703814;CONSULTA EM OTORRINOLARINGOLOGIA - IMPLANTE COCLEAR;;
;;0320173;CONSULTA EM OTORRINOLARINGOLOGIA - RETORNO;;
;;0710001;CONSULTA EM PSICOLOGIA;;
;;0701231;CONSULTA EM REUMATOLOGIA - GERAL;;
;;0701066;CONSULTA EM REUMATOLOGIA - RETORNO;;
;;0701388;CONSULTA EM UROLOGIA - CIRURGICA;;
;;2018086;CONSULTA EM UROLOGIA - CIRURGICA - RETORNO;;
;;0701233;CONSULTA EM UROLOGIA - GERAL;;
;;0701039;CONSULTA EM UROLOGIA - RETORNO;;
;;3517005;CONSULTA PEQUENA CIRURGIA - DERMATOLOGIA GERAL;;
;;2018087;CONSULTA PEQUENA CIRURGIA - DERMATOLOGIA GERAL - RETORNO;;
;;0766080;CONSULTA POS TRANSPLANTE RENAL;;
;;3516012;CONSULTA POS TRANSPLANTE RENAL - RETORNO;;
;;0766079;CONSULTA PRE TRANSPLANTE RENAL;;
;;0210088;CONSULTA PRE TRANSPLANTE RENAL - RETORNO;;
;;1407014;ECOCARDIOGRAFIA BI-DIMENSIONAL COM OU SEM DOPPLER;;
;;1703101;ELETROCARDIOGRAMA;;
;;1711110;EXAME DE VIDEOLARINGOSCOPIA(COM EQUIPAMENTO);;
;;0210000;GRUPO - CONSULTA/ ATENDIMENTO/ ACOMPANHAMENTO (PSICOLOGIA);;
;;;;0210075;ATENDIMENTO EM PSICOTERAPIA DE GRUPO
;;;;0210059;ATIVIDADE EDUCATIVA / ORIENTAÇÃO EM GRUPO NA ATENÇÃO ESPECIALIZADA
;;;;0210072;ESCUTA INICIAL / ORIENTAÇÃO (ACOLHIMENTO A DEMANDA ESPONT NEA)
;;;;0210058;TERAPIA EM GRUPO
;;;;0210057;TERAPIA INDIVIDUAL
;;1710000;GRUPO - DIAGNOSE EM UROLOGIA;;
;;;;1710201;URODINAMICA COMPLETA
;;;;1710106;UROFLUXOMETRIA
;;3513000;GRUPO - DIAGNOSTICO POR TOMOGRAFIA (SEDACAO);;
;;1428000;GRUPO - DIAGNOSTICO POR ULTRASSONOGRAFIA - OFTALMOLOGIA;;
;;;;1428005;PAQUIMETRIA ULTRASSÔNICA  - OLHO DIREITO
;;;;1428006;PAQUIMETRIA ULTRASSÔNICA - OLHO ESQUERDO
;;;;1428004;ULTRASSONOGRAFIA DE GLOBO OCULAR / ORBITA  - OLHO ESQUERDO
;;;;1428003;ULTRASSONOGRAFIA DE GLOBO OCULAR / ORBITA - OLHO DIREITO
;;0601000;GRUPO - ELETRONEUROMIOGRAFIA;;
;;;;0601002;ELETRONEUROMIOGRAFIA - MEMBROS INFERIORES (MID/MIE)
;;;;0601001;ELETRONEUROMIOGRAFIA - MEMBROS SUPERIORES (MSD/MSE)
;;1305000;GRUPO - MAMOGRAFIA;;
;;1707000;GRUPO - OFTALMOLOGIA;;
;;;;1707010;BIOMETRIA ULTRASSONICA - OLHO DIREITO
;;;;1707011;BIOMETRIA ULTRASSONICA - OLHO ESQUERDO
;;;;1707159;CERATOMETRIA
;;;;1707103;FUNDOSCOPIA
;;;;1707465;MICROSCOPIA ESPECULAR DE CORNEA - OD
;;;;1707466;MICROSCOPIA ESPECULAR DE CORNEA - OE
;;;;1707102;TONOMETRIA
;;;;1707467;TOPOGRAFIA COMPUTADORIZADA DE CORNEA - OD
;;;;1707468;TOPOGRAFIA COMPUTADORIZADA DE CORNEA - OE
;;0461000;GRUPO - OFTALMOLOGIA - CATARATA;;
;;0823000;GRUPO - PUNCAO / BIOPSIA;;
;;;;0823062;PUNCAO ASPIRATIVA DE MAMA POR AGULHA FINA
;;;;0823063;PUNCAO DE MAMA POR AGULHA GROSSA
;;1301000;GRUPO - RADIODIAGNOSTICO;;
;;3100000;GRUPO - RESSONANCIA MAGNETICA;;
;;3103000;GRUPO - RESSONANCIA MAGNETICA (SEDACAO);;
;;3500000;GRUPO - TOMOGRAFIA COMPUTADORIZADA;;
;;1703204;HOLTER 24 HORAS;;
;;1703203;MONITORIZACAO AMBULATORIAL DE PRESSAO ARTERIAL;;
;;0816002;PUNCAO ASPIRATIVA DA TIREOIDE;;
;;1703205;TESTE DE ESFORCO OU TESTE ERGOMETRICO 2;;
;;1301103;URETROCISTOGRAFIA;;
;HOSPITAL DONA FRANCISCA MENDES;;;;
;;3100001;ANGIOGRAFIA POR RESSONANCIA MAGNETICA;;
;;1300020;ARTERIOGRAFIA;;
;;9000003;CATETERISMO;;
;;0701240;CONSULTA EM CARDIOLOGIA - PEDIATRIA;;
;;0701242;CONSULTA EM NEFROLOGIA - PEDIATRIA;;
;;0701396;CONSULTA EM ANGIOLOGIA - ANEURISMA E TROMBOSE;;
;;2018079;CONSULTA EM ANGIOLOGIA - ANEURISMA E TROMBOSE - RETORNO;;
;;0703764;CONSULTA EM CARDIOLOGIA - ADULTO - TRANSPLANTE CARDIACO;;
;;0762018;CONSULTA EM CARDIOLOGIA - ADULTO - TRANSPLANTE CARDIACO - RETORNO;;
;;0701446;CONSULTA EM CARDIOLOGIA - ANTICOAGULACAO;;
;;0729067;CONSULTA EM CARDIOLOGIA - ANTICOAGULACAO - RETORNO;;
;;0701879;CONSULTA EM CARDIOLOGIA - ARRITMIA;;
;;0703406;CONSULTA EM CARDIOLOGIA - ARRITMIA - RETORNO;;
;;0701247;CONSULTA EM CARDIOLOGIA - AVALIACAO DE MARCA PASSO;;
;;0701875;CONSULTA EM CARDIOLOGIA - CIRURGIA CARDIACA;;
;;0703680;CONSULTA EM CARDIOLOGIA - CIRURGIA CARDIACA - RETORNO;;
;;0701445;CONSULTA EM CARDIOLOGIA - CORONARIA;;
;;0701205;CONSULTA EM CARDIOLOGIA - GERAL;;
;;0701329;CONSULTA EM CARDIOLOGIA - INSUFICIENCIA CARDIACA;;
;;0701447;CONSULTA EM CARDIOLOGIA - MIOCARDIOPATIA;;
;;0703403;CONSULTA EM CARDIOLOGIA - MIOCARDIOPATIA - RETORNO;;
;;0320053;CONSULTA EM CARDIOLOGIA - PEDIATRIA - RETORNO;;
;;0701380;CONSULTA EM CARDIOLOGIA - RETORNO;;
;;0701330;CONSULTA EM CARDIOLOGIA - VALVULOPATIA;;
;;0729069;CONSULTA EM CARDIOLOGIA - VALVULOPATIA - RETORNO;;
;;0600025;CONSULTA EM CARDIOLOGIA- CORONARIA- RETORNO;;
;;0701395;CONSULTA EM CARDIOPATIA NA GRAVIDEZ;;
;;0729070;CONSULTA EM CARDIOPATIA NA GRAVIDEZ - RETORNO;;
;;0703937;CONSULTA EM CIRURGIA CARDIACA - PEDIATRICA;;
;;0729071;CONSULTA EM CIRURGIA CARDIACA - PEDIATRICA - RETORNO;;
;;0701211;CONSULTA EM CIRURGIA VASCULAR - GERAL;;
;;0701213;CONSULTA EM ENDOCRINOLOGIA E METABOLOGIA - GERAL;;
;;0701243;CONSULTA EM FONOAUDIOLOGIA - INFANTIL;;
;;0701224;CONSULTA EM NEUROLOGIA - GERAL;;
;;0701449;CONSULTA EM NEUROLOGIA - NEUROVASCULAR;;
;;2018083;CONSULTA EM NEUROLOGIA - NEUROVASCULAR - RETORNO;;
;;0701300;CONSULTA EM NEUROLOGIA - PEDIATRIA;;
;;0701030;CONSULTA EM NEUROLOGIA - RETORNO;;
;;0701228;CONSULTA EM PNEUMOLOGIA - GERAL;;
;;1313001;DENSITOMETRIA OSSEA - RADIODIAGNOSTICO;;
;;1407014;ECOCARDIOGRAFIA BI-DIMENSIONAL COM OU SEM DOPPLER;;
;;1407032;ECOCARDIOGRAFIA BI-DIMENSIONAL COM OU SEM DOPPLER - INFANTIL;;
;;1703101;ELETROCARDIOGRAMA;;
;;1713021;ELETROCARDIOGRAMA - PEDIATRIA;;
;;1714781;ELETROENCEFALOGRAFIA;;
;;1325000;GRUPO - ARTERIOGRAFIA;;
;;;;1325031;ARTERIOGRAFIA DE MEMBRO INFERIOR DIREITO
;;;;1325030;ARTERIOGRAFIA DE MEMBRO INFERIOR ESQUERDO
;;;;1325032;ARTERIOGRAFIA MEMBRO SUPERIOR DIREITO
;;;;1325033;ARTERIOGRAFIA MEMBRO SUPERIOR ESQUERDO
;;;;1325004;ARTERIOGRAFIA PARA INVESTIGACAO DE DOENCA ARTERIOSCLEROTICA AORTO ILIACA E DISTAL
;;;;1325025;ARTERIOGRAFIA SELETIVA DE CAROTIDA DIREITA
;;;;1325024;ARTERIOGRAFIA SELETIVA DE CAROTIDA ESQUERDA
;;;;1325029;ARTERIOGRAFIA SELETIVA POR CATETER (POR VASO) DIREITA
;;;;1325028;ARTERIOGRAFIA SELETIVA POR CATETER (POR VASO) ESQUERDA
;;;;1325027;ARTERIOGRAFIA SELETIVA VERTEBRAL DIREITA
;;;;1325026;ARTERIOGRAFIA SELETIVA VERTEBRAL ESQUERDA
;;;;1325017;FLEBOGRAFIA  DE MEMBRO
;;0743000;GRUPO - CIRURGIA DE CATARATA;;
;;;;0743011;FACOEMULSIFICACAO C/IMPL LENTE INTRA OCULAR DOBRAVEL- OE
;;;;0743010;FACOEMULSIFICACAO C/IMPL LENTE INTRA OCULAR DOBRAVEL-OD
;;1706000;GRUPO - DIAGNOSE EM NEUROLOGIA;;
;;1709000;GRUPO - DIAGNOSE EM PNEUMOLOGIA;;
;;1401000;GRUPO - EXAMES ULTRA-SONOGRAFICOS;;
;;1670000;GRUPO - EXAMES ULTRA-SONOGRAFICOS (DOPPLER) E ECOGRAFIAS;;
;;1305000;GRUPO - MAMOGRAFIA;;
;;;;1305001;MAMOGRAFIA BILATERAL PARA RASTREAMENTO (ROTINA)
;;;;1305002;MAMOGRAFIA UNILATERAL MAMA D (DIAGNOSTICO)
;;;;1305003;MAMOGRAFIA UNILATERAL MAMA E (DIAGNOSTICO)
;;3200000;GRUPO - MEDICINA NUCLEAR IN VIVO;;
;;2280000;GRUPO - PATOLOGIA CLINICA (EXAMES DE LABORATORIO 2);;
;;;;2280002;ACIDO URICO
;;;;2280003;ACIDO URICO URINARIO
;;;;2280015;ANTIBIOGRAMA
;;;;2280025;BILIRRUBINA TOTAL E FRACOES
;;;;2280029;CALCIO
;;;;2280031;CALCIO URINARIO
;;;;2280040;CLEARANCE DE CREATININA
;;;;2280041;CLORETO
;;;;2280042;COLESTEROL ( LDL)
;;;;2280043;COLESTEROL (HDL)
;;;;2280045;COLESTEROL TOTAL
;;;;2280049;CONTAGEM DE PLAQUETAS
;;;;2280053;CREATININA
;;;;2280054;CREATININA, DOSAGEM EM URINA DE 24 HS
;;;;2280055;CREATINOFOSFOQUINASE - FRACAO MB
;;;;2280058;CURVA GLICEMICA CLASSICA 5 DOSAGENS-ORAL
;;;;2280167;DETERMINACAO DE CURVA GLICEMICA (2 DOSAGENS)
;;;;2280060;DETERMINACAO DE TEMPO DE COAGULACAO
;;;;2280061;DETERMINACAO DE TEMPO DE SANGRAMENTO ( DUKE )
;;;;2280319;DETERMINACAO DE TEMPO DE SANGRAMENTO DE IVY
;;;;2280062;DETERMINACAO DE TEMPO DE TROMBOPLASTINA PARCIAL  (TTP A)
;;;;2280063;DETERMINACAO DE TEMPO E ATIVIDADE DA PROTROMBINA (TAP)
;;;;2280177;DOSAGEM DE 25 HIDROXIVITAMINA D
;;;;2280066;DOSAGEM DE CREATINOFOSFOQUINASE (CPK)
;;;;2280067;DOSAGEM DE DESIDROGENASE LATICA
;;;;2280069;DOSAGEM DE POTASSIO
;;;;2280169;DOSAGEM DE PROTEINAS TOTAIS
;;;;2280071;DOSAGEM DE SODIO
;;;;2280072;EAS - SUMARIO DE URINA
;;;;2280078;FERRO SERICO
;;;;2280080;FOSFATASE ALCALINA
;;;;2280081;FOSFORO
;;;;2280250;FOSFORO URINARIO
;;;;2280083;GLICEMIA DE JEJUM
;;;;2280084;GLICEMIA POS PRANDIAL
;;;;2280086;GRUPO ABO - DETERMINACAO
;;;;2280092;HEMATOCRITO
;;;;2280450;HEMOCULTURA
;;;;2280095;HEMOGRAMA COMPLETO
;;;;2280103;LIPASE
;;;;2280105;MAGNESIO
;;;;2280258;MAGNESIO URINARIO
;;;;2280107;PARASITOLOGICO (METODOS DE CONCENTRACAO)
;;;;2280441;PESQUISA DE ANTICORPOS ANTIESTREPTOLISINA O (ASLO)
;;;;2280407;PESQUISA DE EOSINOFILOS
;;;;2280408;PESQUISA DE LEVEDURAS NAS FEZES
;;;;2280117;PESQUISA DE SANGUE OCULTO NAS FEZES
;;;;2280121;PROTEINAS TOTAIS E FRACOES
;;;;2280123;PROVA DO LACO
;;;;2280599;SODIO ( NA URINA 24 HORAS)
;;;;2280130;TESTE DE VDRL P/ DETECCAO DE SIFILIS
;;;;2280133;TGO
;;;;2280134;TGP
;;;;2280136;TIROXINA - T4
;;;;2280137;TIROXINA LIVRE (T4 LIVRE)
;;;;2280140;TRANSFERRINA
;;;;2280141;TRIGLICERIDEOS
;;;;2280142;TRIIODOTIRONINA -  T3
;;;;2280143;TSH - HORMONIO ESTIMULANTE TIREOIDE
;;;;2280144;UREIA
;;;;2280145;UREIA, DOSAGEM EM URINA DE 24 HS
;;;;2280146;VDRL P/ DETECCAO DE SIFILIS EM GESTANTE
;;;;2280147;VELOCIDADE DE HEMOSSEDIMENTACAO (VHS)
;;;;2280148;VITAMINA B12
;;1101000;GRUPO - PATOLOGIA CLINICA (EXAMES DE LABORATORIO);;
;;0818000;GRUPO - PROCEDIMENTOS AMBULATORIAIS EM OFTALMOLOGIA;;
;;;;0818337;TRATAMENTO CIRURGICO DE PTERIGIO - OLHO DIREITO
;;;;0818338;TRATAMENTO CIRURGICO DE PTERIGIO - OLHO ESQUERDO
;;1301000;GRUPO - RADIODIAGNOSTICO;;
;;3100000;GRUPO - RESSONANCIA MAGNETICA;;
;;;;3100021;ANGIORESSONANCIA CEREBRAL
;;;;3100254;ANGIORESSONANCIA DE BACIA/PELVE
;;;;3100227;ANGIORESSONANCIA DE TORAX
;;;;3100258;ANGIORESSONANCIA MAGNETICA ARTERIAIS CAROTIDAS E VERTEBRAIS
;;;;3100259;ANGIORESSONANCIA MAGNETICA DE AORTA ABDOMINAL
;;;;3100260;ANGIORESSONANCIA MAGNETICA DE AORTA TORACICA
;;;;3100255;ANGIORRESSONANCIA DO PESCOCO
;;;;3100003;RESSONANCIA MAGNETICA DE ARTICULACAO COXO-FEMURAL (BILATERAL)
;;;;3100019;RESSONANCIA MAGNETICA DE BACIA OU PELVE
;;;;3100004;RESSONANCIA MAGNETICA DE COLUNA CERVICAL
;;;;3100005;RESSONANCIA MAGNETICA DE COLUNA LOMBO-SACRA
;;;;3100006;RESSONANCIA MAGNETICA DE COLUNA TORACICA
;;;;3100025;RESSONANCIA MAGNETICA DE COTOVELO/PUNHO DIREITO
;;;;3100024;RESSONANCIA MAGNETICA DE COTOVELO/PUNHO ESQUERDO
;;;;3100034;RESSONANCIA MAGNETICA DE CRANIO
;;;;3100027;RESSONANCIA MAGNETICA DE OMBRO DIREITO
;;;;3100026;RESSONANCIA MAGNETICA DE OMBRO ESQUERDO
;;;;3100068;RESSONANCIA MAGNETICA DE PERNA DIREITA
;;;;3100069;RESSONANCIA MAGNETICA DE PERNA ESQUERDA
;;;;3100008;RESSONANCIA MAGNETICA DE PESCOCO E REGIAO CERVICAL
;;;;3100033;RESSONANCIA MAGNETICA DE PLEXO BRAQUIAL DIREITO
;;;;3100032;RESSONANCIA MAGNETICA DE PLEXO BRAQUIAL ESQUERDO
;;;;3100029;RESSONANCIA MAGNETICA DE SEGMENTO APENDICULAR DIREITO
;;;;3100028;RESSONANCIA MAGNETICA DE SEGMENTO APENDICULAR ESQUERDO
;;;;3100035;RESSONANCIA MAGNETICA DE SELA TURCICA
;;;;3100023;RESSONANCIA MAGNETICA DE TORNOZELO OU PE DIREITO
;;;;3100022;RESSONANCIA MAGNETICA DE TORNOZELO OU PE ESQUERDO
;;;;3100031;RESSONANCIA MAGNETICA DO JOELHO DIREITO
;;;;3100030;RESSONANCIA MAGNETICA DO JOELHO ESQUERDO
;;3500000;GRUPO - TOMOGRAFIA COMPUTADORIZADA;;
;;;;3500257;ANGIO-TC DA AORTA TORÁCICA
;;;;3500256;ANGIO-TC DE  ARTÉRIAS ILÍACAS
;;;;3500255;ANGIO-TC DE AORTA ABDOMINAL
;;;;3500254;ANGIO-TC DE CARÓTIDAS E VERTEBRAIS
;;;;3500250;ANGIOTOMOGRAFIA CEREBRAL
;;;;3500298;ANGIOTOMOGRAFIA DE CORONARIA
;;;;3500233;ANGIOTOMOGRAFIA DE TORAX
;;;;3500077;TOMOGRAFIA COMPUTADORIZADA  DE CRANIO
;;;;3500013;TOMOGRAFIA COMPUTADORIZADA DAS ARTICULACOES COTOVELOS
;;;;3500016;TOMOGRAFIA COMPUTADORIZADA DAS ARTICULACOES COXO-FEMURAIS
;;;;3500017;TOMOGRAFIA COMPUTADORIZADA DAS ARTICULACOES JOELHOS
;;;;3500012;TOMOGRAFIA COMPUTADORIZADA DAS ARTICULACOES OMBROS
;;;;3500014;TOMOGRAFIA COMPUTADORIZADA DAS ARTICULACOES PUNHOS
;;;;3500015;TOMOGRAFIA COMPUTADORIZADA DAS ARTICULACOES SACRO-ILIACO
;;;;3500080;TOMOGRAFIA COMPUTADORIZADA DAS ARTICULACOES TORNOZELO
;;;;3500005;TOMOGRAFIA COMPUTADORIZADA DE FACE / SEIOS DA FACE / ARTICULACOES TEMPORO-MANDIBULARES
;;;;3500006;TOMOGRAFIA COMPUTADORIZADA DE MASTOIDES OU OUVIDOS
;;;;3500007;TOMOGRAFIA COMPUTADORIZADA DE PELVE OU BACIA
;;;;3500008;TOMOGRAFIA COMPUTADORIZADA DE PESCOCO (PARTES MOLES, LARINGE)
;;;;3500009;TOMOGRAFIA COMPUTADORIZADA DE SEGMENTOS APENDICULARES
;;;;3500004;TOMOGRAFIA COMPUTADORIZADA DO ABDOMEN  SUPERIOR
;;;;3500003;TOMOGRAFIA COMPUTADORIZADA DO TORAX
;;1703204;HOLTER 24 HORAS;;
;;1300012;MAMOGRAFIA BILATERAL PARA RASTREAMENTO;;
;;1703205;TESTE DE ESFORCO OU TESTE ERGOMETRICO 2;;
;HOSPITAL INFANTIL DR FAJARDO;;;;
;;0710041;CONSULTA EM CIRURGIA ORTOPEDIA - PEDIATRIA;;
;;2018684;CONSULTA EM CIRURGIA ORTOPEDIA - PEDIATRIA - RETORNO;;
;;0701208;CONSULTA EM CIRURGIA PEDIATRICA - GERAL;;
;;2018081;CONSULTA EM CIRURGIA PEDIATRICA - RETORNO;;
;;0703593;CONSULTA EM CIRURGIA PLASTICA - FISSURA LABIO PALATAL - GERAL;;
;;2018082;CONSULTA EM CIRURGIA PLASTICA - FISSURA LABIO PALATAL - RETORNO;;
;;0701236;CONSULTA EM ENDOCRINOLOGIA - PEDIATRIA;;
;;0320091;CONSULTA EM ENDOCRINOLOGIA - PEDIATRIA - RETORNO;;
;;0701319;CONSULTA EM UROLOGIA - PEDIATRICA;;
;;1301000;GRUPO - RADIODIAGNOSTICO;;
;HOSPITAL NILTON LINS;;;;
;;1711101;COLONOSCOPIA;;
;;0701240;CONSULTA EM CARDIOLOGIA - PEDIATRIA;;
;;0701205;CONSULTA EM CARDIOLOGIA - GERAL;;
;;0701207;CONSULTA EM CIRURGIA GERAL - GERAL;;
;;0701213;CONSULTA EM ENDOCRINOLOGIA E METABOLOGIA - GERAL;;
;;0701215;CONSULTA EM GASTROENTEROLOGIA - GERAL;;
;;0701224;CONSULTA EM NEUROLOGIA - GERAL;;
;;0701227;CONSULTA EM OTORRINOLARINGOLOGIA - GERAL;;
;;0701228;CONSULTA EM PNEUMOLOGIA - GERAL;;
;;0701231;CONSULTA EM REUMATOLOGIA - GERAL;;
;;1711103;GASTRO-DUODENOSCOPIA (ENDOSCOPIA DIGESTIVA);;
;;1708000;GRUPO - DIAGNOSE EM OTORRINOLARINGOLOGIA;;
;;1401000;GRUPO - EXAMES ULTRA-SONOGRAFICOS;;
;;1801000;GRUPO - FISIOTERAPIA (POR SESSAO);;
;;1101000;GRUPO - PATOLOGIA CLINICA (EXAMES DE LABORATORIO);;
;;1301000;GRUPO - RADIODIAGNOSTICO;;
;HOSPITAL PORTUGUES;;;;
;;0766279;CONSULTA EM NEFROLOGIA - TERAPIA RENAL SUBSTITUTIVA;;
;;0701223;CONSULTA EM NEUROCIRURGIA - GERAL;;
;;0701224;CONSULTA EM NEUROLOGIA - GERAL;;
;;0701227;CONSULTA EM OTORRINOLARINGOLOGIA - GERAL;;
;;0701450;CONSULTA EM UROLOGIA - AVALIACAO DE LITOTRIPSIA;;
;;0701233;CONSULTA EM UROLOGIA - GERAL;;
;;0701039;CONSULTA EM UROLOGIA - RETORNO;;
;;1313001;DENSITOMETRIA OSSEA - RADIODIAGNOSTICO;;
;;1711110;EXAME DE VIDEOLARINGOSCOPIA(COM EQUIPAMENTO);;
;;1708000;GRUPO - DIAGNOSE EM OTORRINOLARINGOLOGIA;;
;;3513000;GRUPO - DIAGNOSTICO POR TOMOGRAFIA (SEDACAO);;
;;;;3513023;TOMOGRAFIA COMPUTADORIZADA DE ABDOMEN (AD C/ SED)
;;;;3513024;TOMOGRAFIA COMPUTADORIZADA DE ABDOMEN (INF C/ SED)
;;;;3513025;TOMOGRAFIA COMPUTADORIZADA DE ARTICULACOES DE MEMBRO INFERIOR (AD C/ SED)
;;;;3513026;TOMOGRAFIA COMPUTADORIZADA DE ARTICULACOES DE MEMBRO INFERIOR (INF C/ SED)
;;;;3513017;TOMOGRAFIA COMPUTADORIZADA DE ARTICULACOES DE MEMBRO SUPERIOR (AD C/ SED)
;;;;3513018;TOMOGRAFIA COMPUTADORIZADA DE ARTICULACOES DE MEMBRO SUPERIOR (INF C/ SED)
;;;;3513001;TOMOGRAFIA COMPUTADORIZADA DE COLUNA CERVICAL C/ OU S/ CONTRASTE (AD C/ SED)
;;;;3513002;TOMOGRAFIA COMPUTADORIZADA DE COLUNA CERVICAL C/ OU S/ CONTRASTE (INF C/ SED)
;;;;3513003;TOMOGRAFIA COMPUTADORIZADA DE COLUNA LOMBO-SACRA C/ OU S/ CONTRASTE (AD C/ SED)
;;;;3513004;TOMOGRAFIA COMPUTADORIZADA DE COLUNA LOMBO-SACRA C/ OU S/ CONTRASTE (INF C/ SED)
;;;;3513005;TOMOGRAFIA COMPUTADORIZADA DE COLUNA TORACICA C/ OU S/ CONTRASTE (AD C/ SED)
;;;;3513006;TOMOGRAFIA COMPUTADORIZADA DE COLUNA TORACICA C/ OU S/ CONTRASTE (INF C/ SED)
;;;;3513013;TOMOGRAFIA COMPUTADORIZADA DE CRANIO (AD C/ SED)
;;;;3513014;TOMOGRAFIA COMPUTADORIZADA DE CRANIO (INF C/ SED)
;;;;3513007;TOMOGRAFIA COMPUTADORIZADA DE FACE / SEIOS DA FACE / ARTICULACOES TEMPORO-MANDIBULARES (AD C/ SED)
;;;;3513008;TOMOGRAFIA COMPUTADORIZADA DE FACE / SEIOS DA FACE / ARTICULACOES TEMPORO-MANDIBULARES (INF C/ SED)
;;;;3513027;TOMOGRAFIA COMPUTADORIZADA DE PELVE / BACIA (AD C/ SED)
;;;;3513028;TOMOGRAFIA COMPUTADORIZADA DE PELVE / BACIA (INF C/ SED)
;;;;3513009;TOMOGRAFIA COMPUTADORIZADA DE PESCOCO (AD C/ SED)
;;;;3513010;TOMOGRAFIA COMPUTADORIZADA DE PESCOCO (INF C/ SED)
;;;;3513019;TOMOGRAFIA COMPUTADORIZADA DE SEGMENTOS APENDICULARES (AD C/ SED)
;;;;3513020;TOMOGRAFIA COMPUTADORIZADA DE SEGMENTOS APENDICULARES (INF C/ SED)
;;;;3513011;TOMOGRAFIA COMPUTADORIZADA DE SELA TURCICA (AD C/ SED)
;;;;3513012;TOMOGRAFIA COMPUTADORIZADA DE SELA TURCICA (INF C/ SED)
;;;;3513021;TOMOGRAFIA COMPUTADORIZADA DE TORAX (AD C/ SED)
;;;;3513022;TOMOGRAFIA COMPUTADORIZADA DE TORAX (INF C/ SED)
;;;;3513015;TOMOMIELOGRAFIA COMPUTADORIZADA (AD C/ SED)
;;;;3513016;TOMOMIELOGRAFIA COMPUTADORIZADA (INF C/ SED)
;;1305000;GRUPO - MAMOGRAFIA;;
;;1101000;GRUPO - PATOLOGIA CLINICA (EXAMES DE LABORATORIO);;
;;1301000;GRUPO - RADIODIAGNOSTICO;;
;;3100000;GRUPO - RESSONANCIA MAGNETICA;;
;;;;3100021;ANGIORESSONANCIA CEREBRAL
;;;;3100014;RESSONANCIA MAGNETICA DE ABDOMEN SUPERIOR
;;;;3100003;RESSONANCIA MAGNETICA DE ARTICULACAO COXO-FEMURAL (BILATERAL)
;;;;3100007;RESSONANCIA MAGNETICA DE ATM (BILATERAL)
;;;;3100019;RESSONANCIA MAGNETICA DE BACIA OU PELVE
;;;;3100004;RESSONANCIA MAGNETICA DE COLUNA CERVICAL
;;;;3100005;RESSONANCIA MAGNETICA DE COLUNA LOMBO-SACRA
;;;;3100006;RESSONANCIA MAGNETICA DE COLUNA TORACICA
;;;;3100025;RESSONANCIA MAGNETICA DE COTOVELO/PUNHO DIREITO
;;;;3100024;RESSONANCIA MAGNETICA DE COTOVELO/PUNHO ESQUERDO
;;;;3100034;RESSONANCIA MAGNETICA DE CRANIO
;;;;3100027;RESSONANCIA MAGNETICA DE OMBRO DIREITO
;;;;3100026;RESSONANCIA MAGNETICA DE OMBRO ESQUERDO
;;;;3100068;RESSONANCIA MAGNETICA DE PERNA DIREITA
;;;;3100069;RESSONANCIA MAGNETICA DE PERNA ESQUERDA
;;;;3100008;RESSONANCIA MAGNETICA DE PESCOCO E REGIAO CERVICAL
;;;;3100033;RESSONANCIA MAGNETICA DE PLEXO BRAQUIAL DIREITO
;;;;3100032;RESSONANCIA MAGNETICA DE PLEXO BRAQUIAL ESQUERDO
;;;;3100029;RESSONANCIA MAGNETICA DE SEGMENTO APENDICULAR DIREITO
;;;;3100028;RESSONANCIA MAGNETICA DE SEGMENTO APENDICULAR ESQUERDO
;;;;3100035;RESSONANCIA MAGNETICA DE SELA TURCICA
;;;;3100017;RESSONANCIA MAGNETICA DE TORAX
;;;;3100023;RESSONANCIA MAGNETICA DE TORNOZELO OU PE DIREITO
;;;;3100022;RESSONANCIA MAGNETICA DE TORNOZELO OU PE ESQUERDO
;;;;3100013;RESSONANCIA MAGNETICA DE VIAS BILIARES
;;;;3100031;RESSONANCIA MAGNETICA DO JOELHO DIREITO
;;;;3100030;RESSONANCIA MAGNETICA DO JOELHO ESQUERDO
;;3103000;GRUPO - RESSONANCIA MAGNETICA (SEDACAO);;
;;;;3103155;ANGIORESSONANCIA CEREBRAL (AD C/ SED)
;;;;3103156;ANGIORESSONANCIA CEREBRAL(INF C/ SED)
;;;;3103109;RESSONANCIA MAGNETICA DA ARTIC COXO-FEMURAL (BI)(AD C/ SED)
;;;;3103111;RESSONANCIA MAGNETICA DA ARTIC COXO-FEMURAL (BI)(INF C/ SED)
;;;;3103013;RESSONANCIA MAGNETICA DA COLUNA CERVICAL (AD C/ SED)
;;;;3103015;RESSONANCIA MAGNETICA DA COLUNA CERVICAL (INF C/ SED)
;;;;3103017;RESSONANCIA MAGNETICA DA COLUNA LOMBO-SACRA (AD C/ SED)
;;;;3103019;RESSONANCIA MAGNETICA DA COLUNA LOMBO-SACRA (INF C/ SED)
;;;;3103021;RESSONANCIA MAGNETICA DA COLUNA TORACICA (AD C/ SED)
;;;;3103023;RESSONANCIA MAGNETICA DA COLUNA TORACICA (INF C/ SED)
;;;;3103025;RESSONANCIA MAGNETICA DE ATM (BI)(AD C/ SED)
;;;;3103027;RESSONANCIA MAGNETICA DE ATM (BI)(INF C/ SED)
;;;;3103029;RESSONANCIA MAGNETICA DE BACIA OU PELVIS (AD C/ SED)
;;;;3103031;RESSONANCIA MAGNETICA DE BACIA OU PELVIS (INF C/ SED)
;;;;3103033;RESSONANCIA MAGNETICA DE COTOVELO/ PUNHO (UNI)(AD C/ SED)
;;;;3103035;RESSONANCIA MAGNETICA DE COTOVELO/ PUNHO (UNI)(INF C/ SED)
;;;;3103037;RESSONANCIA MAGNETICA DE CRANIO (AD C/ SED)
;;;;3103039;RESSONANCIA MAGNETICA DE CRANIO (INF C/ SED)
;;;;3103041;RESSONANCIA MAGNETICA DE OMBRO (UNI)(AD C/ SED)
;;;;3103043;RESSONANCIA MAGNETICA DE OMBRO (UNI)(INF C/ SED)
;;;;3103045;RESSONANCIA MAGNETICA DE SEG APENDICULAR (UNI)(AD C/ SED)
;;;;3103047;RESSONANCIA MAGNETICA DE SEG APENDICULAR (UNI)(INF C/ SED)
;;;;3103153;RESSONANCIA MAGNETICA DE SELA TURCICA (AD C/ SED)
;;;;3103154;RESSONANCIA MAGNETICA DE SELA TURCICA (INF C/ SED)
;;;;3103057;RESSONANCIA MAGNETICA DE VIAS BILIARES (AD C/ SED)
;;;;3103059;RESSONANCIA MAGNETICA DE VIAS BILIARES (INF C/ SED)
;;;;3103061;RESSONANCIA MAGNETICA DO ABDOMEN SUPERIOR (AD C/ SED)
;;;;3103063;RESSONANCIA MAGNETICA DO ABDOMEN SUPERIOR (INF C/ SED)
;;;;3103149;RESSONANCIA MAGNETICA DO JOELHO (UNI)(AD C/ SED)
;;;;3103151;RESSONANCIA MAGNETICA DO JOELHO (UNI)(INF C/ SED)
;;;;3103053;RESSONANCIA MAGNETICA DO PLEXO BRAQUIAL (UNI)(AD C/ SED)
;;;;3103055;RESSONANCIA MAGNETICA DO PLEXO BRAQUIAL (UNI)(INF C/ SED)
;;;;3103065;RESSONANCIA MAGNETICA DO TORAX (AD C/ SED)
;;;;3103067;RESSONANCIA MAGNETICA DO TORAX (INF C/ SED)
;;2700000;GRUPO - TERAPIA RENAL SUBSTITUTIVA;;
;;3500000;GRUPO - TOMOGRAFIA COMPUTADORIZADA;;
;;1711109;LARINGOSCOPIA DIRETA;;
;;1300012;MAMOGRAFIA BILATERAL PARA RASTREAMENTO;;
;;0802212;TRAQUEOSCOPIA;;
;HOSPITAL PRONTO SOCORRO 28 DE AGOSTO;;;;
;;0703634;CONSULTA EM ORTOPEDIA - POS OPERATORIO;;
;;0710457;CONSULTA EM ORTOPEDIA - POS OPERATORIO - RETORNO;;
;;3100000;GRUPO - RESSONANCIA MAGNETICA;;
;;;;3100014;RESSONANCIA MAGNETICA DE ABDOMEN SUPERIOR
;;;;3100003;RESSONANCIA MAGNETICA DE ARTICULACAO COXO-FEMURAL (BILATERAL)
;;;;3100019;RESSONANCIA MAGNETICA DE BACIA OU PELVE
;;;;3100004;RESSONANCIA MAGNETICA DE COLUNA CERVICAL
;;;;3100005;RESSONANCIA MAGNETICA DE COLUNA LOMBO-SACRA
;;;;3100006;RESSONANCIA MAGNETICA DE COLUNA TORACICA
;;;;3100025;RESSONANCIA MAGNETICA DE COTOVELO/PUNHO DIREITO
;;;;3100024;RESSONANCIA MAGNETICA DE COTOVELO/PUNHO ESQUERDO
;;;;3100034;RESSONANCIA MAGNETICA DE CRANIO
;;;;3100027;RESSONANCIA MAGNETICA DE OMBRO DIREITO
;;;;3100026;RESSONANCIA MAGNETICA DE OMBRO ESQUERDO
;;;;3100029;RESSONANCIA MAGNETICA DE SEGMENTO APENDICULAR DIREITO
;;;;3100028;RESSONANCIA MAGNETICA DE SEGMENTO APENDICULAR ESQUERDO
;;;;3100017;RESSONANCIA MAGNETICA DE TORAX
;;;;3100023;RESSONANCIA MAGNETICA DE TORNOZELO OU PE DIREITO
;;;;3100022;RESSONANCIA MAGNETICA DE TORNOZELO OU PE ESQUERDO
;;;;3100013;RESSONANCIA MAGNETICA DE VIAS BILIARES
;;;;3100031;RESSONANCIA MAGNETICA DO JOELHO DIREITO
;;;;3100030;RESSONANCIA MAGNETICA DO JOELHO ESQUERDO
;HOSPITAL SANTA JULIA;;;;
;;1711101;COLONOSCOPIA;;
;;0766279;CONSULTA EM NEFROLOGIA - TERAPIA RENAL SUBSTITUTIVA;;
;;0701450;CONSULTA EM UROLOGIA - AVALIACAO DE LITOTRIPSIA;;
;;0701233;CONSULTA EM UROLOGIA - GERAL;;
;;1711103;GASTRO-DUODENOSCOPIA (ENDOSCOPIA DIGESTIVA);;
;;0508000;GRUPO - ANATOMOPATOLOGIA E CITOPATOLOGIA - TRANSPLANTES;;
;;1722000;GRUPO - AVALIACAO CARDIOLOGICA (TRANSPLANTES);;
;;1310000;GRUPO - AVALIACAO RADIOLOGICA - TRANSPLANTES;;
;;3516000;GRUPO - CONSULTA ESPECIALIZADA - TRANSPLANTE;;
;;3513000;GRUPO - DIAGNOSTICO POR TOMOGRAFIA (SEDACAO);;
;;;;3513023;TOMOGRAFIA COMPUTADORIZADA DE ABDOMEN (AD C/ SED)
;;;;3513024;TOMOGRAFIA COMPUTADORIZADA DE ABDOMEN (INF C/ SED)
;;;;3513013;TOMOGRAFIA COMPUTADORIZADA DE CRANIO (AD C/ SED)
;;;;3513014;TOMOGRAFIA COMPUTADORIZADA DE CRANIO (INF C/ SED)
;;;;3513027;TOMOGRAFIA COMPUTADORIZADA DE PELVE / BACIA (AD C/ SED)
;;;;3513028;TOMOGRAFIA COMPUTADORIZADA DE PELVE / BACIA (INF C/ SED)
;;1401000;GRUPO - EXAMES ULTRA-SONOGRAFICOS;;
;;1430000;GRUPO - EXAMES ULTRA-SONOGRAFICOS TRANSPLANTE;;
;;1305000;GRUPO - MAMOGRAFIA;;
;;2280000;GRUPO - PATOLOGIA CLINICA (EXAMES DE LABORATORIO 2);;
;;;;2280001;ACIDO FOLICO
;;;;2280002;ACIDO URICO
;;;;2280006;AMILASE
;;;;2280025;BILIRRUBINA TOTAL E FRACOES
;;;;2280029;CALCIO
;;;;2280030;CALCIO IONIZAVEL
;;;;2280038;CITOMEGALOVIRUS , IFI (IGG)
;;;;2280039;CITOMEGALOVIRUS , IFI (IGM)
;;;;2280042;COLESTEROL ( LDL)
;;;;2280043;COLESTEROL (HDL)
;;;;2280045;COLESTEROL TOTAL
;;;;2280053;CREATININA
;;;;2280055;CREATINOFOSFOQUINASE - FRACAO MB
;;;;2280203;DETERMINACAO DE CAPACIDADE DE FIXACAO DO FERRO
;;;;2280060;DETERMINACAO DE TEMPO DE COAGULACAO
;;;;2280319;DETERMINACAO DE TEMPO DE SANGRAMENTO DE IVY
;;;;2280062;DETERMINACAO DE TEMPO DE TROMBOPLASTINA PARCIAL  (TTP A)
;;;;2280063;DETERMINACAO DE TEMPO E ATIVIDADE DA PROTROMBINA (TAP)
;;;;2280177;DOSAGEM DE 25 HIDROXIVITAMINA D
;;;;2280178;DOSAGEM DE CORTISOL
;;;;2280066;DOSAGEM DE CREATINOFOSFOQUINASE (CPK)
;;;;2280067;DOSAGEM DE DESIDROGENASE LATICA
;;;;2280186;DOSAGEM DE ESTRIOL
;;;;2280069;DOSAGEM DE POTASSIO
;;;;2280273;DOSAGEM DE PROTEINA C REATIVA
;;;;2280169;DOSAGEM DE PROTEINAS TOTAIS
;;;;2280071;DOSAGEM DE SODIO
;;;;2280267;DOSAGEM DE SOMATOMEDINA C (IGF1)
;;;;2280495;DOSAGEM DE SULFATO DE HIDROEPIANDROSTERONA (DHEAS)
;;;;2280188;DOSAGEM DO  ANTIGENO  CA 125
;;;;2280073;ESTRADIOL
;;;;2280077;FERRITINA
;;;;2280078;FERRO SERICO
;;;;2280079;FOLICULO ESTIMULANTE, HORMONIO - FSH
;;;;2280080;FOSFATASE ALCALINA
;;;;2280081;FOSFORO
;;;;2280082;GAMA-GLUTAMIL TRANSFERASE - GAMA GT
;;;;2280083;GLICEMIA DE JEJUM
;;;;2280085;GONADOTROFINA CORIONICA - BETA  HCG
;;;;2280094;HEMOGLOBINA GLICOSILADA
;;;;2280095;HEMOGRAMA COMPLETO
;;;;2280101;INSULINA
;;;;2280102;LH LUTEINIZANTE HORMONIO
;;;;2280103;LIPASE
;;;;2280105;MAGNESIO
;;;;2280111;PARATORMONIO - DOSAGEM
;;;;2280118;PROGESTERONA
;;;;2280119;PROLACTINA
;;;;2280120;PROTEINA C REATIVA, DETERMINACAO QUANTITATIVA
;;;;2280121;PROTEINAS TOTAIS E FRACOES
;;;;2280124;PSA LIVRE
;;;;2280126;PSA TOTAL
;;;;2280132;TESTOSTERONA TOTAL
;;;;2280133;TGO
;;;;2280134;TGP
;;;;2280136;TIROXINA - T4
;;;;2280137;TIROXINA LIVRE (T4 LIVRE)
;;;;2280138;TOXOPLASMOSE  IFI-IGG
;;;;2280139;TOXOPLASMOSE IFI (IGM)
;;;;2280140;TRANSFERRINA
;;;;2280141;TRIGLICERIDEOS
;;;;2280142;TRIIODOTIRONINA -  T3
;;;;2280143;TSH - HORMONIO ESTIMULANTE TIREOIDE
;;;;2280144;UREIA
;;;;2280148;VITAMINA B12
;;1105000;GRUPO - PATOLOGIA CLINICA (TRANSPLANTES);;
;;1301000;GRUPO - RADIODIAGNOSTICO;;
;;3100000;GRUPO - RESSONANCIA MAGNETICA;;
;;3103000;GRUPO - RESSONANCIA MAGNETICA (SEDACAO);;
;;3500000;GRUPO - TOMOGRAFIA COMPUTADORIZADA;;
;;3515000;GRUPO - TOMOGRAFIA COMPUTADORIZADA - TRANSPLANTE;;
;HOSPITAL UNIVERSITARIO GETULIO VARGAS HUGV;;;;
;;0818231;ACOMPANHAMENTO DE PACIENTE POS-TRANSPLANTE DE CORNEA;;
;;1711101;COLONOSCOPIA;;
;;3372307;COLPOSCOPIA;;
;;0701245;CONSULTA EM ORTOPEDIA - PEDIATRIA;;
;;0701246;CONSULTA EM PNEUMOLOGIA - PEDIATRIA;;
;;0701638;CONSULTA EM NEUROLOGIA -EPILEPSIA - RETORNO;;
;;3516005;CONSULTA EM ANESTESIOLOGIA;;
;;0701203;CONSULTA EM ANGIOLOGIA - GERAL;;
;;0701445;CONSULTA EM CARDIOLOGIA - CORONARIA;;
;;0701205;CONSULTA EM CARDIOLOGIA - GERAL;;
;;0701329;CONSULTA EM CARDIOLOGIA - INSUFICIENCIA CARDIACA;;
;;0701380;CONSULTA EM CARDIOLOGIA - RETORNO;;
;;0701230;CONSULTA EM CARDIOLOGIA - RISCO CIRURGICO;;
;;0701330;CONSULTA EM CARDIOLOGIA - VALVULOPATIA;;
;;0729069;CONSULTA EM CARDIOLOGIA - VALVULOPATIA - RETORNO;;
;;0600025;CONSULTA EM CARDIOLOGIA- CORONARIA- RETORNO;;
;;0701465;CONSULTA EM CIRURGIA - HERNIA E VESICULA;;
;;0701483;CONSULTA EM CIRURGIA BARIATRICA OBESIDADE;;
;;0701101;CONSULTA EM CIRURGIA BUCO-MAXILO;;
;;0701859;CONSULTA EM CIRURGIA BUCO-MAXILO - RETORNO;;
;;0604038;CONSULTA EM CIRURGIA CABECA E PESCOCO - ONCOLOGIA - SEGMENTO;;
;;0604040;CONSULTA EM CIRURGIA CABECA E PESCOCO - RETORNO POS OPERATORIO;;
;;0604039;CONSULTA EM CIRURGIA CABECA E PESCOCO - RETORNO PRE OPERATORIO;;
;;0604003;CONSULTA EM CIRURGIA DA CABECA E PESCOCO ONCOLOGIA;;
;;0701923;CONSULTA EM CIRURGIA DA CABECA E PESCOCO ONCOLOGICA - RETORNO;;
;;0701206;CONSULTA EM CIRURGIA DE CABECA E PESCOCO - GERAL;;
;;0701559;CONSULTA EM CIRURGIA DE CABECA E PESCOCO - RETORNO;;
;;0215006;CONSULTA EM CIRURGIA DO APARELHO DIGESTIVO - HEPATOBILIOPANCREATIVO;;
;;0215007;CONSULTA EM CIRURGIA DO APARELHO DIGESTIVO - HEPATOBILIOPANCREATIVO - RETORNO;;
;;0703344;CONSULTA EM CIRURGIA DO APARELHO DIGESTIVO - ONCOLOGIA;;
;;0604035;CONSULTA EM CIRURGIA DO APARELHO DIGESTIVO - ONCOLOGIA -  SEGMENTO;;
;;0604037;CONSULTA EM CIRURGIA DO APARELHO DIGESTIVO - RETORNO POS OPERATORIO;;
;;0604036;CONSULTA EM CIRURGIA DO APARELHO DIGESTIVO - RETORNO PRE OPERATORIO;;
;;0701016;CONSULTA EM CIRURGIA GERAL - APARELHO DIGESTIVO;;
;;0701072;CONSULTA EM CIRURGIA GERAL - APARELHO DIGESTIVO - RETORNO;;
;;0701207;CONSULTA EM CIRURGIA GERAL - GERAL;;
;;0732085;CONSULTA EM CIRURGIA GERAL - HERNIA E VESICULA - RETORNO;;
;;0703411;CONSULTA EM CIRURGIA GERAL - POS-OPERATORIO;;
;;0701382;CONSULTA EM CIRURGIA GERAL - RETORNO;;
;;0701306;CONSULTA EM CIRURGIA GINECOLOGICA;;
;;0152012;CONSULTA EM CIRURGIA GINECOLOGICA - CONIZACAO;;
;;1737019;CONSULTA EM CIRURGIA GINECOLOGICA - HISTEROSCOPIA CIRURGICA;;
;;1737018;CONSULTA EM CIRURGIA GINECOLOGICA - HISTEROSCOPIA DIAGNOSTICA;;
;;0152023;CONSULTA EM CIRURGIA GINECOLOGICA - ONCOLOGIA;;
;;0604034;CONSULTA EM CIRURGIA GINECOLOGICA - ONCOLOGIA - RETORNO POS OPERATORIO;;
;;0604033;CONSULTA EM CIRURGIA GINECOLOGICA - ONCOLOGIA - RETORNO PRE OPERATORIO;;
;;0604032;CONSULTA EM CIRURGIA GINECOLOGICA - ONCOLOGIA - SEGMENTO;;
;;0320061;CONSULTA EM CIRURGIA GINECOLOGICA - RETORNO;;
;;0604048;CONSULTA EM CIRURGIA MASTOLOGIA - ONCOLOGIA;;
;;0604051;CONSULTA EM CIRURGIA MASTOLOGIA - ONCOLOGIA - RETORNO POS OPERATORIO;;
;;0604050;CONSULTA EM CIRURGIA MASTOLOGIA - ONCOLOGIA - RETORNO PRE OPERATORIO;;
;;0604049;CONSULTA EM CIRURGIA MASTOLOGIA - ONCOLOGIA - SEGMENTO;;
;;0604063;CONSULTA EM CIRURGIA MASTOLOGIA ONCOLOGIA - RETORNO;;
;;0701459;CONSULTA EM CIRURGIA ORTOPEDICA - COLUNA;;
;;0703055;CONSULTA EM CIRURGIA ORTOPEDICA - COLUNA - RETORNO;;
;;0701463;CONSULTA EM CIRURGIA ORTOPEDICA - JOELHO;;
;;0703056;CONSULTA EM CIRURGIA ORTOPEDICA - JOELHO - RETORNO;;
;;0701462;CONSULTA EM CIRURGIA ORTOPEDICA - MAO;;
;;0710284;CONSULTA EM CIRURGIA ORTOPEDICA - MAO - RETORNO;;
;;0701464;CONSULTA EM CIRURGIA ORTOPEDICA - PE TORTO CONGENITO;;
;;2018105;CONSULTA EM CIRURGIA ORTOPEDICA - PE TORTO CONGENITO - ADULTO;;
;;4600095;CONSULTA EM CIRURGIA ORTOPEDICA - PE TORTO CONGENITO - ADULTO - RETORNO;;
;;4600096;CONSULTA EM CIRURGIA ORTOPEDICA - PE TORTO CONGENITO - RETORNO;;
;;0701461;CONSULTA EM CIRURGIA ORTOPEDICA - QUADRIL;;
;;0701455;CONSULTA EM CIRURGIA ORTOPEDICA - TRAUMA - MAO;;
;;0604055;CONSULTA EM CIRURGIA ORTOPEDICA COLUNA - ONCOLOGIA;;
;;0604058;CONSULTA EM CIRURGIA ORTOPEDICA COLUNA - ONCOLOGIA - RETORNO POS OPERATORIO;;
;;0604057;CONSULTA EM CIRURGIA ORTOPEDICA COLUNA - ONCOLOGIA - RETORNO PRE OPERATORIO;;
;;0604056;CONSULTA EM CIRURGIA ORTOPEDICA COLUNA - ONCOLOGIA - SEGMENTO;;
;;0710094;CONSULTA EM CIRURGIA ORTOPEDICA QUADRIL-RETORNO;;
;;0701950;CONSULTA EM CIRURGIA OTORRINOLARINGOLOGIA;;
;;0701726;CONSULTA EM CIRURGIA OTORRINOLARINGOLOGIA - RETORNO;;
;;0701208;CONSULTA EM CIRURGIA PEDIATRICA - GERAL;;
;;0701209;CONSULTA EM CIRURGIA PLASTICA - GERAL;;
;;0703780;CONSULTA EM CIRURGIA PLASTICA - REPARADORA;;
;;0701086;CONSULTA EM CIRURGIA PLASTICA - RETORNO;;
;;0701321;CONSULTA EM CIRURGIA TORACICA - GERAL;;
;;0604018;CONSULTA EM CIRURGIA TORACICA - ONCOLOGIA;;
;;0604043;CONSULTA EM CIRURGIA TORACICA - ONCOLOGIA - RETORNO POS OPERATORIO;;
;;0604042;CONSULTA EM CIRURGIA TORACICA - ONCOLOGIA - RETORNO PRE OPERATORIO;;
;;0604041;CONSULTA EM CIRURGIA TORACICA - ONCOLOGIA - SEGMENTO;;
;;0701049;CONSULTA EM CIRURGIA TORACICA - RETORNO;;
;;0604059;CONSULTA EM CIRURGIA UROLOGIA - ONCOLOGIA;;
;;0604062;CONSULTA EM CIRURGIA UROLOGIA - ONCOLOGIA - RETORNO POS OPERATORIO;;
;;0604061;CONSULTA EM CIRURGIA UROLOGIA - ONCOLOGIA - RETORNO PRE OPERATORIO;;
;;0604060;CONSULTA EM CIRURGIA UROLOGIA - ONCOLOGIA - SEGMENTO;;
;;0736032;CONSULTA EM CIRURGIA VASCULAR - ACESSOS VASCULARES;;
;;0736033;CONSULTA EM CIRURGIA VASCULAR - ACESSOS VASCULARES - RETORNO;;
;;0299003;CONSULTA EM CIRURGIA VASCULAR - DOENCAS ARTERIAIS;;
;;0736034;CONSULTA EM CIRURGIA VASCULAR - DOENCAS ARTERIAIS - RETORNO;;
;;0701211;CONSULTA EM CIRURGIA VASCULAR - GERAL;;
;;0736035;CONSULTA EM CIRURGIA VASCULAR - GERAL - RETORNO;;
;;0701116;CONSULTA EM CIRURGIA VASCULAR - RETORNO;;
;;0711015;CONSULTA EM DERMATOLOGIA - ACNE;;
;;0701212;CONSULTA EM DERMATOLOGIA - GERAL;;
;;0701972;CONSULTA EM DERMATOLOGIA - PEDIATRIA;;
;;0701089;CONSULTA EM DERMATOLOGIA - PEDIATRIA - RETORNO;;
;;0701970;CONSULTA EM DERMATOLOGIA - PSORIASE;;
;;0703307;CONSULTA EM DERMATOLOGIA - PSORIASE - RETORNO;;
;;0701052;CONSULTA EM DERMATOLOGIA - RETORNO;;
;;0320074;CONSULTA EM DERMATOLOGIA ACNE - RETORNO;;
;;0701236;CONSULTA EM ENDOCRINOLOGIA - PEDIATRIA;;
;;0135015;CONSULTA EM ENDOCRINOLOGIA E METABOLOGIA - DIABETES;;
;;0135016;CONSULTA EM ENDOCRINOLOGIA E METABOLOGIA - DIABETES RETORNO;;
;;0701213;CONSULTA EM ENDOCRINOLOGIA E METABOLOGIA - GERAL;;
;;0701027;CONSULTA EM ENDOCRINOLOGIA E METABOLOGIA - RETORNO;;
;;0135019;CONSULTA EM ENDOCRINOLOGIA E METABOLOGIA - TIREOIDE;;
;;0135020;CONSULTA EM ENDOCRINOLOGIA E METABOLOGIA - TIREOIDE - RETORNO;;
;;0701022;CONSULTA EM FISIOTERAPIA;;
;;0702999;CONSULTA EM FONOAUDIOLOGIA;;
;;0701779;CONSULTA EM GASTROENTEROLOGIA - DOENCA INFLAMATORIA INTESTINAL;;
;;0701215;CONSULTA EM GASTROENTEROLOGIA - GERAL;;
;;0710575;CONSULTA EM GASTROENTEROLOGIA - HEPATOLOGIA;;
;;0724032;CONSULTA EM GASTROENTEROLOGIA - HEPATOLOGIA - RETORNO;;
;;0701216;CONSULTA EM GASTROENTEROLOGIA - PEDIATRIA;;
;;0701054;CONSULTA EM GASTROENTEROLOGIA - RETORNO;;
;;0701261;CONSULTA EM GERIATRIA - GERAL;;
;;0320095;CONSULTA EM GERIATRIA - RETORNO;;
;;0701218;CONSULTA EM HEMATOLOGIA - GERAL;;
;;0701059;CONSULTA EM HEMATOLOGIA - RETORNO;;
;;0701674;CONSULTA EM HEMATOLOGIA - TRIAGEM;;
;;0701251;CONSULTA EM INFERTILIDADE / REPRODUCAO;;
;;0703719;CONSULTA EM MASTOLOGIA - CIRURGIA;;
;;0703849;CONSULTA EM MASTOLOGIA - CIRURGIA - RETORNO;;
;;0701252;CONSULTA EM MASTOLOGIA - GERAL;;
;;0701028;CONSULTA EM MASTOLOGIA - RETORNO;;
;;0701222;CONSULTA EM NEFROLOGIA - GERAL;;
;;0701046;CONSULTA EM NEFROLOGIA - RETORNO;;
;;0766279;CONSULTA EM NEFROLOGIA - TERAPIA RENAL SUBSTITUTIVA;;
;;0701223;CONSULTA EM NEUROCIRURGIA - GERAL;;
;;0604031;CONSULTA EM NEUROCIRURGIA - ONCOLOGIA;;
;;0604054;CONSULTA EM NEUROCIRURGIA - ONCOLOGIA - RETORNO POS OPERATORIO;;
;;0604053;CONSULTA EM NEUROCIRURGIA - ONCOLOGIA - RETORNO PRE OPERATORIO;;
;;0604052;CONSULTA EM NEUROCIRURGIA - ONCOLOGIA - SEGMENTO;;
;;0701047;CONSULTA EM NEUROCIRURGIA - RETORNO;;
;;0701885;CONSULTA EM NEUROLOGIA - DIST. NEUROMUSCULARES;;
;;0703119;CONSULTA EM NEUROLOGIA - DIST. NEUROMUSCULARES - RETORNO;;
;;0703221;CONSULTA EM NEUROLOGIA - DISTURBIO DO MOVIMENTO;;
;;0703222;CONSULTA EM NEUROLOGIA - DISTURBIO DO MOVIMENTO - RETORNO;;
;;0701948;CONSULTA EM NEUROLOGIA - EPILEPSIA;;
;;0701224;CONSULTA EM NEUROLOGIA - GERAL;;
;;0701449;CONSULTA EM NEUROLOGIA - NEUROVASCULAR;;
;;2018083;CONSULTA EM NEUROLOGIA - NEUROVASCULAR - RETORNO;;
;;0701300;CONSULTA EM NEUROLOGIA - PEDIATRIA;;
;;0701030;CONSULTA EM NEUROLOGIA - RETORNO;;
;;0766008;CONSULTA EM NEUROLOGIA PEDIATRIA MICROCEFALIA;;
;;0701244;CONSULTA EM NUTRICAO;;
;;0701365;CONSULTA EM NUTRICAO - RETORNO;;
;;0757022;CONSULTA EM NUTRICAO > 60 ANOS;;
;;0037006;CONSULTA EM NUTROLOGIA;;
;;0710938;CONSULTA EM NUTROLOGIA-RETORNO;;
;;0701431;CONSULTA EM OFTALMOLOGIA - ACIMA DE 60 ANOS;;
;;0701814;CONSULTA EM OFTALMOLOGIA - AVALIACAO CIRURGICA;;
;;0701225;CONSULTA EM OFTALMOLOGIA - GERAL;;
;;2018324;CONSULTA EM OFTALMOLOGIA - GERAL RETORNO;;
;;0703283;CONSULTA EM OFTALMOLOGIA - GLAUCOMA - RETORNO;;
;;0701959;CONSULTA EM OFTALMOLOGIA - PLASTICA OCULAR;;
;;0118091;CONSULTA EM OFTALMOLOGIA - POS OPERATORIO;;
;;0701957;CONSULTA EM OFTALMOLOGIA - RETINA GERAL;;
;;0320142;CONSULTA EM OFTALMOLOGIA- TRANSPLANTE DE CORNEA;;
;;0701226;CONSULTA EM ORTOPEDIA - GERAL;;
;;9270003;CONSULTA EM ORTOPEDIA - GERAL - RETORNO;;
;;0701313;CONSULTA EM ORTOPEDIA - JOELHO;;
;;0320164;CONSULTA EM ORTOPEDIA - PEDIATRIA - RETORNO;;
;;0701315;CONSULTA EM ORTOPEDIA (OMBROS);;
;;0701227;CONSULTA EM OTORRINOLARINGOLOGIA - GERAL;;
;;0709028;CONSULTA EM OTORRINOLARINGOLOGIA - OTOLOGIA E BASE DE CRANIO;;
;;0709001;CONSULTA EM OTORRINOLARINGOLOGIA - PEDIATRICA;;
;;0709015;CONSULTA EM OTORRINOLARINGOLOGIA - PEDIATRICA - RETORNO;;
;;0320173;CONSULTA EM OTORRINOLARINGOLOGIA - RETORNO;;
;;0816001;CONSULTA EM PEQUENA CIRURGIA;;
;;0800553;CONSULTA EM PEQUENA CIRURGIA - RETORNO;;
;;0282127;CONSULTA EM PNEUMOLOGIA - DOENÇAS INTERSTICIAIS PULMONARES;;
;;0701894;CONSULTA EM PNEUMOLOGIA - ASMA;;
;;0726049;CONSULTA EM PNEUMOLOGIA - ASMA - RETORNO;;
;;0726047;CONSULTA EM PNEUMOLOGIA - DOENÇAS INTERSTICIAIS PULMONARES - RETONO;;
;;0703657;CONSULTA EM PNEUMOLOGIA - DPOC;;
;;0726048;CONSULTA EM PNEUMOLOGIA - DPOC - RETORNO;;
;;0701228;CONSULTA EM PNEUMOLOGIA - GERAL;;
;;0701067;CONSULTA EM PNEUMOLOGIA - RETORNO;;
;;0711073;CONSULTA EM PNEUMOLOGIA- PÓS COVID;;
;;0726046;CONSULTA EM PNEUMOLOGIA- PÓS COVID - RETORNO;;
;;0040001;CONSULTA EM PRE-NATAL DE ALTO RISCO;;
;;0040002;CONSULTA EM PRE-NATAL DE ALTO RISCO - RETORNO;;
;;0701698;CONSULTA EM PROCTOLOGIA - CIRURGICA;;
;;2018084;CONSULTA EM PROCTOLOGIA - CIRURGICA - RETORNO;;
;;0701229;CONSULTA EM PROCTOLOGIA - GERAL;;
;;0701260;CONSULTA EM PSIQUIATRIA - GERAL;;
;;0733017;CONSULTA EM REUMATOLOGIA - ARTRITE REUMATOIDE E SINDROME DE SJÖGREN;;
;;0733030;CONSULTA EM REUMATOLOGIA - ARTRITE REUMATOIDE E SINDROME DE SJOGREN - RETORNO;;
;;0020005;CONSULTA EM REUMATOLOGIA - ARTROSE E GOTA;;
;;0733014;CONSULTA EM REUMATOLOGIA - COLAGENOSES E VASCULITES;;
;;0733029;CONSULTA EM REUMATOLOGIA - COLAGENOSES E VASCULITES - RETORNO;;
;;0701231;CONSULTA EM REUMATOLOGIA - GERAL;;
;;0020002;CONSULTA EM REUMATOLOGIA - LUPUS;;
;;0733026;CONSULTA EM REUMATOLOGIA - LUPUS - RETORNO;;
;;0733025;CONSULTA EM REUMATOLOGIA - SINDROME DE SJÖGREN;;
;;0733024;CONSULTA EM REUMATOLOGIA - SINDROME DE SJÖGREN - RETORNO;;
;;0020009;CONSULTA EM REUMATOLOGIA - SINDROME DE SJÖGREN/BIOPSIA DE GLANDULA SALIVAR;;
;;0701652;CONSULTA EM TERAPIA OCUPACIONAL;;
;;0701388;CONSULTA EM UROLOGIA - CIRURGICA;;
;;2018086;CONSULTA EM UROLOGIA - CIRURGICA - RETORNO;;
;;0701233;CONSULTA EM UROLOGIA - GERAL;;
;;0701328;CONSULTA EM UROLOGIA ONCOLOGIA;;
;;1407014;ECOCARDIOGRAFIA BI-DIMENSIONAL COM OU SEM DOPPLER;;
;;1407032;ECOCARDIOGRAFIA BI-DIMENSIONAL COM OU SEM DOPPLER - INFANTIL;;
;;1703101;ELETROCARDIOGRAMA;;
;;1711110;EXAME DE VIDEOLARINGOSCOPIA(COM EQUIPAMENTO);;
;;1711103;GASTRO-DUODENOSCOPIA (ENDOSCOPIA DIGESTIVA);;
;;0215000;GRUPO - PROCEDIMENTOS CIRURGICOS - APARELHO DIGESTIVO;;
;;1706000;GRUPO - DIAGNOSE EM NEUROLOGIA;;
;;1708000;GRUPO - DIAGNOSE EM OTORRINOLARINGOLOGIA;;
;;;;1708222;AUDIOMETRIA TONAL LIMIAR (VIA AREA/OSSEA)
;;;;1708236;EMISSOES OTOACUSTICA EVOCADAS TRANS.E PROD.DISTORC. EOA
;;;;1708221;IMITANCIOMETRIA (TIMPANOMETRIA, COMPLAC.ESTAT.E REFL.ESTAPED
;;;;1708220;LOGOAUDIOMETRIA (LDV,IRF,LRF)
;;1709000;GRUPO - DIAGNOSE EM PNEUMOLOGIA;;
;;;;1709204;PROVA VENTILATORIA COMPLETA
;;1710000;GRUPO - DIAGNOSE EM UROLOGIA;;
;;1401000;GRUPO - EXAMES ULTRA-SONOGRAFICOS;;
;;;;1401405;ULTRA-SONOGRAFIA  DO APARELHO URINARIO (RINS, BEXIGA)
;;;;1401999;ULTRA-SONOGRAFIA DE ABDOMEN SUPERIOR
;;;;1401998;ULTRA-SONOGRAFIA DE ABDOMEN TOTAL
;;;;1401977;ULTRA-SONOGRAFIA DE MAMAS (BILATERAL)
;;;;1401037;ULTRA-SONOGRAFIA DE PARTES MOLES
;;;;1401997;ULTRA-SONOGRAFIA DE PROSTATA (VIA ABDOMINAL)
;;;;1401980;ULTRA-SONOGRAFIA DE TIREOIDE
;;;;1401201;ULTRA-SONOGRAFIA OBSTETRICA
;;;;1401101;ULTRA-SONOGRAFIA PELVICA (GINECOLOGICA)
;;;;1401202;ULTRA-SONOGRAFIA TRANSVAGINAL
;;1670000;GRUPO - EXAMES ULTRA-SONOGRAFICOS (DOPPLER) E ECOGRAFIAS;;
;;;;1670012;ULTRA-SONOGRAFIA  DOPPLER ARTERIAL- M I D
;;;;1670013;ULTRA-SONOGRAFIA  DOPPLER ARTERIAL- M I E
;;;;1670014;ULTRA-SONOGRAFIA  DOPPLER ARTERIAL- M S D
;;;;1670015;ULTRA-SONOGRAFIA  DOPPLER ARTERIAL- M S E
;;;;1670006;ULTRA-SONOGRAFIA  DOPPLER DE CAROTIDAS
;;;;1670007;ULTRA-SONOGRAFIA  DOPPLER VENOSO - MID
;;;;1670009;ULTRA-SONOGRAFIA  DOPPLER VENOSO - MIE
;;;;1670010;ULTRA-SONOGRAFIA  DOPPLER VENOSO - MSD
;;;;1670011;ULTRA-SONOGRAFIA  DOPPLER VENOSO - MSE
;;;;1670017;ULTRA-SONOGRAFIA DOPPLER DE ARTERIAS VERTEBRAIS
;;1801000;GRUPO - FISIOTERAPIA (POR SESSAO);;
;;1305000;GRUPO - MAMOGRAFIA;;
;;;;1305001;MAMOGRAFIA BILATERAL PARA RASTREAMENTO (ROTINA)
;;1707000;GRUPO - OFTALMOLOGIA;;
;;;;1707434;MAPEAMENTO DE RETINA COM GRAFICO - OLHO DIREITO
;;;;1707435;MAPEAMENTO DE RETINA COM GRAFICO - OLHO ESQUERDO
;;0145000;GRUPO - OFTALMOLOGIA (APAC);;
;;;;0145007;CAPSULOTOMIA A YAG LASER - OD
;;;;0145008;CAPSULOTOMIA A YAG LASER - OE
;;;;0145042;PAN-FOTOCOAGULAÇÃO DE RETINA A LASER - OLHO DIREITO
;;;;0145043;PAN-FOTOCOAGULAÇÃO DE RETINA A LASER - OLHO ESQUERDO
;;2280000;GRUPO - PATOLOGIA CLINICA (EXAMES DE LABORATORIO 2);;
;;;;2280002;ACIDO URICO
;;;;2280003;ACIDO URICO URINARIO
;;;;2280226;ALFA FETO PROTEINA
;;;;2280006;AMILASE
;;;;2280009;ANTI HBC - IGM ANTICORPOS IGM CONTRA ANTIGENO C DA HEPATITE B (ANTI-HBC-IGM)
;;;;2280025;BILIRRUBINA TOTAL E FRACOES
;;;;2280029;CALCIO
;;;;2280030;CALCIO IONIZAVEL
;;;;2280033;CEA (ANTIGENO CARCINOEMBRIOGENICO)
;;;;2280038;CITOMEGALOVIRUS , IFI (IGG)
;;;;2280039;CITOMEGALOVIRUS , IFI (IGM)
;;;;2280040;CLEARANCE DE CREATININA
;;;;2280041;CLORETO
;;;;2280042;COLESTEROL ( LDL)
;;;;2280043;COLESTEROL (HDL)
;;;;2280045;COLESTEROL TOTAL
;;;;2280047;COMPLEMENTO C3 , IDR
;;;;2280048;COMPLEMENTO C4 , IDR
;;;;2280049;CONTAGEM DE PLAQUETAS
;;;;2280053;CREATININA
;;;;2280055;CREATINOFOSFOQUINASE - FRACAO MB
;;;;2280057;CULTURA PARA IDENTIFICACAO DE FUNGOS
;;;;2280203;DETERMINACAO DE CAPACIDADE DE FIXACAO DO FERRO
;;;;2280416;DETERMINACAO DE OSMOLALIDADE
;;;;2280062;DETERMINACAO DE TEMPO DE TROMBOPLASTINA PARCIAL  (TTP A)
;;;;2280177;DOSAGEM DE 25 HIDROXIVITAMINA D
;;;;2280178;DOSAGEM DE CORTISOL
;;;;2280066;DOSAGEM DE CREATINOFOSFOQUINASE (CPK)
;;;;2280297;DOSAGEM DE DESIDROGENASE LATICA (ISOENZIMAS FRACIONADAS)
;;;;2280304;DOSAGEM DE LACTATO
;;;;2280194;DOSAGEM DE MICROALBUMINA NA URINA
;;;;2280069;DOSAGEM DE POTASSIO
;;;;2280070;DOSAGEM DE PROTEINAS ( URINA DE 24 HORAS )
;;;;2280071;DOSAGEM DE SODIO
;;;;2280188;DOSAGEM DO  ANTIGENO  CA 125
;;;;2280072;EAS - SUMARIO DE URINA
;;;;2280073;ESTRADIOL
;;;;2280074;FAN - ANTICORPOS ANTI-NUCLEO , IFI
;;;;2280075;FATOR REUMATOIDE , TESTE DO LATEX
;;;;2280076;FATOR RH (INCLUI DO FRACO)
;;;;2280077;FERRITINA
;;;;2280078;FERRO SERICO
;;;;2280079;FOLICULO ESTIMULANTE, HORMONIO - FSH
;;;;2280080;FOSFATASE ALCALINA
;;;;2280081;FOSFORO
;;;;2280082;GAMA-GLUTAMIL TRANSFERASE - GAMA GT
;;;;2280083;GLICEMIA DE JEJUM
;;;;2280085;GONADOTROFINA CORIONICA - BETA  HCG
;;;;2280086;GRUPO ABO - DETERMINACAO
;;;;2280088;HAV- IGG  ANTICORPOS  IGG CONTRA O VIRUS DA HEPATITE A
;;;;2280089;HAV-IGM   ANTICORPOS  IGM CONTRA O VIRUS DA HEPATITE A
;;;;2280094;HEMOGLOBINA GLICOSILADA
;;;;2280095;HEMOGRAMA COMPLETO
;;;;2280101;INSULINA
;;;;2280102;LH LUTEINIZANTE HORMONIO
;;;;2280103;LIPASE
;;;;2280105;MAGNESIO
;;;;2280107;PARASITOLOGICO (METODOS DE CONCENTRACAO)
;;;;2280111;PARATORMONIO - DOSAGEM
;;;;2280441;PESQUISA DE ANTICORPOS ANTIESTREPTOLISINA O (ASLO)
;;;;2280375;PESQUISA DE ANTICORPOS IGG E IGM CONTRA ANTIGENO CENTRAL DO VIRUS DA HEPATITE B (ANTI-HBC-TOTAL)
;;;;2280571;PESQUISA DE ANTICORPOS SERICOS IRREGULARES 37OC
;;;;2280117;PESQUISA DE SANGUE OCULTO NAS FEZES
;;;;2280685;PESQUISA LABORATORIAL ANTIGENO SUPERFICIE VIRUS HEPATITE B(HBSAG) EXCETO GESTANTE PARCEIRO
;;;;2280691;PESQUISA LABORATORIAL ANTIGENOS HIV-ANTICORPOS ANTI-HIV-1/ ANTI-HIV-2 EXCETO GESTANTE PARCEIRO
;;;;2280688;PESQUISA LABORATORIAL D/ ANTICORPOS CONTRA VIRUS D/HEPATITE C(ANTI-HCV) POP/GESTANTE E PARCEIROS
;;;;2280694;PESQUISA LABORATORIAL D/ANTICORPOS ANTI-HTLV-1+HTLV-2 P/POPULACAO EXCETO GESTANTE , PARCEIROS
;;;;2280118;PROGESTERONA
;;;;2280119;PROLACTINA
;;;;2280120;PROTEINA C REATIVA, DETERMINACAO QUANTITATIVA
;;;;2280121;PROTEINAS TOTAIS E FRACOES
;;;;2280124;PSA LIVRE
;;;;2280126;PSA TOTAL
;;;;2280162;RETICULOCITOS - CONTAGEM
;;;;2280128;RUBEOLA , ANTICORPOS IGG
;;;;2280129;RUBEOLA , ANTICORPOS IGM
;;;;2280130;TESTE DE VDRL P/ DETECCAO DE SIFILIS
;;;;2280132;TESTOSTERONA TOTAL
;;;;2280133;TGO
;;;;2280134;TGP
;;;;2280137;TIROXINA LIVRE (T4 LIVRE)
;;;;2280138;TOXOPLASMOSE  IFI-IGG
;;;;2280139;TOXOPLASMOSE IFI (IGM)
;;;;2280140;TRANSFERRINA
;;;;2280141;TRIGLICERIDEOS
;;;;2280142;TRIIODOTIRONINA -  T3
;;;;2280143;TSH - HORMONIO ESTIMULANTE TIREOIDE
;;;;2280144;UREIA
;;;;2280147;VELOCIDADE DE HEMOSSEDIMENTACAO (VHS)
;;;;2280148;VITAMINA B12
;;1101000;GRUPO - PATOLOGIA CLINICA (EXAMES DE LABORATORIO);;
;;0823000;GRUPO - PUNCAO / BIOPSIA;;
;;;;0823063;PUNCAO DE MAMA POR AGULHA GROSSA
;;1301000;GRUPO - RADIODIAGNOSTICO;;
;;3100000;GRUPO - RESSONANCIA MAGNETICA;;
;;;;3100021;ANGIORESSONANCIA CEREBRAL
;;;;3100014;RESSONANCIA MAGNETICA DE ABDOMEN SUPERIOR
;;;;3100003;RESSONANCIA MAGNETICA DE ARTICULACAO COXO-FEMURAL (BILATERAL)
;;;;3100007;RESSONANCIA MAGNETICA DE ATM (BILATERAL)
;;;;3100019;RESSONANCIA MAGNETICA DE BACIA OU PELVE
;;;;3100004;RESSONANCIA MAGNETICA DE COLUNA CERVICAL
;;;;3100005;RESSONANCIA MAGNETICA DE COLUNA LOMBO-SACRA
;;;;3100006;RESSONANCIA MAGNETICA DE COLUNA TORACICA
;;;;3100025;RESSONANCIA MAGNETICA DE COTOVELO/PUNHO DIREITO
;;;;3100024;RESSONANCIA MAGNETICA DE COTOVELO/PUNHO ESQUERDO
;;;;3100034;RESSONANCIA MAGNETICA DE CRANIO
;;;;3100027;RESSONANCIA MAGNETICA DE OMBRO DIREITO
;;;;3100026;RESSONANCIA MAGNETICA DE OMBRO ESQUERDO
;;;;3100068;RESSONANCIA MAGNETICA DE PERNA DIREITA
;;;;3100069;RESSONANCIA MAGNETICA DE PERNA ESQUERDA
;;;;3100008;RESSONANCIA MAGNETICA DE PESCOCO E REGIAO CERVICAL
;;;;3100033;RESSONANCIA MAGNETICA DE PLEXO BRAQUIAL DIREITO
;;;;3100032;RESSONANCIA MAGNETICA DE PLEXO BRAQUIAL ESQUERDO
;;;;3100029;RESSONANCIA MAGNETICA DE SEGMENTO APENDICULAR DIREITO
;;;;3100028;RESSONANCIA MAGNETICA DE SEGMENTO APENDICULAR ESQUERDO
;;;;3100035;RESSONANCIA MAGNETICA DE SELA TURCICA
;;;;3100017;RESSONANCIA MAGNETICA DE TORAX
;;;;3100023;RESSONANCIA MAGNETICA DE TORNOZELO OU PE DIREITO
;;;;3100022;RESSONANCIA MAGNETICA DE TORNOZELO OU PE ESQUERDO
;;;;3100013;RESSONANCIA MAGNETICA DE VIAS BILIARES
;;;;3100031;RESSONANCIA MAGNETICA DO JOELHO DIREITO
;;;;3100030;RESSONANCIA MAGNETICA DO JOELHO ESQUERDO
;;3500000;GRUPO - TOMOGRAFIA COMPUTADORIZADA;;
;;1703204;HOLTER 24 HORAS;;
;;1711109;LARINGOSCOPIA DIRETA;;
;;1703203;MONITORIZACAO AMBULATORIAL DE PRESSAO ARTERIAL;;
;;2033010;OCI AVALIAÇÃO CARDIOLÓGICA;;
;;2033009;OCI AVALIAÇÃO DE RISCO CIRÚRGICO;;
;;2033015;OCI AVALIAÇÃO DIAGNÓSTICA EM ORTOPEDIA COM RECURSOS DE RADIOLOGIA;;
;;0816002;PUNCAO ASPIRATIVA DA TIREOIDE;;
;;1711106;RETOSIGMOIDOSCOPIA;;
;;0739135;TELECONSULTA EM CARDIOLOGIA GERAL;;
;;0739136;TELECONSULTA EM CARDIOLOGIA GERAL - RETORNO;;
;;0739140;TELECONSULTA EM ENDOCRINOLOGIA E METABOLOGIA GERAL;;
;;0739141;TELECONSULTA EM ENDOCRINOLOGIA E METABOLOGIA GERAL - RETORNO;;
;;0739202;TELECONSULTA EM MASTOLOGIA;;
;;0739203;TELECONSULTA EM MASTOLOGIA - RETORNO;;
;;0739170;TELECONSULTA EM NEFROLOGIA GERAL;;
;;0739171;TELECONSULTA EM NEFROLOGIA GERAL - RETORNO;;
;;0739194;TELECONSULTA EM OFTALMOLOGIA GERAL;;
;;0739195;TELECONSULTA EM OFTALMOLOGIA GERAL - RETORNO;;
;;0739160;TELECONSULTA EM PNEUMOLOGIA GERAL;;
;;0739161;TELECONSULTA EM PNEUMOLOGIA GERAL - RETORNO;;
;;1703205;TESTE DE ESFORCO OU TESTE ERGOMETRICO 2;;
;ICON INSTITUTO DE CIRURGIA OCULAR DO NORTE;;;;
;;0701431;CONSULTA EM OFTALMOLOGIA - ACIMA DE 60 ANOS;;
;;0701814;CONSULTA EM OFTALMOLOGIA - AVALIACAO CIRURGICA;;
;;0701225;CONSULTA EM OFTALMOLOGIA - GERAL;;
;;2018324;CONSULTA EM OFTALMOLOGIA - GERAL RETORNO;;
;;0703283;CONSULTA EM OFTALMOLOGIA - GLAUCOMA - RETORNO;;
;;0118091;CONSULTA EM OFTALMOLOGIA - POS OPERATORIO;;
;;0701957;CONSULTA EM OFTALMOLOGIA - RETINA GERAL;;
;;0037014;CONSULTA EM OFTALMOLOGIA- ACIMA DE 60 ANOS- RETORNO;;
;;0742011;CONSULTA EM OFTALMOLOGIA CATARATA;;
;;0031125;EXERCICIOS ORTOPTICOS;;
;;0814000;GRUPO - CIRURGIA AMB EM APARELHO VISUAL;;
;;0743000;GRUPO - CIRURGIA DE CATARATA;;
;;;;0743011;FACOEMULSIFICACAO C/IMPL LENTE INTRA OCULAR DOBRAVEL- OE
;;;;0743010;FACOEMULSIFICACAO C/IMPL LENTE INTRA OCULAR DOBRAVEL-OD
;;;;0743039;FACOEMULSIFICACAO COM IMPLANTE DE LENTE INTRA - OCULAR RIGIDA - OLHO DIREITO
;;;;0743040;FACOEMULSIFICACAO COM IMPLANTE DE LENTE INTRA - OCULAR RIGIDA - OLHO ESQUERDO
;;1428000;GRUPO - DIAGNOSTICO POR ULTRASSONOGRAFIA - OFTALMOLOGIA;;
;;1707000;GRUPO - OFTALMOLOGIA;;
;;0461000;GRUPO - OFTALMOLOGIA - CATARATA;;
;;;;0461005;BIOMETRIA ULTRASSONICA - OLHO DIREITO
;;;;0461006;BIOMETRIA ULTRASSONICA - OLHO ESQUERDO
;;;;0461007;CERATOMETRIA - OLHO DIREITO
;;;;0461008;CERATOMETRIA - OLHO ESQUERDO
;;;;0461017;CONSULTA EM OFTALMOLOGIA - CIRURGIA DE CATARATA
;;;;0461009;MAPEAMENTO DE RETINA COM GRAFICO - OLHO DIREITO
;;;;0461010;MAPEAMENTO DE RETINA COM GRAFICO - OLHO ESQUERDO
;;;;0461011;MICROSCOPIA ESPECULAR DE CORNEA – OD
;;;;0461012;MICROSCOPIA ESPECULAR DE CORNEA – OE
;;;;0461003;PAQUIMETRIA ULTRASSÔNICA - OLHO DIREITO
;;;;0461004;PAQUIMETRIA ULTRASSÔNICA - OLHO ESQUERDO
;;;;0461013;TONOMETRIA - OLHO DIREITO
;;;;0461014;TONOMETRIA - OLHO ESQUERDO
;;;;0461015;TOPOGRAFIA COMPUTADORIZADA DE CORNEA – OD
;;;;0461016;TOPOGRAFIA COMPUTADORIZADA DE CORNEA – OE
;;;;0461001;ULTRASSONOGRAFIA DE GLOBO OCULAR / ORBITA - OLHO DIREITO
;;;;0461002;ULTRASSONOGRAFIA DE GLOBO OCULAR / ORBITA - OLHO ESQUERDO
;;0462000;GRUPO - OFTALMOLOGIA - GLAUCOMA;;
;;;;0462003;CAMPIMETRIA COMPUTADORIZADA OU MANUAL COM GRAFICO - OLHO DIREITO
;;;;0462004;CAMPIMETRIA COMPUTADORIZADA OU MANUAL COM GRAFICO - OLHO ESQUERDO
;;;;0462005;CURVA DIARIA DE PRESSAO OCULAR CDPO (MINIMO 3 MEDIDAS) - OLHO DIREITO
;;;;0462006;CURVA DIARIA DE PRESSAO OCULAR CDPO (MINIMO 3 MEDIDAS) - OLHO ESQUERDO
;;;;0462007;FUNDOSCOPIA - OLHO DIREITO
;;;;0462008;FUNDOSCOPIA - OLHO ESQUERDO
;;;;0462009;GONIOSCOPIA - OLHO DIREITO
;;;;0462010;GONIOSCOPIA - OLHO ESQUERDO
;;;;0462011;MAPEAMENTO DE RETINA COM GRAFICO - OLHO DIREITO
;;;;0462012;MAPEAMENTO DE RETINA COM GRAFICO - OLHO ESQUERDO
;;;;0462001;PAQUIMETRIA ULTRASSÔNICA - OLHO DIREITO
;;;;0462002;PAQUIMETRIA ULTRASSÔNICA - OLHO ESQUERDO
;;;;0462015;RETINOGRAFIA COLORIDA BINOCULAR
;;;;0462013;TONOMETRIA - OLHO DIREITO
;;;;0462014;TONOMETRIA - OLHO ESQUERDO
;;0238000;GRUPO - OFTALMOLOGIA - INJECAO INTRA-VITREO;;
;;;;0238001;INJECAO INTRA-VITREO - OLHO DIREITO
;;;;0238002;INJECAO INTRA-VITREO - OLHO ESQUERDO
;;;;0238003;INTRA-VITREO REAPLICACAO - OLHO DIRETO
;;;;0238004;INTRA-VITREO REAPLICACAO - OLHO ESQUERDO
;;0145000;GRUPO - OFTALMOLOGIA (APAC);;
;;;;0145065;CAPSULECTOMIA POSTERIOR CIRURGICA  - OLHO DIREITO
;;;;0145066;CAPSULECTOMIA POSTERIOR CIRURGICA - OLHO ESQUERDO
;;;;0145007;CAPSULOTOMIA A YAG LASER - OD
;;;;0145008;CAPSULOTOMIA A YAG LASER - OE
;;;;0145009;EVISCERACAO DO GLOBO OCULAR - OD
;;;;0145010;EVISCERACAO DO GLOBO OCULAR - OE
;;;;0145024;EXERESE DE CALAZIO E OUTRAS PEQUENAS LESOES DA PALPEBRA E SUPERCILIOS - OLHO DIREITO
;;;;0145035;EXERESE DE CALAZIO E OUTRAS PEQUENAS LESOES DA PALPEBRA E SUPERCILIOS - OLHO ESQUERDO
;;;;0145025;EXPLANTE DE LENTE INTRA OCULAR - OLHO DIREITO
;;;;0145036;EXPLANTE DE LENTE INTRA OCULAR - OLHO ESQUERDO
;;;;0145001;FACECTOMIA C/ IMPLANTE DE LENTE INTRA-OCULAR - OD
;;;;0145002;FACECTOMIA C/ IMPLANTE DE LENTE INTRA-OCULAR - OE
;;;;0145017;FACECTOMIA S/ IMPLANTE DE LENTE INTRA-OCULAR - OD
;;;;0145018;FACECTOMIA S/ IMPLANTE DE LENTE INTRA-OCULAR - OE
;;;;0145013;FOTOCOAGULACAO A LASER - OLHO DIREITO
;;;;0145014;FOTOCOAGULACAO A LASER - OLHO ESQUERDO
;;;;0145071;IMPLANTE INTRA-ESTROMAL - OLHO DIREITO
;;;;0145072;IMPLANTE INTRA-ESTROMAL - OLHO ESQUERDO
;;;;0145020;IMPLANTE SECUNDARIO DE LENTE INTRA-OCULAR - LIO - OLHO DIREITO
;;;;0145032;IMPLANTE SECUNDARIO DE LENTE INTRA-OCULAR - LIO - OLHO ESQUERDO
;;;;0145042;PAN-FOTOCOAGULAÇÃO DE RETINA A LASER - OLHO DIREITO
;;;;0145043;PAN-FOTOCOAGULAÇÃO DE RETINA A LASER - OLHO ESQUERDO
;;;;0145028;RECOBRIMENTO CONJUNTIVAL - OLHO DIREITO
;;;;0145039;RECOBRIMENTO CONJUNTIVAL - OLHO ESQUERDO
;;;;0145029;RECONSTITUICAO DE FORNIX CONJUNTIVAL - OLHO DIREITO
;;;;0145040;RECONSTITUICAO DE FORNIX CONJUNTIVAL - OLHO ESQUERDO
;;;;0145027;REPOSICIONAMENTO DE LENTE INTRAOCULAR - OLHO DIREITO
;;;;0145033;REPOSICIONAMENTO DE LENTE INTRAOCULAR - OLHO ESQUERDO
;;;;0145059;RETINOPEXIA C/ INTROFLEXÃO ESCLERAL  - OLHO DIREITO
;;;;0145060;RETINOPEXIA C/ INTROFLEXAO ESCLERAL - OLHO ESQUERDO
;;;;0145015;VITRECTOMIA ANTERIOR - OD
;;;;0145016;VITRECTOMIA ANTERIOR - OE
;;0818000;GRUPO - PROCEDIMENTOS AMBULATORIAIS EM OFTALMOLOGIA;;
;;;;0818365;BIOPSIA DE TUMOR INTRA OCULAR - OLHO DIREITO
;;;;0818366;BIOPSIA DE TUMOR INTRA OCULAR - OLHO ESQUERDO
;;;;0818256;CAUTERIZACAO DE CORNEA - OLHO DIREITO
;;;;0818257;CAUTERIZACAO DE CORNEA - OLHO ESQUERDO
;;;;0818396;CRIOTERAPIA OCULAR - OLHO DIREITO
;;;;0818397;CRIOTERAPIA OCULAR - OLHO ESQUERDO
;;;;0818272;DRENAGEM DE ABSCESSO DE PALPEBRA - OLHO DIREITO
;;;;0818273;DRENAGEM DE ABSCESSO DE PALPEBRA - OLHO ESQUERDO
;;;;0818282;EXERESE DE TUMOR DE CONJUNTIVA - OLHO DIREITO
;;;;0818283;EXERESE DE TUMOR DE CONJUNTIVA - OLHO ESQUERDO
;;;;0818229;INJECAO INTRA-VITREO - OD
;;;;0818230;INJECAO INTRA-VITREO - OE
;;;;0818296;INJECAO SUBCONJUNTIVAL/SUBTENONIANA - OLHO DIREITO
;;;;0818297;INJECAO SUBCONJUNTIVAL/SUBTENONIANA - OLHO ESQUERDO
;;;;0818394;REMOÇÃO DE IMPLANTE EPISCLERAL - OLHO DIREITO
;;;;0818395;REMOÇÃO DE IMPLANTE EPISCLERAL - OLHO ESQUERDO
;;;;0818392;REMOÇÃO DE OLEO DE SILICONE - OLHO DIREITO
;;;;0818393;REMOÇÃO DE OLEO DE SILICONE - OLHO ESQUERDO
;;;;0818314;RETINOPEXIA PNEUMATICA - OLHO DIREITO
;;;;0818315;RETINOPEXIA PNEUMATICA - OLHO ESQUERDO
;;;;0818324;SUTURA DE ESCLERA - OLHO DIREITO
;;;;0818325;SUTURA DE ESCLERA - OLHO ESQUERDO
;;;;0818335;TRATAMENTO CIRURGICO DE DEISCENCIA DE SUTURA DE ESCLERA- OLHO DIREITO
;;;;0818336;TRATAMENTO CIRURGICO DE DEISCENCIA DE SUTURA DE ESCLERA- OLHO ESQUERDO
;;;;0818340;TRATAMENTO CIRURGICO DE MIIASE PALPEBRAL - OLHO DIREITO
;;;;0818364;TRATAMENTO CIRURGICO DE MIIASE PALPEBRAL - OLHO ESQUERDO
;;;;0818337;TRATAMENTO CIRURGICO DE PTERIGIO - OLHO DIREITO
;;;;0818338;TRATAMENTO CIRURGICO DE PTERIGIO - OLHO ESQUERDO
;;;;0818352;VITRIOLISE A YAG LASER - OLHO DIREITO
;;;;0818353;VITRIOLISE A YAG LASER - OLHO ESQUERDO
;;0823000;GRUPO - PUNCAO / BIOPSIA;;
;;1703007;RETINOGRAFIA COLORIDA BINOCULAR;;
;;1712012;RETINOGRAFIA FLUORESCENTE;;
;;1720013;TOMOGRAFIA DE COERÊNCIA ÓPTICA;;
;;1707164;TRATAMENTO MEDICAMENTOSO DA DOENÇA DA RETINA;;
;INSTITUTO DA MULHER DONA LINDU;;;;
;;0701306;CONSULTA EM CIRURGIA GINECOLOGICA;;
;;0701863;CONSULTA EM CIRURGIA GINECOLOGICA - POS OPERATORIO;;
;;0320061;CONSULTA EM CIRURGIA GINECOLOGICA - RETORNO;;
;;0055070;CONSULTA EM GINECOLOGIA - LAQUEADURA;;
;;0701252;CONSULTA EM MASTOLOGIA - GERAL;;
;;0701028;CONSULTA EM MASTOLOGIA - RETORNO;;
;;1401000;GRUPO - EXAMES ULTRA-SONOGRAFICOS;;
;;;;1401977;ULTRA-SONOGRAFIA DE MAMAS (BILATERAL)
;;1305000;GRUPO - MAMOGRAFIA;;
;;1101000;GRUPO - PATOLOGIA CLINICA (EXAMES DE LABORATORIO);;
;;;;1101706;ANTI HCV  ANTICORPOS CONTRA O VIRUS DA HEPATITE C
;;;;1101085;HBSAG - ANTIGENO S (SUPERFICIE) DA HEPATITE B
;;;;1101163;TIROXINA - T4
;;;;1101168;TRIIODOTIRONINA -  T3
;;;;1101787;TSH - HORMONIO TIREOESTIMULANTE
;INSTITUTO DE PATOLOGIA E HEMATOLOGIA DE MANAUS;;;;
;;1201101;EXAME CITOPATOLOGICO CERVICO-VAGINAL/MICROFLORA;;
;;1101000;GRUPO - PATOLOGIA CLINICA (EXAMES DE LABORATORIO);;
;;2400000;GRUPO - PATOLOGIA CLINICA (REGULACAO);;
;;;;2400250;GENOTIPAGEM DE VIRUS DA HEPATITE C
;;;;2400023;QUANTIFICACAO DE RNA DO VIRUS DA HEPATITE C
;INSTITUTO DE SAUDE DA CRIANCA DO AMAZONAS ICAM;;;;
;;0701240;CONSULTA EM CARDIOLOGIA - PEDIATRIA;;
;;0701242;CONSULTA EM NEFROLOGIA - PEDIATRIA;;
;;0701245;CONSULTA EM ORTOPEDIA - PEDIATRIA;;
;;0766225;CONSULTA EM AVALIACAO PACIENTE OSTOMIZADO;;
;;0766258;CONSULTA EM AVALIACAO PACIENTE OSTOMIZADO - RETORNO;;
;;0701208;CONSULTA EM CIRURGIA PEDIATRICA - GERAL;;
;;2018081;CONSULTA EM CIRURGIA PEDIATRICA - RETORNO;;
;;0701069;CONSULTA EM NEFROLOGIA PEDIATRIA - RETORNO;;
;;0701694;CONSULTA EM NEUROCIRURGIA PEDIATRICA;;
;;0701561;CONSULTA EM NEUROCIRURGIA PEDIATRICA - RETORNO;;
;;0320164;CONSULTA EM ORTOPEDIA - PEDIATRIA - RETORNO;;
;;0701771;CONSULTA EM ORTOPEDIA E TRAUMATOLOGIA - PEDIATRIA;;
;;2018531;CONSULTA EM ORTOPEDIA E TRAUMATOLOGIA PEDIATRIA - RETORNO;;
;;0701227;CONSULTA EM OTORRINOLARINGOLOGIA - GERAL;;
;;0709001;CONSULTA EM OTORRINOLARINGOLOGIA - PEDIATRICA;;
;;0709015;CONSULTA EM OTORRINOLARINGOLOGIA - PEDIATRICA - RETORNO;;
;;0320173;CONSULTA EM OTORRINOLARINGOLOGIA - RETORNO;;
;;3500000;GRUPO - TOMOGRAFIA COMPUTADORIZADA;;
;;;;3500077;TOMOGRAFIA COMPUTADORIZADA  DE CRANIO
;;;;3500007;TOMOGRAFIA COMPUTADORIZADA DE PELVE OU BACIA
;;;;3500004;TOMOGRAFIA COMPUTADORIZADA DO ABDOMEN  SUPERIOR
;;;;3500003;TOMOGRAFIA COMPUTADORIZADA DO TORAX
;INSTITUTO DE UROLOGIA DR ANOAR SAMAD;;;;
;;1710000;GRUPO - DIAGNOSE EM UROLOGIA;;
;LABMASTER;;;;
;;2280000;GRUPO - PATOLOGIA CLINICA (EXAMES DE LABORATORIO 2);;
;;;;2280219;17 ALFA HIDROXI PROGESTERONA
;;;;2280313;ACIDEZ TITULÁVEL NO LEITE HUMANO (DORNIC)
;;;;2280220;ACIDO ASCORBICO
;;;;2280001;ACIDO FOLICO
;;;;2280002;ACIDO URICO
;;;;2280534;ACIDO URICO LIQUIDO NO SINOVIAL E DERRAMES
;;;;2280003;ACIDO URICO URINARIO
;;;;2280535;ADENOGRAMA
;;;;2280004;ADRENOCORTICOTROFICO, HORMONIO - ACTH
;;;;2280225;ALFA 1 ANTITRIPSINA
;;;;2280005;ALFA 1 GLICOPROTEINA ACIDA
;;;;2280226;ALFA FETO PROTEINA
;;;;2280006;AMILASE
;;;;2280007;ANDROSTENEDIONA
;;;;2280009;ANTI HBC - IGM ANTICORPOS IGM CONTRA ANTIGENO C DA HEPATITE B (ANTI-HBC-IGM)
;;;;2280011;ANTI HBE - ANTICORPOS CONTRA ANTIGENO E DA HEPATITE B
;;;;2280012;ANTI HBS - ANTICORPOS CONTRA ANTIGENO S DA HEPATITE B
;;;;2280015;ANTIBIOGRAMA
;;;;2280446;ANTIBIOGRAMA C/ CONCENTRACAO INIBITORIA MINIMA
;;;;2280181;ANTIBIOGRAMA P/ MICOBACTERIAS
;;;;2280613;ANTICORPOS ANTI-PLAQUETARIOS - DETERMINAÇÃO
;;;;2280018;ANTIPEROXIDASE /ANTI TPO
;;;;2280022;BACILOSCOPIA DIRETA P/ BAAR (HANSENIASE)
;;;;2280447;BACILOSCOPIA DIRETA P/ BAAR TUBERCULOS (CONTROLE)
;;;;2280023;BACILOSCOPIA DIRETA P/ BAAR TUBERCULOSE (DIAGNOSTICA)
;;;;2280024;BACTEROSCOPIA (GRAM)
;;;;2280221;BETA 2 MICROGLOBULINA
;;;;2280025;BILIRRUBINA TOTAL E FRACOES
;;;;2280029;CALCIO
;;;;2280030;CALCIO IONIZAVEL
;;;;2280031;CALCIO URINARIO
;;;;2280033;CEA (ANTIGENO CARCINOEMBRIOGENICO)
;;;;2280034;CELULAS LE - PESQUISA
;;;;2280035;CHAGAS , IFI
;;;;2280259;CHUMBO
;;;;2280260;CHUMBO URINARIO
;;;;2280536;CITOLOGIA P/ CLAMIDIA
;;;;2280537;CITOLOGIA P/ HERPESVIRUS
;;;;2280038;CITOMEGALOVIRUS , IFI (IGG)
;;;;2280039;CITOMEGALOVIRUS , IFI (IGM)
;;;;2280314;CITOQUIMICA HEMATOLOGICA
;;;;2280040;CLEARANCE DE CREATININA
;;;;2280413;CLEARANCE DE FOSFATO
;;;;2280414;CLEARANCE DE UREIA
;;;;2280281;CLEARANCE OSMOLAR
;;;;2280041;CLORETO
;;;;2280042;COLESTEROL ( LDL)
;;;;2280043;COLESTEROL (HDL)
;;;;2280045;COLESTEROL TOTAL
;;;;2280229;COMPLEMENTO ( CH50 ) , DOSAGEM
;;;;2280047;COMPLEMENTO C3 , IDR
;;;;2280048;COMPLEMENTO C4 , IDR
;;;;2280415;CONTAGEM DE ADDIS
;;;;2280432;CONTAGEM DE LINFOCITOS T TOTAIS
;;;;2280049;CONTAGEM DE PLAQUETAS
;;;;2280538;CONTAGEM ESPECIFICA DE CELULAS NO LIQUOR
;;;;2280539;CONTAGEM GLOBAL DE CELULAS NO LIQUOR
;;;;2280050;COOMBS  INDIRETO (INCLUI QUANTITATIVO)
;;;;2280051;COOMBS DIRETO
;;;;2280053;CREATININA
;;;;2280054;CREATININA, DOSAGEM EM URINA DE 24 HS
;;;;2280055;CREATINOFOSFOQUINASE - FRACAO MB
;;;;2280164;CULTURA DE BACTERIAS PARA INDENTIFICACAO
;;;;2280448;CULTURA DO LEITE HUMANO (POS-PASTEURIZAÇÃO)
;;;;2280449;CULTURA P/ HERPESVIRUS
;;;;2280210;CULTURA PARA BAAR
;;;;2280165;CULTURA PARA BACTERIAS ANAEROBICAS
;;;;2280057;CULTURA PARA IDENTIFICACAO DE FUNGOS
;;;;2280058;CURVA GLICEMICA CLASSICA 5 DOSAGENS-ORAL
;;;;2280059;DEHIDROEPIANDROSTERONA - DHEA
;;;;2280697;DETECCAO D/ DNA PROVIRAL D/ HTLV-1 E D/ HTLV-2 P/ POPULACAO EXCETO GESTANTE , PARCEIRO E PARCERIA
;;;;2280339;DETECCAO DE ÁCIDOS NUCLEICOS DO HIV-1 (QUALITATIVO)
;;;;2280382;DETECÇÃO DE CLAMÍDIA E GONOCOCO POR BIOLOGIA MOLECULAR
;;;;2280203;DETERMINACAO DE CAPACIDADE DE FIXACAO DO FERRO
;;;;2280563;DETERMINACAO DE CARIOTIPO EM CULTURA DE LONGA DURACAO (C/ TECNICA DE BANDAS)
;;;;2280564;DETERMINACAO DE CARIOTIPO EM MEDULA OSSEA E VILOSIDADES CORIONICAS (C/ TECNICA DE BANDAS)
;;;;2280565;DETERMINACAO DE CARIOTIPO EM SANGUE PERIFERICO (C/ TECNICA DE BANDAS)
;;;;2280312;DETERMINAÇÃO DE CREMATÓCRITO NO LEITE HUMANO ORDENHADO
;;;;2280282;DETERMINACAO DE CROMATOGRAFIA DE AMINOACIDOS
;;;;2280315;DETERMINACAO DE CURVA DE RESISTENCIA GLOBULAR
;;;;2280167;DETERMINACAO DE CURVA GLICEMICA (2 DOSAGENS)
;;;;2280283;DETERMINACAO DE CURVA GLICEMICA C/ INDUCAO POR CORTISONA ( 5 DOSAGENS)
;;;;2280284;DETERMINACAO DE CURVA GLICEMICA C/ INDUCAO POR CORTISONA (4 DOSAGENS)
;;;;2280316;DETERMINACAO DE ENZIMAS ERITROCITARIAS (CADA)
;;;;2280540;DETERMINACAO DE FOSFOLIPIDIOS RELACAO LECITINA - ESFINGOMIELINA NO LIQUIDO AMNIOTICO
;;;;2280485;DETERMINACAO DE INDICE DE TIROXINA LIVRE
;;;;2280416;DETERMINACAO DE OSMOLALIDADE
;;;;2280285;DETERMINACAO DE OSMOLARIDADE
;;;;2280486;DETERMINACAO DE RETENCAO DE T3
;;;;2280317;DETERMINACAO DE SULFO-HEMOGLOBINA
;;;;2280487;DETERMINACAO DE T3 REVERSO
;;;;2280060;DETERMINACAO DE TEMPO DE COAGULACAO
;;;;2280318;DETERMINACAO DE TEMPO DE LISE DA EUGLOBULINA
;;;;2280061;DETERMINACAO DE TEMPO DE SANGRAMENTO ( DUKE )
;;;;2280319;DETERMINACAO DE TEMPO DE SANGRAMENTO DE IVY
;;;;2280320;DETERMINACAO DE TEMPO DE SOBREVIDA DE HEMACIAS
;;;;2280168;DETERMINACAO DE TEMPO DE TROMBINA
;;;;2280062;DETERMINACAO DE TEMPO DE TROMBOPLASTINA PARCIAL  (TTP A)
;;;;2280063;DETERMINACAO DE TEMPO E ATIVIDADE DA PROTROMBINA (TAP)
;;;;2280235;DIHIDROTESTOSTERONA - DHT
;;;;2280398;DOSAGEM DA FRAÇÃO C1Q DO COMPLEMENTO
;;;;2280488;DOSAGEM DE 17-CETOSTEROIDES TOTAIS
;;;;2280489;DOSAGEM DE 17-HIDROXICORTICOSTEROIDES
;;;;2280177;DOSAGEM DE 25 HIDROXIVITAMINA D
;;;;2280286;DOSAGEM DE 5-NUCLEOTIDASE
;;;;2280287;DOSAGEM DE ACETONA
;;;;2280265;DOSAGEM DE ACIDO 5-HIDROXI-INDOL-ACETICO (SEROTONINA)
;;;;2280505;DOSAGEM DE ACIDO DELTA-AMINOLEVULINICO
;;;;2280506;DOSAGEM DE ACIDO HIPURICO
;;;;2280507;DOSAGEM DE ACIDO MANDELICO
;;;;2280508;DOSAGEM DE ACIDO METIL-HIPURICO
;;;;2280509;DOSAGEM DE ACIDO VALPROICO
;;;;2280288;DOSAGEM DE ACIDO VANILMANDELICO
;;;;2280289;DOSAGEM DE ALDOLASE
;;;;2280490;DOSAGEM DE ALDOSTERONA
;;;;2280290;DOSAGEM DE ALFA-2-MACROGLOBULINA
;;;;2280510;DOSAGEM DE ALUMINIO
;;;;2280291;DOSAGEM DE AMONIA
;;;;2280491;DOSAGEM DE AMP CICLICO
;;;;2280511;DOSAGEM DE ANFETAMINAS
;;;;2280321;DOSAGEM DE ANTICOAGULANTE CIRCULANTE
;;;;2280397;DOSAGEM DE ANTICORPOS ANTITRANSGLUTAMINAISE RECOMBINANTE HUMANO IGA
;;;;2280227;DOSAGEM DE ANTITROMBINA III
;;;;2280512;DOSAGEM DE BARBITURATOS
;;;;2280513;DOSAGEM DE CADMIO
;;;;2280492;DOSAGEM DE CALCITONINA
;;;;2280514;DOSAGEM DE CARBAMAZEPINA
;;;;2280515;DOSAGEM DE CARBOXI-HEMOGLOBINA
;;;;2280292;DOSAGEM DE CAROTENO
;;;;2280293;DOSAGEM DE CERULOPLASMINA
;;;;2280516;DOSAGEM DE CICLOSPORINA
;;;;2280418;DOSAGEM DE CITRATO
;;;;2280517;DOSAGEM DE COBRE
;;;;2280294;DOSAGEM DE COLINESTERASE
;;;;2280178;DOSAGEM DE CORTISOL
;;;;2280541;DOSAGEM DE CREATININA NO LIQUIDO AMNIOTICO
;;;;2280066;DOSAGEM DE CREATINOFOSFOQUINASE (CPK)
;;;;2280341;DOSAGEM DE CRIOAGLUTININA
;;;;2280295;DOSAGEM DE DESIDROGENASE ALFA-HIDROXIBUTIRICA
;;;;2280296;DOSAGEM DE DESIDROGENASE GLUTAMICA
;;;;2280067;DOSAGEM DE DESIDROGENASE LATICA
;;;;2280297;DOSAGEM DE DESIDROGENASE LATICA (ISOENZIMAS FRACIONADAS)
;;;;2280403;DOSAGEM DE ESTERCOBILINOGENIO FECAL
;;;;2280186;DOSAGEM DE ESTRIOL
;;;;2280187;DOSAGEM DE ESTRONA
;;;;2280322;DOSAGEM DE FATOR V
;;;;2280323;DOSAGEM DE FATOR VIII (INIBIDOR)
;;;;2280324;DOSAGEM DE FATOR VON WILLEBRAND (ANTIGENO)
;;;;2280325;DOSAGEM DE FATOR XIII
;;;;2280518;DOSAGEM DE FENITOINA
;;;;2280519;DOSAGEM DE FENOL
;;;;2280326;DOSAGEM DE FIBRINOGENIO
;;;;2280520;DOSAGEM DE FORMALDEIDO
;;;;2280551;DOSAGEM DE FOSFATASE ÁCIDA NO ESPERMA
;;;;2280298;DOSAGEM DE FOSFATASE ACIDA TOTAL
;;;;2280542;DOSAGEM DE FOSFATASE ALCALINA NO ESPERMA
;;;;2280299;DOSAGEM DE FRACAO PROSTATICA DA FOSFATASE ACIDA
;;;;2280252;DOSAGEM DE FRUTOSE
;;;;2280197;DOSAGEM DE FRUTOSE NO ESPERMA
;;;;2280300;DOSAGEM DE GALACTOSE
;;;;2280253;DOSAGEM DE GASTRINA
;;;;2280543;DOSAGEM DE GLICOSE NO LIQUIDO SINOVIAL E DERRAMES
;;;;2280301;DOSAGEM DE GLICOSE-6-FOSFATO DESIDROGENASE
;;;;2280493;DOSAGEM DE GLOBULINA TRANSPORTADORA DE TIROXINA
;;;;2280207;DOSAGEM DE GORDURA FECAL
;;;;2280254;DOSAGEM DE HAPTOGLOBINA
;;;;2280068;DOSAGEM DE HEMOGLOBINA
;;;;2280327;DOSAGEM DE HEMOGLOBINA - INSTABILIDADE A 37OC
;;;;2280328;DOSAGEM DE HEMOGLOBINA FETAL
;;;;2280329;DOSAGEM DE HEMOSSIDERINA
;;;;2280302;DOSAGEM DE HIDROXIPROLINA
;;;;2280175;DOSAGEM DE IMUNOGLOBULINA A (IGA)
;;;;2280174;DOSAGEM DE IMUNOGLOBULINA E (IGE)
;;;;2280176;DOSAGEM DE IMUNOGLOBULINA M (IGM)
;;;;2280257;DOSAGEM DE INIBIDOR DE C1-ESTERASE
;;;;2280303;DOSAGEM DE ISOMERASE-FOSFOHEXOSE
;;;;2280304;DOSAGEM DE LACTATO
;;;;2280305;DOSAGEM DE LEUCINO-AMINOPEPTIDASE
;;;;2280521;DOSAGEM DE MERCURIO
;;;;2280522;DOSAGEM DE META-HEMOGLOBINA
;;;;2280523;DOSAGEM DE METOTREXATO
;;;;2280194;DOSAGEM DE MICROALBUMINA NA URINA
;;;;2280419;DOSAGEM DE OXALATO
;;;;2280202;DOSAGEM DE PEPTIDEO C
;;;;2280306;DOSAGEM DE PIRUVATO
;;;;2280330;DOSAGEM DE PLASMINOGENIO
;;;;2280307;DOSAGEM DE PORFIRINAS
;;;;2280069;DOSAGEM DE POTASSIO
;;;;2280273;DOSAGEM DE PROTEINA C REATIVA
;;;;2280070;DOSAGEM DE PROTEINAS ( URINA DE 24 HORAS )
;;;;2280544;DOSAGEM DE PROTEINAS NO LIQUIDO SINOVIAL E DERRAMES
;;;;2280169;DOSAGEM DE PROTEINAS TOTAIS
;;;;2280494;DOSAGEM DE RENINA
;;;;2280071;DOSAGEM DE SODIO
;;;;2280267;DOSAGEM DE SOMATOMEDINA C (IGF1)
;;;;2280495;DOSAGEM DE SULFATO DE HIDROEPIANDROSTERONA (DHEAS)
;;;;2280308;DOSAGEM DE TRIPTOFANO
;;;;2280211;DOSAGEM DE TROPONINA
;;;;2280185;DOSAGEM DE ZINCO
;;;;2280188;DOSAGEM DO  ANTIGENO  CA 125
;;;;2280420;DOSAGEM E/OU FRACIONAMENTO DE ACIDOS ORGANICOS
;;;;2280072;EAS - SUMARIO DE URINA
;;;;2280237;ELETROFORESE DE HEMOGLOBINA
;;;;2280238;ELETROFORESE DE LIPOPROTEINAS
;;;;2280236;ELETROFORESE DE PROTEINAS
;;;;2280545;ELETROFORESE DE PROTEINAS C/ CONCENTRACAO NO LIQUOR
;;;;2280154;ERITROGRAMA( ERITROCITOS, HEMOGLOBINA, HEMATOCRITO )
;;;;2280546;ESPECTROFOTOMETRIA NO LIQUIDO AMNIOTICO
;;;;2280547;ESPLENOGRAMA
;;;;2280073;ESTRADIOL
;;;;2280404;EXAME COPROLOGICO FUNCIONAL
;;;;2280548;EXAME DE CARACTERES FISICOS CONTAGEM GLOBAL E ESPECIFICA DE CELULAS
;;;;2280399;EXAME LABORATORIAL PARA DOENÇA DE GAUCHER I
;;;;2280400;EXAME LABORATORIAL PARA DOENÇA DE GAUCHER II
;;;;2280179;EXAME MICROBIOLOGICO A FRESCO ( MICOLOGICO DIRETO)
;;;;2280421;EXAME QUALITATIVO DE CALCULOS URINARIOS
;;;;2280074;FAN - ANTICORPOS ANTI-NUCLEO , IFI
;;;;2280240;FATOR II - DOSAGEM
;;;;2280245;FATOR IX - DOSAGEM
;;;;2280075;FATOR REUMATOIDE , TESTE DO LATEX
;;;;2280076;FATOR RH (INCLUI DO FRACO)
;;;;2280243;FATOR VII - DOSAGEM
;;;;2280244;FATOR VIII - DOSAGEM
;;;;2280246;FATOR X - DOSAGEM
;;;;2280247;FATOR XI - DOSAGEM
;;;;2280248;FATOR XII - DOSAGEM
;;;;2280568;FENOTIPAGEM DE SISTEMA RH - HR
;;;;2280077;FERRITINA
;;;;2280078;FERRO SERICO
;;;;2280079;FOLICULO ESTIMULANTE, HORMONIO - FSH
;;;;2280080;FOSFATASE ALCALINA
;;;;2280082;GAMA-GLUTAMIL TRANSFERASE - GAMA GT
;;;;2280309;GASOMETRIA (PH PCO2 PO2 BICARBONATO AS2 (EXCESSO OU DEFICIT BASE )
;;;;2280083;GLICEMIA DE JEJUM
;;;;2280084;GLICEMIA POS PRANDIAL
;;;;2280085;GONADOTROFINA CORIONICA - BETA  HCG
;;;;2280086;GRUPO ABO - DETERMINACAO
;;;;2280088;HAV- IGG  ANTICORPOS  IGG CONTRA O VIRUS DA HEPATITE A
;;;;2280089;HAV-IGM   ANTICORPOS  IGM CONTRA O VIRUS DA HEPATITE A
;;;;2280090;HBEAG - ANTIGENO E DA HEPATITE B
;;;;2280092;HEMATOCRITO
;;;;2280450;HEMOCULTURA
;;;;2280094;HEMOGLOBINA GLICOSILADA
;;;;2280095;HEMOGRAMA COMPLETO
;;;;2280096;HERPES SIMPLES , PESQUISA DE ANTICORPOS, IGG
;;;;2280097;HERPES SIMPLES , PESQUISA DE ANTICORPOS, IGM
;;;;2280098;HERPES ZOSTER , PESQUISA DE ANTICORPOS , IGM
;;;;2280099;HERPES ZOSTER , PESQUISA DE ANTICORPOS, IGG
;;;;2280160;HORMONIO DE CRESCIMENTO - HGH
;;;;2280180;IDENTIFICAÇAO AUTOMATIZADA DE MICRORGANISMOS
;;;;2280569;IDENTIFICACAO DE ANTICORPOS SERICOS IRREGULARES C/ PAINEL DE HEMACIAS
;;;;2280405;IDENTIFICACAO DE FRAGMENTOS DE HELMINTOS
;;;;2280204;IMUNOELETROFORESE DE PROTEINAS
;;;;2280343;IMUNOFENOTIPAGEM DE HEMOPATIAS MALIGNAS (POR MARCADOR)
;;;;2280101;INSULINA
;;;;2280156;LEUCOGRAMA
;;;;2280102;LH LUTEINIZANTE HORMONIO
;;;;2280232;LINFOCITOS B , CONTAGEM
;;;;2280103;LIPASE
;;;;2280104;LITIO SERICO
;;;;2280105;MAGNESIO
;;;;2280258;MAGNESIO URINARIO
;;;;2280549;MIELOGRAMA
;;;;2280106;MUCO PROTEINAS
;;;;2280107;PARASITOLOGICO (METODOS DE CONCENTRACAO)
;;;;2280111;PARATORMONIO - DOSAGEM
;;;;2280451;PEQUISA DE PNEUMOCYSTI CARINI
;;;;2280422;PESQUISA / DOSAGEM DE AMINOACIDOS (POR CROMATOGRAFIA)
;;;;2280423;PESQUISA DE ALCAPTONA NA URINA
;;;;2280424;PESQUISA DE AMINOACIDOS NA URINA
;;;;2280192;PESQUISA DE ANTICORPO IGG ANTICARDIOLIPINA
;;;;2280193;PESQUISA DE ANTICORPO IGM ANTICARDIOLIPINA
;;;;2280347;PESQUISA DE ANTICORPOS ANTIADENOVIRUS
;;;;2280348;PESQUISA DE ANTICORPOS ANTIAMEBAS
;;;;2280349;PESQUISA DE ANTICORPOS ANTIASPERGILLUS
;;;;2280440;PESQUISA DE ANTICORPOS ANTIBRUCELAS
;;;;2280350;PESQUISA DE ANTICORPOS ANTICISTICERCO
;;;;2280351;PESQUISA DE ANTICORPOS ANTICLAMIDIA (POR IMUNOFLUORESCENCIA)
;;;;2280352;PESQUISA DE ANTICORPOS ANTICORTEX SUPRARENAL
;;;;2280191;PESQUISA DE ANTICORPOS ANTI-DNA
;;;;2280353;PESQUISA DE ANTICORPOS ANTIEQUINOCOCOS
;;;;2280228;PESQUISA DE ANTICORPOS ANTIESCLERODERMA (SCL 70)
;;;;2280354;PESQUISA DE ANTICORPOS ANTIESPERMATOZOIDES
;;;;2280550;PESQUISA DE ANTICORPOS ANTIESPERMATOZOIDES ( ELISA )
;;;;2280441;PESQUISA DE ANTICORPOS ANTIESTREPTOLISINA O (ASLO)
;;;;2280355;PESQUISA DE ANTICORPOS ANTIFIGADO
;;;;2280356;PESQUISA DE ANTICORPOS ANTIGLOMERULO
;;;;2280344;PESQUISA DE ANTICORPOS ANTI-HELICOBACTER PYLORI
;;;;2280345;PESQUISA DE ANTICORPOS ANTI-HIV-1 (WESTERN BLOT)
;;;;2280357;PESQUISA DE ANTICORPOS ANTIILHOTA DE LANGERHANS
;;;;2280358;PESQUISA DE ANTICORPOS ANTIINSULINA
;;;;2280359;PESQUISA DE ANTICORPOS ANTILEPTOSPIRAS
;;;;2280360;PESQUISA DE ANTICORPOS ANTILISTERIA
;;;;2280361;PESQUISA DE ANTICORPOS ANTIMITOCONDRIA
;;;;2280362;PESQUISA DE ANTICORPOS ANTIMUSCULO ESTRIADO
;;;;2280363;PESQUISA DE ANTICORPOS ANTIMUSCULO LISO
;;;;2280364;PESQUISA DE ANTICORPOS ANTIPARIETAIS
;;;;2280365;PESQUISA DE ANTICORPOS ANTIPLASMODIOS
;;;;2280205;PESQUISA DE ANTICORPOS ANTI-RIBONUCLEOPROTEINA (RNP)
;;;;2280346;PESQUISA DE ANTICORPOS ANTI-SCHISTOSOMAS
;;;;2280206;PESQUISA DE ANTICORPOS ANTI-SM
;;;;2280189;PESQUISA DE ANTICORPOS ANTI-SS-A (RO)
;;;;2280190;PESQUISA DE ANTICORPOS ANTI-SS-B (LA)
;;;;2280277;PESQUISA DE ANTICORPOS ANTITIREOGLOBULINA
;;;;2280366;PESQUISA DE ANTICORPOS CONTRA HISTOPLASMA
;;;;2280367;PESQUISA DE ANTICORPOS CONTRA O SPOROTRIX SCHENKII
;;;;2280368;PESQUISA DE ANTICORPOS CONTRA O VIRUS DA HEPATITE D (ANTI-HDV)
;;;;2280369;PESQUISA DE ANTICORPOS CONTRA O VIRUS DO SARAMPO
;;;;2280158;PESQUISA DE ANTICORPOS CONTRA PARACOCCIDIOIDES BRASILIENSIS
;;;;2280370;PESQUISA DE ANTICORPOS E/OU ANTIGENO DO VIRUS SINCICIAL RESPIRATORIO
;;;;2280371;PESQUISA DE ANTICORPOS EIE ANTICLAMIDIA
;;;;2280170;PESQUISA DE ANTICORPOS HETEROFILOS CONTA O VIRUS EPSTEIN BARR (MONONUCLEOSE)
;;;;2280373;PESQUISA DE ANTICORPOS IGG ANTILEISHMANIAS
;;;;2280115;PESQUISA DE ANTICORPOS IGG ANTITRIPANOSOMA CRUZI
;;;;2280376;PESQUISA DE ANTICORPOS IGG CONTRA ARBOVIRUS
;;;;2280199;PESQUISA DE ANTICORPOS IGG CONTRA O VIRUS EPSTEIN-BARR
;;;;2280375;PESQUISA DE ANTICORPOS IGG E IGM CONTRA ANTIGENO CENTRAL DO VIRUS DA HEPATITE B (ANTI-HBC-TOTAL)
;;;;2280378;PESQUISA DE ANTICORPOS IGM ANTILEISHMANIAS
;;;;2280116;PESQUISA DE ANTICORPOS IGM ANTITRIPANOSOMA CRUZI
;;;;2280381;PESQUISA DE ANTICORPOS IGM CONTRA ARBOVIRUS
;;;;2280198;PESQUISA DE ANTICORPOS IGM CONTRA O VIRUS EPSTEIN-BARR
;;;;2280570;PESQUISA DE ANTICORPOS IRREGULARES PELO METODO DA ELUICAO
;;;;2280571;PESQUISA DE ANTICORPOS SERICOS IRREGULARES 37OC
;;;;2280572;PESQUISA DE ANTICORPOS SERICOS IRREGULARES A FRIO
;;;;2280331;PESQUISA DE ATIVIDADE DO COFATOR DE RISTOCETINA
;;;;2280452;PESQUISA DE BACILO DIFTERICO
;;;;2280425;PESQUISA DE BETA-MERCAPTO-LACTATO-DISSULFIDURIA
;;;;2280457;PESQUISA DE CADEIAS LEVES KAPPA E LAMBDA
;;;;2280552;PESQUISA DE CARACTERES FISICOS NO LIQUOR
;;;;2280553;PESQUISA DE CELULAS ORANGIOFILAS
;;;;2280458;PESQUISA DE CISTINA NA URINA
;;;;2280459;PESQUISA DE COPROPORFIRINA NA URINA
;;;;2280332;PESQUISA DE CORPUSCULOS DE HEINZ
;;;;2280383;PESQUISA DE CRIOGLOBULINAS
;;;;2280554;PESQUISA DE CRISTAIS C/ LUZ POLARIZADA
;;;;2280406;PESQUISA DE ENTEROBIUS VERMICULARES (OXIURUS OXIURA)
;;;;2280407;PESQUISA DE EOSINOFILOS
;;;;2280460;PESQUISA DE ERROS INATOS DO METABOLISMO NA URINA
;;;;2280195;PESQUISA DE ESPERMATOZOIDES (APOS VASECTOMIA)
;;;;2280453;PESQUISA DE ESTREPTOCOCOS BETA-HEMOLITICOS DO GRUPO A
;;;;2280629;PESQUISA DE FATOR REUMATOIDE (WAALER-ROSE)
;;;;2280461;PESQUISA DE FENIL-CETONA NA URINA
;;;;2280333;PESQUISA DE FILARIA
;;;;2280462;PESQUISA DE FRUTOSE NA URINA
;;;;2280463;PESQUISA DE GALACTOSE NA URINA
;;;;2280159;PESQUISA DE GORDURA FECAL
;;;;2280454;PESQUISA DE HAEMOPHILUS DUCREY
;;;;2280255;PESQUISA DE HELICOBACTER PYLORI
;;;;2280263;PESQUISA DE HEMOGLOBINA S
;;;;2280464;PESQUISA DE HOMOCISTINA NA URINA
;;;;2280625;PESQUISA DE IMUNOGLOBULINA E (IGE) ALERGENO- ESPECÍFICA - 07
;;;;2280626;PESQUISA DE IMUNOGLOBULINA E (IGE) ALERGENO- ESPECÍFICA - 08
;;;;2280628;PESQUISA DE IMUNOGLOBULINA E (IGE) ALERGENO- ESPECÍFICA - 10
;;;;2280385;PESQUISA DE IMUNOGLOBULINA E (IGE) ALERGENO-ESPECIFICA - 01
;;;;2280386;PESQUISA DE IMUNOGLOBULINA E (IGE) ALERGENO-ESPECIFICA - 02
;;;;2280387;PESQUISA DE IMUNOGLOBULINA E (IGE) ALERGENO-ESPECIFICA - 03
;;;;2280388;PESQUISA DE IMUNOGLOBULINA E (IGE) ALERGENO-ESPECIFICA - 04
;;;;2280389;PESQUISA DE IMUNOGLOBULINA E (IGE) ALERGENO-ESPECIFICA - 05
;;;;2280390;PESQUISA DE IMUNOGLOBULINA E (IGE) ALERGENO-ESPECIFICA - 06
;;;;2280465;PESQUISA DE LACTOSE NA URINA
;;;;2280279;PESQUISA DE LARVAS NAS FEZES
;;;;2280532;PESQUISA DE LEPTOSPIRAS
;;;;2280161;PESQUISA DE LEUCOCITOS FECAIS
;;;;2280408;PESQUISA DE LEVEDURAS NAS FEZES
;;;;2280504;PESQUISA DE MACROPROLACTINA
;;;;2280466;PESQUISA DE MUCOPOLISSACARIDEOS NA URINA
;;;;2280409;PESQUISA DE OVOS DE SCHISTOSOMAS (EM FRAGMENTO DE MUCOSA)
;;;;2280467;PESQUISA DE PORFOBILINOGENIO NA URINA
;;;;2280468;PESQUISA DE PROTEINAS URINARIAS (POR ELETROFORESE)
;;;;2280555;PESQUISA DE RAGOCITOS NO LIQUIDO SINOVIAL E DERRAMES
;;;;2280212;PESQUISA DE ROTAVIRUS NAS FEZES
;;;;2280117;PESQUISA DE SANGUE OCULTO NAS FEZES
;;;;2280410;PESQUISA DE SUBSTANCIAS REDUTORAS NAS FEZES
;;;;2280469;PESQUISA DE TIROSINA NA URINA
;;;;2280280;PESQUISA DE TREPONEMA PALLIDUM
;;;;2280334;PESQUISA DE TRIPANOSSOMA
;;;;2280411;PESQUISA DE TRIPSINA NAS FEZES
;;;;2280412;PESQUISA DE TROFOZOITAS NAS FEZES
;;;;2280685;PESQUISA LABORATORIAL ANTIGENO SUPERFICIE VIRUS HEPATITE B(HBSAG) EXCETO GESTANTE PARCEIRO
;;;;2280691;PESQUISA LABORATORIAL ANTIGENOS HIV-ANTICORPOS ANTI-HIV-1/ ANTI-HIV-2 EXCETO GESTANTE PARCEIRO
;;;;2280688;PESQUISA LABORATORIAL D/ ANTICORPOS CONTRA VIRUS D/HEPATITE C(ANTI-HCV) POP/GESTANTE E PARCEIROS
;;;;2280694;PESQUISA LABORATORIAL D/ANTICORPOS ANTI-HTLV-1+HTLV-2 P/POPULACAO EXCETO GESTANTE , PARCEIROS
;;;;2280118;PROGESTERONA
;;;;2280119;PROLACTINA
;;;;2280120;PROTEINA C REATIVA, DETERMINACAO QUANTITATIVA
;;;;2280121;PROTEINAS TOTAIS E FRACOES
;;;;2280455;PROVA CONFIRMATÓRIA DA PRESENÇA DE MICRO-ORGANISMOS COLIFORMES
;;;;2280310;PROVA DA D-XILOSE
;;;;2280335;PROVA DE CONSUMO DE PROTROMBINA
;;;;2280470;PROVA DE DILUICAO (URINA)
;;;;2280196;PROVA DE PROGRESSAO ESPERMATICA (CADA)
;;;;2280123;PROVA DO LACO
;;;;2280556;PROVA DO LATEX P/ HAEMOPHILLUS INFLUENZAE, STREPTOCOCCUS PNEUMONIAE, NEISSERIA MENINGITIDIS (SOROTIP
;;;;2280557;PROVA DO LATEX P/ PESQUISA DO FATOR REUMATOIDE
;;;;2280391;PROVAS DE PRAUSNITZ-KUSTNER (PK)
;;;;2280392;PROVAS IMUNO-ALERGICAS BACTERIANAS
;;;;2280124;PSA LIVRE
;;;;2280126;PSA TOTAL
;;;;2280566;QUANTIFICAÇÃO/AMPLIFICAÇÃO DO HER-2
;;;;2280336;RASTREIO P/ DEFICIENCIA DE ENZIMAS ERITROCITARIAS
;;;;2280394;REACAO DE MONTENEGRO ID
;;;;2280558;REACAO DE PANDY
;;;;2280559;REACAO DE RIVALTA NO LIQUIDO SINOVIAL E DERRAMES
;;;;2280162;RETICULOCITOS - CONTAGEM
;;;;2280127;RETRACAO DO COAGULO
;;;;2280128;RUBEOLA , ANTICORPOS IGG
;;;;2280129;RUBEOLA , ANTICORPOS IGM
;;;;2280599;SODIO ( NA URINA 24 HORAS)
;;;;2280703;TESTE CONFIRMATORIO C/ PESQUISA D/ ANTICORPOS ANTI-HTLV-1+ANTI-HTLV-2 EXCETO GESTANTE PARCEIRO
;;;;2280337;TESTE DE AGREGACAO DE PLAQUETAS
;;;;2280560;TESTE DE CLEMENTS
;;;;2280499;TESTE DE ESTIMULO COM GNRH OU COM AGONISTA GNRH
;;;;2280497;TESTE DE ESTIMULO DA PROLACTINA / TSH APOS TRH
;;;;2280498;TESTE DE ESTIMULO DA PROLACTINA APOS CLORPROMAZINA
;;;;2280500;TESTE DE ESTIMULO DO HGH APOS GLUCAGON
;;;;2280561;TESTE DE GASTROACIDOGRAMA - SECRECAO BASAL POR 60 EM 4 AMOSTRAS
;;;;2280338;TESTE DE HAM (HEMOLISE ACIDA)
;;;;2280562;TESTE DE HOLLANDER NO SUCO GASTRICO
;;;;2280501;TESTE DE SUPRESSAO DO CORTISOL APOS DEXAMETASONA
;;;;2280502;TESTE DE SUPRESSAO DO HGH APOS GLICOSE
;;;;2280311;TESTE DE TOLERANCIA A INSULINA / HIPOGLICEMIANTES ORAIS
;;;;2280130;TESTE DE VDRL P/ DETECCAO DE SIFILIS
;;;;2280503;TESTE P/ INVESTIGACAO DO DIABETES INSIPIDUS
;;;;2280395;TESTES ALERGICOS DE CONTATO
;;;;2280396;TESTES CUTANEOS DE LEITURA IMEDIATA
;;;;2280131;TESTOSTERONA LIVRE
;;;;2280132;TESTOSTERONA TOTAL
;;;;2280133;TGO
;;;;2280134;TGP
;;;;2280135;TIREOGLOBULINA
;;;;2280136;TIROXINA - T4
;;;;2280137;TIROXINA LIVRE (T4 LIVRE)
;;;;2280573;TITULACAO DE ANTICORPOS ANTI A E/OU ANTI B
;;;;2280138;TOXOPLASMOSE  IFI-IGG
;;;;2280139;TOXOPLASMOSE IFI (IGM)
;;;;2280140;TRANSFERRINA
;;;;2280141;TRIGLICERIDEOS
;;;;2280142;TRIIODOTIRONINA -  T3
;;;;2280143;TSH - HORMONIO ESTIMULANTE TIREOIDE
;;;;2280144;UREIA
;;;;2280145;UREIA, DOSAGEM EM URINA DE 24 HS
;;;;2280146;VDRL P/ DETECCAO DE SIFILIS EM GESTANTE
;;;;2280147;VELOCIDADE DE HEMOSSEDIMENTACAO (VHS)
;;;;2280148;VITAMINA B12
;;1101000;GRUPO - PATOLOGIA CLINICA (EXAMES DE LABORATORIO);;
;;;;1101457;(PESQUISA/DOSAGEM) CROMATOGRAFIA DE AMINOACIDOS
;;;;1101957;17 ALFA HIDROXI PROGESTERONA
;;;;1101936;17 HIDROXICORTICOSTEROIDES
;;;;1101935;17-CETOSTEROIDES TOTAIS ( 17-CTS )
;;;;1101523;25 HIDROXIVITAMINA D (25 OHD)
;;;;1101815;5 NUCLEOTIDASE
;;;;1101001;ACETONA
;;;;1101700;ACIDO ASCORBICO
;;;;1101002;ACIDO CITRICO
;;;;1101446;ACIDO DELTA AMINOLEVULINICO
;;;;1101441;ACIDO HIPURICO
;;;;1101828;ACIDO LATICO
;;;;1101440;ACIDO MANDELICO
;;;;1101492;ACIDO METIL HIPURICO - PESQUISA (URINA)
;;;;1101829;ACIDO OXALICO
;;;;1101830;ACIDO PIRUVICO
;;;;1101003;ACIDO URICO
;;;;1101004;ACIDO URICO (LIQUIDO SINOVIAL E DERRAMES)
;;;;1101855;ACIDO VALPROICO
;;;;1101940;ACIDO VANIL MANDELICO
;;;;1101879;ACIDOS ORGANICOS, DOSAGEM
;;;;1101491;ADDIS , CONTAGEM
;;;;1101929;ADENOGRAMA
;;;;1101961;ADRENOCORTICOTROFICO, HORMONIO - ACTH
;;;;1101490;ALCAPTONURIA , PESQUISA
;;;;1101832;ALDOLASE
;;;;1101947;ALDOSTERONA
;;;;1101836;ALFA 1 ANTITRIPSINA
;;;;1101837;ALFA 1 GLICOPROTEINA ACIDA
;;;;1101838;ALFA 2 MACROGLOBULINA
;;;;1101701;ALFA FETO PROTEINA
;;;;1101702;ALUMINIO SERICO
;;;;1101005;AMILASE
;;;;1101468;AMINOACIDOS TOTAIS , PESQUISA
;;;;1101756;AMONIA
;;;;1101941;AMP  CICLICO
;;;;1101958;ANDROSTENEDIONA
;;;;1101857;ANFETAMINA
;;;;1101703;ANTI HBC - IGG ANTICORPOS IGG CONTRA ANTIGENO C DA HEPATITE B
;;;;1101704;ANTI HBC - IGM ANTICORPOS IGM CONTRA ANTIGENO C DA HEPATITE B
;;;;1101705;ANTI HBE - ANTICORPOS CONTRA ANTIGENO E DA HEPATITE B
;;;;1101006;ANTI HBS - ANTICORPOS CONTRA ANTIGENO S DA HEPATITE B
;;;;1101706;ANTI HCV  ANTICORPOS CONTRA O VIRUS DA HEPATITE C
;;;;1101007;ANTIBIOGRAMA
;;;;1101343;ANTIBIOGRAMA C/ CONCENTRACAO INIBITORIA MINIMA
;;;;1101344;ANTIBIOGRAMA P/ MICOBACTERIAS
;;;;1101707;ANTI-CARDIOLIPINA  IGG - EIE
;;;;1101708;ANTI-CARDIOLIPINA, IGM - EIE
;;;;1101898;ANTICOAGULANTE CIRCULANTE - DOSAGEM
;;;;1101180;ANTICORPOS  ANTI-CORTEX SUPRARENAL , IFI
;;;;1101284;ANTICORPOS  IGM CONTRA O VIRUS EPSTEIN-BARR
;;;;1101899;ANTICORPOS ANTI A E/OU ANTI B - PESQUISA
;;;;1101258;ANTICORPOS ANTI HIV  ( WESTERN BLOT)
;;;;1101009;ANTICORPOS ANTI MICROSSOMAL (TIREOIDEANO) - IFI
;;;;1101872;ANTICORPOS ANTIESPERMATOZOIDES ( ELISA )
;;;;1101177;ANTICORPOS ANTI-FIGADO , IFI
;;;;1101176;ANTICORPOS ANTI-GLOMERULO- IFI
;;;;1101175;ANTICORPOS ANTI-ILHOTA DE LANGHERANS- IFI
;;;;1101282;ANTICORPOS ANTI-INSULINA
;;;;1101281;ANTICORPOS ANTI-MUSCULO ESTRIADO
;;;;1101298;ANTICORPOS ANTI-MUSCULO LISO (IFI)
;;;;1101760;ANTICORPOS ANTI-PLAQUETARIOS - DETERMINACAO
;;;;1101709;ANTICORPOS ANTI-SM
;;;;1101280;ANTICORPOS ANTI-SS-A ( RO ) - EIE
;;;;1101279;ANTICORPOS ANTI-SS-B ( LA ) - EIE
;;;;1101010;ANTICORPOS ANTI-TIREOGLOBULINA, EIE
;;;;1101750;ANTICORPOS IGG  CONTRA O VIRUS EPSTEIN-BARR
;;;;1101932;ANTICORPOS IRREGULARES PELO METODO ELUICAO/PESQUISA
;;;;1101900;ANTICORPOS SERICOS  IRREGULARES - MEIO SALINO - 37ø - PESQUI
;;;;1101901;ANTICORPOS SERICOS IRREGULARES A FRIO - PESQUISA
;;;;1101933;ANTICORPOS SERICOS IRREGULARES COM PAINEL DE HEMACIAS - IDEN
;;;;1101012;ANTIESTREPTOLISINA O ( ASLO ) , DETERMINACAO QUANTITATIVA
;;;;1101267;ANTI-HDV - ANTICORPOS CONTRA O VIRUS DA HEPATITE D
;;;;1101295;ASPERGILUS , RFC
;;;;1101013;BACILO DUCREY (PESQUISA)
;;;;1101206;BACILOSCOPIA DIRETA P/ BAAR (HANSENIASE)
;;;;1101207;BACILOSCOPIA DIRETA P/ BAAR TUBERCULOS (CONTROLE)
;;;;1101205;BACILOSCOPIA DIRETA P/ BAAR TUBERCULOSE (DIAGNOSTICA)
;;;;1101389;BACTERIAS ANAEROBICAS , CULTURA
;;;;1101017;BACTEROSCOPIA (POR LAMINA)
;;;;1101871;BARBITURATOS
;;;;1101714;BETA 2 MICROGLOBULINA
;;;;1101489;BETA MERCAPTO-LACTATO-DISULFIDURIA , PESQUISA
;;;;1101018;BILIRRUBINA TOTAL E FRACOES
;;;;1101411;CA 125 (OV)
;;;;1101466;CADEIAS LEVES:  KAPA E LAMBDA, PESQUISA
;;;;1101599;CADMIO
;;;;1101200;CALCEMIA
;;;;1101019;CALCIO
;;;;1101020;CALCIO IONIZAVEL
;;;;1101962;CALCITONINA
;;;;1101201;CALCIURIA 24H
;;;;1101465;CALCULOS URINARIOS , EXAME QUALITATIVO
;;;;1101021;CAPACIDADE DE FIXACAO DO FERRO
;;;;1101606;CARBAMAZEPINA
;;;;1101902;CARBOXIHEMOGLOBINA - DETERMINACAO
;;;;1101453;CARIOTIPO COM TECNICAS DE BANDA EM CULTURA DE LONGA DURACAO
;;;;1101454;CARIOTIPO EM MEDULA OSSEA E VILOSIDADES CORIONICAS  COM TECNICAS DE BANDA
;;;;1101455;CARIOTIPO EM SANGUE PERIFERICO COM TECNICAS DE BANDA
;;;;1101817;CAROTENO
;;;;1101264;CEA (ANTIGENO CARCINOEMBRIOGENICO)
;;;;1101107;CELULAS LE - PESQUISA
;;;;1101839;CERULOPLASMINA
;;;;1101023;CHAGAS , IFI
;;;;1101598;CHUMBO
;;;;1101860;CICLOSPORINA
;;;;1101064;CITOMEGALOVIRUS , IFI (IGG)
;;;;1101065;CITOMEGALOVIRUS , IFI (IGM)
;;;;1101919;CITOQUIMICA HEMATOLOGICA
;;;;1101027;CLAMIDIA (EIE)
;;;;1101388;CLAMIDIA,  CITOLOGIA
;;;;1101030;CLEARANCE DE CREATININA
;;;;1101820;CLEARANCE DE FOSFATO
;;;;1101031;CLEARANCE DE UREIA
;;;;1101821;CLEARANCE OSMOLAR
;;;;1101254;CLEMENTS , TESTE DE
;;;;1101032;CLORETO
;;;;1101597;COBRE
;;;;1101036;COLESTEROL ( LDL)
;;;;1101035;COLESTEROL (HDL)
;;;;1101038;COLESTEROL TOTAL
;;;;1101039;COLINESTERASE
;;;;1101783;COMPLEMENTO ( CH50 ) , DOSAGEM
;;;;1101742;COMPLEMENTO C3 , IDR
;;;;1101716;COMPLEMENTO C4 , IDR
;;;;1101903;CONSUMO DE PROTROMBINA
;;;;1101247;CONTAGEM ESPECIFICA DE CELULAS (LIQUOR)
;;;;1101246;CONTAGEM GLOBAL DE CELULAS (LIQUOR)
;;;;1101800;CORTISOL -  CADA AMOSTRA - MAXIMO 3 DOSAGENS
;;;;1101045;CREATININA
;;;;1101046;CREATININA - DOSAGEM - LIQUIDO AMNIOTICO
;;;;1101833;CREATINOFOSFOQUINASE - FRACAO MB
;;;;1101981;CRIOAGLUTININA - DOSAGEM
;;;;1101983;CRIOGLOBULINAS,  PESQUISA
;;;;1101250;CRISTAIS COM LUZ POLARIZADA, PESQUISA DE
;;;;1101458;CROMATOGRAFIA DE ACUCARES (MELITURIA)
;;;;1101399;CULTURA DE LEITE MATERNO POS PASTEURIZACAO
;;;;1101234;CULTURA PARA BAAR
;;;;1101051;CULTURA PARA IDENTIFICACAO DE BACTERIAS
;;;;1101063;CULTURA PARA IDENTIFICACAO DE FUNGOS
;;;;1101398;CULTURAS AUTOMATIZADAS
;;;;1101052;CURVA GLICEMICA -  2 DOSAGENS-ORAL
;;;;1101718;CURVA GLICEMICA  5 DOSAGENS INDUCAO POR CORTISONA
;;;;1101053;CURVA GLICEMICA CLASSICA 5 DOSAGENS-ORAL
;;;;1101849;CURVA GLICEMICA POR INDUCAO COM CORTISONA - 4 DOSAGENS
;;;;1101795;DEHIDROEPIANDROSTERONA - DHEA
;;;;1101948;DEHIDROEPIANDROSTERONA -SULFATO DE
;;;;1101840;DESIDROGENASE ALFA-HIDROXIBUTIRICA
;;;;1101841;DESIDROGENASE GLUTAMICA
;;;;1101054;DESIDROGENASE LATICA
;;;;1101834;DESIDROGENASE LATICA - ISOENZIMAS FRACIONADAS
;;;;1101354;DETECCAO DE RNA DO HIV-1 (QUALITATIVO)
;;;;1101853;DETERMINACAO DE CROMATOGRAFIA DE AMINOACIDOS
;;;;1101694;DETERMINACAO DE FOSFOLIPIDIOS RELACAO LECITINA - ESFINGOMIELINA NO LIQUIDO AMNIOTICO
;;;;1101335;DETERMINACAO DE INDICE DE TIROXINA LIVRE
;;;;1101346;DETERMINACAO DE RETENCAO DE T3
;;;;1101347;DETERMINACAO DE T3 REVERSO
;;;;1101614;DETERMINACAO DE TEMPO DE COAGULACAO
;;;;1101154;DETERMINACAO DO TEMPO DE SANGRAMENTO ( DUKE) )
;;;;1101878;DIGESTIBILIDADE - PROVA DE
;;;;1101949;DIHIDROTESTOTERONA - DHT
;;;;1101219;DOSAGEM DE ANTICORPOS ANTITRANSGLUTAMINAISE RECOMBINANTE HUMANO IGA
;;;;1101664;DOSAGEM DE ANTITROMBINA III
;;;;1101047;DOSAGEM DE CREATINOFOSFOQUINASE (CPK)
;;;;1101665;DOSAGEM DE FATOR V
;;;;1101666;DOSAGEM DE FATOR VII
;;;;1101313;DOSAGEM DE FATOR VON WILLEBRAND (ANTIGENO)
;;;;1101667;DOSAGEM DE FATOR X
;;;;1101501;DOSAGEM DE FOLATO
;;;;1101560;DOSAGEM DE GLOBULINA TRANSPORTADORA DE TIROXINA
;;;;1101056;DOSAGEM DE HEMOGLOBINA
;;;;1101332;DOSAGEM DE IMUNOGLOBULINA A (IGA)
;;;;1101209;DOSAGEM DE IMUNOGLOBULINA E (IGE)
;;;;1101212;DOSAGEM DE IMUNOGLOBULINA M (IGM)
;;;;1101757;DOSAGEM DE MICROALBUMINA NA URINA
;;;;1101520;DOSAGEM DE PEPTIDEO C
;;;;1101122;DOSAGEM DE POTASSIO
;;;;1101146;DOSAGEM DE SODIO
;;;;1101764;ELETROFORESE DE HEMOGLOBINA - FOCALIZACAO ISOELETRICA
;;;;1101844;ELETROFORESE DE LIPOPROTEINAS
;;;;1101765;ELETROFORESE DE PROTEINAS
;;;;1101239;ELETROFORESE DE PROTEINAS COM CONCENTRACAO (LIQUOR)
;;;;1101456;ELETROFORESE DE PROTEINAS URINARIAS COM CONCENTRACAO
;;;;1101904;ENZIMAS ERITROCITARIAS  DETERMINACAO - CADA
;;;;1101894;ENZIMAS ERITROCITARIAS - RASTREIO PARA DEFICIENCIA DE
;;;;1101057;EOSINOFILOS -  PESQUISA
;;;;1101058;ERITROGRAMA( ERITROCITOS, HEMOGLOBINA, HEMATOCRITO )
;;;;1101251;ESPECTROFOTOMETRIA (LIQUIDO AMNIOTICO)
;;;;1101060;ESPERMOGRAMA (CARACTERES FISICOS, MOBILIDADE, CONTAGEM E MOR
;;;;1101920;ESPLENOGRAMA
;;;;1101874;ESTERCOBILINOGENIO FECAL - DOSAGEM
;;;;1101190;ESTRADIOL
;;;;1101950;ESTRIOL
;;;;1101943;ESTRONA
;;;;1101062;EXAME CARACTERES FISICOS  CONTAGEM GLOBAL E ESPECIFICA DE CELULAS
;;;;1101719;EXAME DE FRAGMENTOS/PARTES DE HELMINTOS PARA IDENTIFICACAO
;;;;1101061;EXAME MICROBIOLOGICO A FRESCO (DIRETO)
;;;;1101743;FAN - ANTICORPOS ANTI-NUCLEO , IFI
;;;;1101911;FATOR IX - DOSAGEM
;;;;1101090;FATOR REUMATOIDE , TESTE DO LATEX
;;;;1101720;FATOR RH (INCLUI DO FRACO)
;;;;1101909;FATOR VIII - DOSAGEM
;;;;1101923;FATOR VIII - DOSAGEM DO INIBIDOR
;;;;1101913;FATOR XI - DOSAGEM
;;;;1101914;FATOR XII - DOSAGEM
;;;;1101915;FATOR XIII - DOSAGEM (UREIA 5M)
;;;;1101485;FENILCETONURIA, PESQUISA
;;;;1101612;FENITOINA
;;;;1101438;FENOL
;;;;1101934;FENOTIPAGEM DO SISTEMA RH-HR
;;;;1101721;FERRITINA
;;;;1101066;FERRO SERICO
;;;;1101055;FIBRINOGENIO - DOSAGEM
;;;;1101075;FOLICULO ESTIMULANTE, HORMONIO - FSH
;;;;1101722;FORMALDEIDO
;;;;1101067;FOSFATASE ACIDA (ESPERMA)
;;;;1101068;FOSFATASE ACIDA TOTAL
;;;;1101069;FOSFATASE ACIDA-FRACAO PROSTATICA
;;;;1101070;FOSFATASE ALCALINA
;;;;1101071;FOSFATASE ALCALINA (ESPERMA)
;;;;1101040;FRACAO DO HEMOGRAMA - PLAQUETAS - CONTAGEM
;;;;1101809;FRUTOSE
;;;;1101074;FRUTOSE (ESPERMA)
;;;;1101483;FRUTOSURIA , PESQUISA
;;;;1101744;FTA-ABS, PARA SIFILIS - IGG
;;;;1101745;FTA-ABS, PARA SIFILIS,  IGM
;;;;1101845;GALACTOSE (ENZIMATICA)
;;;;1101191;GALACTOSE (URINA)
;;;;1101078;GAMA-GLUTAMIL TRANSFERASE - GAMA GT
;;;;1101507;GASOMETRIA (PH, PCO2, PO2, BICARBONATO, SA, 02, EXC. BASE )
;;;;1101944;GASTRINA
;;;;1101773;GLICEMIA POS PRANDIAL
;;;;1101080;GLICOSE
;;;;1101079;GLICOSE (LIQUIDO SINOVIAL E DERRAMES)
;;;;1101767;GLICOSE-6-FOSFATO DESIDROGENASE
;;;;1101081;GONADOTROFINA CORIONICA - BETA  HCG
;;;;1101881;GORDURA FECAL, DOSAGEM DE
;;;;1101723;GRUPO ABO - DETERMINACAO
;;;;1101883;HAM, TESTE DE   ( HEMOLISE ACIDA )
;;;;1101846;HAPTOGLOBINA
;;;;1101724;HAV- IGG  ANTICORPOS  IGG CONTRA O VIRUS DA HEPATITE A
;;;;1101725;HAV-IGM   ANTICORPOS  IGM CONTRA O VIRUS DA HEPATITE A
;;;;1101726;HBEAG - ANTIGENO E DA HEPATITE B
;;;;1101085;HBSAG - ANTIGENO S (SUPERFICIE) DA HEPATITE B
;;;;1101884;HEINZ - PESQUISA DE CORPUSCULOS DE
;;;;1101274;HELICOBACTER  PYLORI -EIE
;;;;1101798;HELICOBACTER PYLORI, PESQUISA DIRETA
;;;;1101924;HEMACIAS- TEMPO DE SOBREVIDA
;;;;1101086;HEMATOCRITO
;;;;1101087;HEMOCULTURA (INCLUI ANTIBIOGRAMA QUANDO NECESSARIO) - POR AM
;;;;1101785;HEMOGLOBINA - INSTABILIDADE A 37 oC
;;;;1101886;HEMOGLOBINA FETAL - DOSAGEM POR DESNATURACAO ALCALINA
;;;;1101088;HEMOGLOBINA GLICOSILADA
;;;;1101089;HEMOGRAMA COMPLETO
;;;;1101887;HEMOSSIDERINA (SIDEROCITOS)  NO  SANGUE E URINA -  PESQUISA
;;;;1101728;HERPES SIMPLES , PESQUISA DE ANTICORPOS, IGG
;;;;1101729;HERPES SIMPLES , PESQUISA DE ANTICORPOS, IGM
;;;;1101397;HERPESVIRUS , CITOLOGIA
;;;;1101396;HERPESVIRUS, CULTURA
;;;;1101498;HOLLANDER , TESTE (SUCO GASTRICO)
;;;;1101480;HOMOCISTINA, PESQUISA (URINA)
;;;;1101945;HORMONIO DE CRESCIMENTO - HGH
;;;;1101289;IGE POR GRUPO ESPECIFICO (1101289)
;;;;1101695;IGE POR GRUPO ESPECIFICO (1101695)
;;;;1101696;IGE POR GRUPO ESPECIFICO (1101696)
;;;;1101697;IGE POR GRUPO ESPECIFICO (1101697)
;;;;1101698;IGE POR GRUPO ESPECIFICO (1101698)
;;;;1101699;IGE POR GRUPO ESPECIFICO (1101699)
;;;;1101266;IMUNOELETROFORESE ( ESTUDO DA GAMOPATIA MONOCLONAL )
;;;;1101265;IMUNOFLUORESCENCIA PARA HIV (IFI)
;;;;1101999;INIBIDOR DE C1 - ESTERASE
;;;;1101937;INSULINA
;;;;1101822;ISOMERASE FOSFOHEXOSE
;;;;1101479;LACTOSURIA , PESQUISA
;;;;1101245;LATEX ( H. INFLUENZAE, S. PNEUMONIEAE, N.MENINGIT. A, B E C)
;;;;1101237;LEPTOSPIRA  PESQUISA
;;;;1101823;LEUCINO AMINOPEPTIDASE
;;;;1101091;LEUCOGRAMA
;;;;1101188;LH LUTEINIZANTE HORMONIO
;;;;1101263;LINFOCITOS B , CONTAGEM
;;;;1101262;LINFOCITOS T , CONTAGEM
;;;;1101092;LIPASE
;;;;1101799;LISTERIA  IFD
;;;;1101095;LITIO SERICO
;;;;1101096;MAGNESIO
;;;;1101198;MALARIA , IFI
;;;;1101476;MERCURIO, PESQUISA (URINA)
;;;;1101916;META-HEMOGLOBINA - DETERMINACAO
;;;;1101867;METHOTREXATE
;;;;1101931;MIELOGRAMA
;;;;1101098;MONONUCLEOSE , SOROLOGIA ( MONOTESTE )
;;;;1101747;MONTENEGRO ( LEISCHMANIOSE ) , ID
;;;;1101099;MUCO PROTEINAS
;;;;1101461;MUCOPOLISSACARIDOSE, PESQUISA
;;;;1101460;OSMOLALIDADE , DETERMINACAO
;;;;1101835;OSMOLARIDADE
;;;;1101243;PANDY , REACAO DE
;;;;1101959;PARATORMONIO - DOSAGEM
;;;;1101104;PESQUISA  SCHISTOSOMA-OVOS-EM FRAGMENTO DE MUCOSA - SEM COLE
;;;;1101669;PESQUISA DE ANTICORPOS ANTIADENOVIRUS
;;;;1101670;PESQUISA DE ANTICORPOS ANTIAMEBAS
;;;;1101570;PESQUISA DE ANTICORPOS ANTIBRUCELAS
;;;;1101349;PESQUISA DE ANTICORPOS ANTICLAMIDIA (POR IMUNOFLUORESCENCIA)
;;;;1101686;PESQUISA DE ANTICORPOS ANTICORPOS ANTI-HTLV-1 (WESTERN-BLOT)
;;;;1101341;PESQUISA DE ANTICORPOS ANTI-DNA
;;;;1101572;PESQUISA DE ANTICORPOS ANTIESCLERODERMA (SCL 70)
;;;;1101008;PESQUISA DE ANTICORPOS ANTI-HIV-1 + HIV-2 (ELISA)
;;;;1101330;PESQUISA DE ANTICORPOS ANTI-HTLV-1 + HTLV-2
;;;;1101653;PESQUISA DE ANTICORPOS ANTILEPTOSPIRA
;;;;1101574;PESQUISA DE ANTICORPOS ANTIMITOCONDRIA
;;;;1101660;PESQUISA DE ANTICORPOS ANTIPARIETAIS
;;;;1101342;PESQUISA DE ANTICORPOS ANTI-SCHISTOSOMAS
;;;;1101673;PESQUISA DE ANTICORPOS CONTRA HISTOPLASMA
;;;;1101203;PESQUISA DE ANTICORPOS CONTRA PARACOCCIDIOIDES BRASILIENSIS
;;;;1101584;PESQUISA DE ANTICORPOS IGG ANTILEISHMANIAS
;;;;1101216;PESQUISA DE ANTICORPOS IGG ANTITRIPANOSOMA CRUZI
;;;;1101337;PESQUISA DE ANTICORPOS IGG CONTRA ARBOVIRUS (DENGUE E FEBRE AMARELA)
;;;;1101661;PESQUISA DE ANTICORPOS IGG CONTRA O VIRUS DA VARICELA-HERPES ZOSTER
;;;;1101676;PESQUISA DE ANTICORPOS IGM ANTILEISHMANIAS
;;;;1101221;PESQUISA DE ANTICORPOS IGM ANTITRIPANOSOMA CRUZI
;;;;1101677;PESQUISA DE ANTICORPOS IGM CONTRA ARBOVIRUS (DENGUE E FEBRE AMARELA)
;;;;1101662;PESQUISA DE ANTICORPOS IGM CONTRA O VIRUS DA VARICELA-HERPES ZOSTER
;;;;1101202;PESQUISA DE ATIVIDADE DO COFATOR DE RISTOCETINA
;;;;1101663;PESQUISA DE BACILO DIFTERICO
;;;;1101608;PESQUISA DE CARACTERES FISICOS NO LIQUOR
;;;;1101253;PESQUISA DE CELULAS ORANGIOFILAS
;;;;1101487;PESQUISA DE CISTINA NA URINA
;;;;1101350;PESQUISA DE CLAMIDIA (POR CAPTURA HIBRIDA)
;;;;1101486;PESQUISA DE COPROPORFIRINA NA URINA
;;;;1101779;PESQUISA DE ELEMENTOS ANORMAIS/SEDIMENTO NA URINA
;;;;1101459;PESQUISA DE ERROS INATOS DO METABOLISMO (INCLUI AMINOACIDOS,
;;;;1101108;PESQUISA DE ESPERMATOZOIDES  APOS VASECTOMIA
;;;;1101579;PESQUISA DE FATOR REUMATOIDE (WAALER  ROSE)
;;;;1101658;PESQUISA DE FILARIA
;;;;1101082;PESQUISA DE GORDURA FECAL
;;;;1101357;PESQUISA DE HEMOGLOBINA S
;;;;1101110;PESQUISA DE LARVAS (METODO DE BAERMANN OU RUGAI)
;;;;1101111;PESQUISA DE LEUCOCITOS FECAIS
;;;;1101112;PESQUISA DE LEVEDURAS
;;;;1101680;PESQUISA DE MACROPROLACTINA
;;;;1101101;PESQUISA DE OVOS E CISTOS DE PARASITAS
;;;;1101149;PESQUISA DE OXIURUS COM  COLETA  POR SWAB ANAL
;;;;1101475;PESQUISA DE PORFOBILINOGENIO NA URINA
;;;;1101116;PESQUISA DE SANGUE OCULTO NAS FEZES
;;;;1101118;PESQUISA DE SUBSTANCIAS REDUTORAS NAS FEZES
;;;;1101353;PESQUISA DE TROFOZOITAS NAS FEZES
;;;;1101926;PLAQUETAS - TESTE DE AGREGACAO POR AGENTE AGREGANTE
;;;;1101917;PLASMINOGENIO - DOSAGEM
;;;;1101826;PORFIRINAS QUANTITATIVAS ( CADA )
;;;;1101771;PROGESTERONA
;;;;1101124;PROLACTINA
;;;;1101103;PROTEINA C REATIVA , PESQUISA
;;;;1101125;PROTEINA C REATIVA, DETERMINACAO QUANTITATIVA
;;;;1101127;PROTEINAS (LIQUIDO SINOVIAL E DERRAMES)
;;;;1101128;PROTEINAS TOTAIS
;;;;1101129;PROTEINAS TOTAIS E FRACOES
;;;;1101126;PROTEINURIA DE 24 HORAS
;;;;1101848;PROVA DA D. XILOSE
;;;;1101474;PROVA DA DILUICAO (URINA)
;;;;1101130;PROVA DE PROGRESSAO ESPERMATICA (CADA)
;;;;1101875;PROVA DE TRIPSINA
;;;;1101131;PROVA DO LACO
;;;;1101587;PROVA DO LATEX P/ PESQUISA DO FATOR REUMATOIDE
;;;;1101964;PROVA DO LH-HR : DOS. FSH (6D): DOS. LH (6D)
;;;;1101938;PROVA PARA INVESTIGACAO DO DIABETES INSIPIDUS
;;;;1101965;PROVA TRH : DOS. PROLACTINA (4D): DOS. DO TSH (4 D)
;;;;1101631;PROVAS DE PRAUSNITZ-KUSTNER (PK)
;;;;1101358;PROVAS IMUNO-ALERGICAS BACTERIANAS
;;;;1101133;PSA (ANTIGENO PROSTATICO ESPECIFICO)
;;;;1101249;RAGOCITOS , PESQUISA DE (LIQUIDO SINOVIAL E DERRAMES)
;;;;1101952;RENINA
;;;;1101888;RESISTENCIA GLOBULAR - CURVA
;;;;1101137;RETICULOCITOS - CONTAGEM
;;;;1101138;RETRACAO DO COAGULO
;;;;1101248;RIVALTA , REACAO DE (LIQUIDO SINOVIAL E DERRAMES)
;;;;1101139;ROTAVIRUS ( FEZES ) , PESQUISA
;;;;1101140;RUBEOLA , ANTICORPOS IGG
;;;;1101748;RUBEOLA , ANTICORPOS IGM
;;;;1101195;SARAMPO , RFC/IFI
;;;;1101939;SEROTONINA - ( ACIDO 5-HIDROXI-INDOL-ACETICO)
;;;;1101746;SOMATOMEDINA C
;;;;1101117;STREPTOCOCUS BETA-HEMOLITICO DO GRUPO A , PESQUISA
;;;;1101889;SULFO-HEMOGLOBINA - DETERMINACAO
;;;;1101890;TEMPO DE LISE DA EUGLOBULINA
;;;;1101155;TEMPO DE SANGRAMENTO DE IVY
;;;;1101896;TEMPO DE TROMBINA
;;;;1101157;TEMPO DE TROMBOPLASTINA PARCIAL ATIVADA (TTP ATIVADA)
;;;;1101158;TEMPO E ATIVIDADE PROTOMBINICA
;;;;1101600;TESTE DE ANTIGLOBULINA HUMANA  ( TIA  )
;;;;1101517;TESTE DE ANTIGLOBULINA HUMANA (TDA )
;;;;1101966;TESTE DE ESTIMULO DO HGH APOS GLUCAGON DOS. DO HGH (4 D) - AP
;;;;1101967;TESTE DE ESTIMULO PELA CLORPROMAZINA DOSAGEM  PROLACTINA (6D
;;;;1101497;TESTE DE GASTROACIDOGRAMA - SECRECAO BASAL POR 60 EM 4 AMOSTRAS
;;;;1101960;TESTE DE SUPRESSAO COM DEXAMETAZONA - DOSAGEM DO CORTISOL(2
;;;;1101968;TESTE DE SUPRESSAO COM SOBRECARGA DE GLICOSE  -  DOSAGEM  HG
;;;;1101791;TESTE DE TOLERANCIA A INSULINA OU HIPOGLICEMIANTES ORAIS
;;;;1101172;TESTE DE VDRL P/ DETECCAO DE SIFILIS
;;;;1101558;TESTES ALERGICOS DE CONTATO
;;;;1101559;TESTES CUTANEOS DE LEITURA IMEDIATA
;;;;1101755;TESTOSTERONA LIVRE
;;;;1101160;TESTOSTERONA TOTAL
;;;;1101736;TIREOGLOBULINA
;;;;1101471;TIROSINOSE , PESQUISA (URINA)
;;;;1101163;TIROXINA - T4
;;;;1101317;TIROXINA LIVRE (T4 LIVRE)
;;;;1101165;TOXOPLASMOSE  IFI-IGG
;;;;1101164;TOXOPLASMOSE IFI (IGM)
;;;;1101161;TRANSAMINASE OXALACETICA (ASPARTATO AMINO TRANSFERASE)
;;;;1101162;TRANSAMINASE PIRUVICA (ALANINA AMINO TRANSFERASE)
;;;;1101166;TRANSFERRINA
;;;;1101235;TREPONEMA ( PALLIDUM ), PESQUISA
;;;;1101167;TRIGLICERIDEOS
;;;;1101168;TRIIODOTIRONINA -  T3
;;;;1101120;TRIPANOSSOMA - PESQUISA
;;;;1101852;TRIPTOFANO
;;;;1101515;TROPONINA (TRP)
;;;;1101787;TSH - HORMONIO TIREOESTIMULANTE
;;;;1101170;UREIA
;;;;1101329;VDRL P/ DETECCAO DE SIFILIS EM GESTANTE
;;;;1101173;VELOCIDADE DE HEMOSSEDIMENTACAO (VHS)
;;;;1101271;VIRUS SINCICIAL RESPIRATORIO , PESQUISA DIRETA -
;;;;1101758;VITAMINA B12
;;;;1101596;ZINCO
;;2400000;GRUPO - PATOLOGIA CLINICA (REGULACAO);;
;;;;2400022;DETECCAO DE RNA DO VIRUS DA HEPATITE C (QUALITATIVO)
;;;;2400023;QUANTIFICACAO DE RNA DO VIRUS DA HEPATITE C
;LABNORTE LABORATORIO DE ANALISES CLINICAS;;;;
;;1200000;GRUPO - ANATOMOPATOLOGIA E CITOPATOLOGIA;;
;;2280000;GRUPO - PATOLOGIA CLINICA (EXAMES DE LABORATORIO 2);;
;;;;2280219;17 ALFA HIDROXI PROGESTERONA
;;;;2280313;ACIDEZ TITULÁVEL NO LEITE HUMANO (DORNIC)
;;;;2280220;ACIDO ASCORBICO
;;;;2280001;ACIDO FOLICO
;;;;2280002;ACIDO URICO
;;;;2280534;ACIDO URICO LIQUIDO NO SINOVIAL E DERRAMES
;;;;2280003;ACIDO URICO URINARIO
;;;;2280535;ADENOGRAMA
;;;;2280004;ADRENOCORTICOTROFICO, HORMONIO - ACTH
;;;;2280225;ALFA 1 ANTITRIPSINA
;;;;2280005;ALFA 1 GLICOPROTEINA ACIDA
;;;;2280226;ALFA FETO PROTEINA
;;;;2280006;AMILASE
;;;;2280007;ANDROSTENEDIONA
;;;;2280009;ANTI HBC - IGM ANTICORPOS IGM CONTRA ANTIGENO C DA HEPATITE B (ANTI-HBC-IGM)
;;;;2280011;ANTI HBE - ANTICORPOS CONTRA ANTIGENO E DA HEPATITE B
;;;;2280012;ANTI HBS - ANTICORPOS CONTRA ANTIGENO S DA HEPATITE B
;;;;2280015;ANTIBIOGRAMA
;;;;2280446;ANTIBIOGRAMA C/ CONCENTRACAO INIBITORIA MINIMA
;;;;2280181;ANTIBIOGRAMA P/ MICOBACTERIAS
;;;;2280613;ANTICORPOS ANTI-PLAQUETARIOS - DETERMINAÇÃO
;;;;2280018;ANTIPEROXIDASE /ANTI TPO
;;;;2280022;BACILOSCOPIA DIRETA P/ BAAR (HANSENIASE)
;;;;2280447;BACILOSCOPIA DIRETA P/ BAAR TUBERCULOS (CONTROLE)
;;;;2280023;BACILOSCOPIA DIRETA P/ BAAR TUBERCULOSE (DIAGNOSTICA)
;;;;2280024;BACTEROSCOPIA (GRAM)
;;;;2280221;BETA 2 MICROGLOBULINA
;;;;2280025;BILIRRUBINA TOTAL E FRACOES
;;;;2280029;CALCIO
;;;;2280030;CALCIO IONIZAVEL
;;;;2280031;CALCIO URINARIO
;;;;2280033;CEA (ANTIGENO CARCINOEMBRIOGENICO)
;;;;2280034;CELULAS LE - PESQUISA
;;;;2280035;CHAGAS , IFI
;;;;2280259;CHUMBO
;;;;2280260;CHUMBO URINARIO
;;;;2280536;CITOLOGIA P/ CLAMIDIA
;;;;2280537;CITOLOGIA P/ HERPESVIRUS
;;;;2280038;CITOMEGALOVIRUS , IFI (IGG)
;;;;2280039;CITOMEGALOVIRUS , IFI (IGM)
;;;;2280314;CITOQUIMICA HEMATOLOGICA
;;;;2280040;CLEARANCE DE CREATININA
;;;;2280413;CLEARANCE DE FOSFATO
;;;;2280414;CLEARANCE DE UREIA
;;;;2280281;CLEARANCE OSMOLAR
;;;;2280041;CLORETO
;;;;2280042;COLESTEROL ( LDL)
;;;;2280043;COLESTEROL (HDL)
;;;;2280045;COLESTEROL TOTAL
;;;;2280229;COMPLEMENTO ( CH50 ) , DOSAGEM
;;;;2280047;COMPLEMENTO C3 , IDR
;;;;2280048;COMPLEMENTO C4 , IDR
;;;;2280415;CONTAGEM DE ADDIS
;;;;2280432;CONTAGEM DE LINFOCITOS T TOTAIS
;;;;2280049;CONTAGEM DE PLAQUETAS
;;;;2280538;CONTAGEM ESPECIFICA DE CELULAS NO LIQUOR
;;;;2280539;CONTAGEM GLOBAL DE CELULAS NO LIQUOR
;;;;2280050;COOMBS  INDIRETO (INCLUI QUANTITATIVO)
;;;;2280051;COOMBS DIRETO
;;;;2280053;CREATININA
;;;;2280054;CREATININA, DOSAGEM EM URINA DE 24 HS
;;;;2280055;CREATINOFOSFOQUINASE - FRACAO MB
;;;;2280164;CULTURA DE BACTERIAS PARA INDENTIFICACAO
;;;;2280448;CULTURA DO LEITE HUMANO (POS-PASTEURIZAÇÃO)
;;;;2280449;CULTURA P/ HERPESVIRUS
;;;;2280210;CULTURA PARA BAAR
;;;;2280165;CULTURA PARA BACTERIAS ANAEROBICAS
;;;;2280057;CULTURA PARA IDENTIFICACAO DE FUNGOS
;;;;2280058;CURVA GLICEMICA CLASSICA 5 DOSAGENS-ORAL
;;;;2280059;DEHIDROEPIANDROSTERONA - DHEA
;;;;2280697;DETECCAO D/ DNA PROVIRAL D/ HTLV-1 E D/ HTLV-2 P/ POPULACAO EXCETO GESTANTE , PARCEIRO E PARCERIA
;;;;2280339;DETECCAO DE ÁCIDOS NUCLEICOS DO HIV-1 (QUALITATIVO)
;;;;2280382;DETECÇÃO DE CLAMÍDIA E GONOCOCO POR BIOLOGIA MOLECULAR
;;;;2280203;DETERMINACAO DE CAPACIDADE DE FIXACAO DO FERRO
;;;;2280563;DETERMINACAO DE CARIOTIPO EM CULTURA DE LONGA DURACAO (C/ TECNICA DE BANDAS)
;;;;2280564;DETERMINACAO DE CARIOTIPO EM MEDULA OSSEA E VILOSIDADES CORIONICAS (C/ TECNICA DE BANDAS)
;;;;2280565;DETERMINACAO DE CARIOTIPO EM SANGUE PERIFERICO (C/ TECNICA DE BANDAS)
;;;;2280312;DETERMINAÇÃO DE CREMATÓCRITO NO LEITE HUMANO ORDENHADO
;;;;2280282;DETERMINACAO DE CROMATOGRAFIA DE AMINOACIDOS
;;;;2280315;DETERMINACAO DE CURVA DE RESISTENCIA GLOBULAR
;;;;2280167;DETERMINACAO DE CURVA GLICEMICA (2 DOSAGENS)
;;;;2280283;DETERMINACAO DE CURVA GLICEMICA C/ INDUCAO POR CORTISONA ( 5 DOSAGENS)
;;;;2280284;DETERMINACAO DE CURVA GLICEMICA C/ INDUCAO POR CORTISONA (4 DOSAGENS)
;;;;2280316;DETERMINACAO DE ENZIMAS ERITROCITARIAS (CADA)
;;;;2280540;DETERMINACAO DE FOSFOLIPIDIOS RELACAO LECITINA - ESFINGOMIELINA NO LIQUIDO AMNIOTICO
;;;;2280485;DETERMINACAO DE INDICE DE TIROXINA LIVRE
;;;;2280416;DETERMINACAO DE OSMOLALIDADE
;;;;2280285;DETERMINACAO DE OSMOLARIDADE
;;;;2280486;DETERMINACAO DE RETENCAO DE T3
;;;;2280317;DETERMINACAO DE SULFO-HEMOGLOBINA
;;;;2280487;DETERMINACAO DE T3 REVERSO
;;;;2280060;DETERMINACAO DE TEMPO DE COAGULACAO
;;;;2280318;DETERMINACAO DE TEMPO DE LISE DA EUGLOBULINA
;;;;2280061;DETERMINACAO DE TEMPO DE SANGRAMENTO ( DUKE )
;;;;2280319;DETERMINACAO DE TEMPO DE SANGRAMENTO DE IVY
;;;;2280320;DETERMINACAO DE TEMPO DE SOBREVIDA DE HEMACIAS
;;;;2280168;DETERMINACAO DE TEMPO DE TROMBINA
;;;;2280062;DETERMINACAO DE TEMPO DE TROMBOPLASTINA PARCIAL  (TTP A)
;;;;2280063;DETERMINACAO DE TEMPO E ATIVIDADE DA PROTROMBINA (TAP)
;;;;2280235;DIHIDROTESTOSTERONA - DHT
;;;;2280398;DOSAGEM DA FRAÇÃO C1Q DO COMPLEMENTO
;;;;2280488;DOSAGEM DE 17-CETOSTEROIDES TOTAIS
;;;;2280489;DOSAGEM DE 17-HIDROXICORTICOSTEROIDES
;;;;2280177;DOSAGEM DE 25 HIDROXIVITAMINA D
;;;;2280286;DOSAGEM DE 5-NUCLEOTIDASE
;;;;2280287;DOSAGEM DE ACETONA
;;;;2280265;DOSAGEM DE ACIDO 5-HIDROXI-INDOL-ACETICO (SEROTONINA)
;;;;2280505;DOSAGEM DE ACIDO DELTA-AMINOLEVULINICO
;;;;2280506;DOSAGEM DE ACIDO HIPURICO
;;;;2280507;DOSAGEM DE ACIDO MANDELICO
;;;;2280508;DOSAGEM DE ACIDO METIL-HIPURICO
;;;;2280509;DOSAGEM DE ACIDO VALPROICO
;;;;2280288;DOSAGEM DE ACIDO VANILMANDELICO
;;;;2280289;DOSAGEM DE ALDOLASE
;;;;2280490;DOSAGEM DE ALDOSTERONA
;;;;2280290;DOSAGEM DE ALFA-2-MACROGLOBULINA
;;;;2280510;DOSAGEM DE ALUMINIO
;;;;2280291;DOSAGEM DE AMONIA
;;;;2280491;DOSAGEM DE AMP CICLICO
;;;;2280511;DOSAGEM DE ANFETAMINAS
;;;;2280321;DOSAGEM DE ANTICOAGULANTE CIRCULANTE
;;;;2280397;DOSAGEM DE ANTICORPOS ANTITRANSGLUTAMINAISE RECOMBINANTE HUMANO IGA
;;;;2280227;DOSAGEM DE ANTITROMBINA III
;;;;2280512;DOSAGEM DE BARBITURATOS
;;;;2280513;DOSAGEM DE CADMIO
;;;;2280492;DOSAGEM DE CALCITONINA
;;;;2280514;DOSAGEM DE CARBAMAZEPINA
;;;;2280515;DOSAGEM DE CARBOXI-HEMOGLOBINA
;;;;2280292;DOSAGEM DE CAROTENO
;;;;2280293;DOSAGEM DE CERULOPLASMINA
;;;;2280516;DOSAGEM DE CICLOSPORINA
;;;;2280418;DOSAGEM DE CITRATO
;;;;2280517;DOSAGEM DE COBRE
;;;;2280294;DOSAGEM DE COLINESTERASE
;;;;2280178;DOSAGEM DE CORTISOL
;;;;2280541;DOSAGEM DE CREATININA NO LIQUIDO AMNIOTICO
;;;;2280066;DOSAGEM DE CREATINOFOSFOQUINASE (CPK)
;;;;2280341;DOSAGEM DE CRIOAGLUTININA
;;;;2280295;DOSAGEM DE DESIDROGENASE ALFA-HIDROXIBUTIRICA
;;;;2280296;DOSAGEM DE DESIDROGENASE GLUTAMICA
;;;;2280067;DOSAGEM DE DESIDROGENASE LATICA
;;;;2280297;DOSAGEM DE DESIDROGENASE LATICA (ISOENZIMAS FRACIONADAS)
;;;;2280403;DOSAGEM DE ESTERCOBILINOGENIO FECAL
;;;;2280186;DOSAGEM DE ESTRIOL
;;;;2280187;DOSAGEM DE ESTRONA
;;;;2280322;DOSAGEM DE FATOR V
;;;;2280323;DOSAGEM DE FATOR VIII (INIBIDOR)
;;;;2280324;DOSAGEM DE FATOR VON WILLEBRAND (ANTIGENO)
;;;;2280325;DOSAGEM DE FATOR XIII
;;;;2280518;DOSAGEM DE FENITOINA
;;;;2280519;DOSAGEM DE FENOL
;;;;2280326;DOSAGEM DE FIBRINOGENIO
;;;;2280520;DOSAGEM DE FORMALDEIDO
;;;;2280551;DOSAGEM DE FOSFATASE ÁCIDA NO ESPERMA
;;;;2280298;DOSAGEM DE FOSFATASE ACIDA TOTAL
;;;;2280542;DOSAGEM DE FOSFATASE ALCALINA NO ESPERMA
;;;;2280299;DOSAGEM DE FRACAO PROSTATICA DA FOSFATASE ACIDA
;;;;2280252;DOSAGEM DE FRUTOSE
;;;;2280197;DOSAGEM DE FRUTOSE NO ESPERMA
;;;;2280300;DOSAGEM DE GALACTOSE
;;;;2280253;DOSAGEM DE GASTRINA
;;;;2280543;DOSAGEM DE GLICOSE NO LIQUIDO SINOVIAL E DERRAMES
;;;;2280301;DOSAGEM DE GLICOSE-6-FOSFATO DESIDROGENASE
;;;;2280493;DOSAGEM DE GLOBULINA TRANSPORTADORA DE TIROXINA
;;;;2280207;DOSAGEM DE GORDURA FECAL
;;;;2280254;DOSAGEM DE HAPTOGLOBINA
;;;;2280068;DOSAGEM DE HEMOGLOBINA
;;;;2280327;DOSAGEM DE HEMOGLOBINA - INSTABILIDADE A 37OC
;;;;2280328;DOSAGEM DE HEMOGLOBINA FETAL
;;;;2280329;DOSAGEM DE HEMOSSIDERINA
;;;;2280302;DOSAGEM DE HIDROXIPROLINA
;;;;2280175;DOSAGEM DE IMUNOGLOBULINA A (IGA)
;;;;2280174;DOSAGEM DE IMUNOGLOBULINA E (IGE)
;;;;2280176;DOSAGEM DE IMUNOGLOBULINA M (IGM)
;;;;2280257;DOSAGEM DE INIBIDOR DE C1-ESTERASE
;;;;2280303;DOSAGEM DE ISOMERASE-FOSFOHEXOSE
;;;;2280304;DOSAGEM DE LACTATO
;;;;2280305;DOSAGEM DE LEUCINO-AMINOPEPTIDASE
;;;;2280521;DOSAGEM DE MERCURIO
;;;;2280522;DOSAGEM DE META-HEMOGLOBINA
;;;;2280523;DOSAGEM DE METOTREXATO
;;;;2280194;DOSAGEM DE MICROALBUMINA NA URINA
;;;;2280419;DOSAGEM DE OXALATO
;;;;2280202;DOSAGEM DE PEPTIDEO C
;;;;2280306;DOSAGEM DE PIRUVATO
;;;;2280330;DOSAGEM DE PLASMINOGENIO
;;;;2280307;DOSAGEM DE PORFIRINAS
;;;;2280069;DOSAGEM DE POTASSIO
;;;;2280273;DOSAGEM DE PROTEINA C REATIVA
;;;;2280070;DOSAGEM DE PROTEINAS ( URINA DE 24 HORAS )
;;;;2280544;DOSAGEM DE PROTEINAS NO LIQUIDO SINOVIAL E DERRAMES
;;;;2280169;DOSAGEM DE PROTEINAS TOTAIS
;;;;2280494;DOSAGEM DE RENINA
;;;;2280071;DOSAGEM DE SODIO
;;;;2280267;DOSAGEM DE SOMATOMEDINA C (IGF1)
;;;;2280495;DOSAGEM DE SULFATO DE HIDROEPIANDROSTERONA (DHEAS)
;;;;2280308;DOSAGEM DE TRIPTOFANO
;;;;2280211;DOSAGEM DE TROPONINA
;;;;2280185;DOSAGEM DE ZINCO
;;;;2280188;DOSAGEM DO  ANTIGENO  CA 125
;;;;2280420;DOSAGEM E/OU FRACIONAMENTO DE ACIDOS ORGANICOS
;;;;2280072;EAS - SUMARIO DE URINA
;;;;2280237;ELETROFORESE DE HEMOGLOBINA
;;;;2280238;ELETROFORESE DE LIPOPROTEINAS
;;;;2280236;ELETROFORESE DE PROTEINAS
;;;;2280545;ELETROFORESE DE PROTEINAS C/ CONCENTRACAO NO LIQUOR
;;;;2280154;ERITROGRAMA( ERITROCITOS, HEMOGLOBINA, HEMATOCRITO )
;;;;2280546;ESPECTROFOTOMETRIA NO LIQUIDO AMNIOTICO
;;;;2280547;ESPLENOGRAMA
;;;;2280073;ESTRADIOL
;;;;2280404;EXAME COPROLOGICO FUNCIONAL
;;;;2280548;EXAME DE CARACTERES FISICOS CONTAGEM GLOBAL E ESPECIFICA DE CELULAS
;;;;2280399;EXAME LABORATORIAL PARA DOENÇA DE GAUCHER I
;;;;2280400;EXAME LABORATORIAL PARA DOENÇA DE GAUCHER II
;;;;2280179;EXAME MICROBIOLOGICO A FRESCO ( MICOLOGICO DIRETO)
;;;;2280421;EXAME QUALITATIVO DE CALCULOS URINARIOS
;;;;2280074;FAN - ANTICORPOS ANTI-NUCLEO , IFI
;;;;2280240;FATOR II - DOSAGEM
;;;;2280245;FATOR IX - DOSAGEM
;;;;2280075;FATOR REUMATOIDE , TESTE DO LATEX
;;;;2280076;FATOR RH (INCLUI DO FRACO)
;;;;2280243;FATOR VII - DOSAGEM
;;;;2280244;FATOR VIII - DOSAGEM
;;;;2280246;FATOR X - DOSAGEM
;;;;2280247;FATOR XI - DOSAGEM
;;;;2280248;FATOR XII - DOSAGEM
;;;;2280568;FENOTIPAGEM DE SISTEMA RH - HR
;;;;2280077;FERRITINA
;;;;2280078;FERRO SERICO
;;;;2280079;FOLICULO ESTIMULANTE, HORMONIO - FSH
;;;;2280080;FOSFATASE ALCALINA
;;;;2280082;GAMA-GLUTAMIL TRANSFERASE - GAMA GT
;;;;2280309;GASOMETRIA (PH PCO2 PO2 BICARBONATO AS2 (EXCESSO OU DEFICIT BASE )
;;;;2280083;GLICEMIA DE JEJUM
;;;;2280084;GLICEMIA POS PRANDIAL
;;;;2280085;GONADOTROFINA CORIONICA - BETA  HCG
;;;;2280086;GRUPO ABO - DETERMINACAO
;;;;2280088;HAV- IGG  ANTICORPOS  IGG CONTRA O VIRUS DA HEPATITE A
;;;;2280089;HAV-IGM   ANTICORPOS  IGM CONTRA O VIRUS DA HEPATITE A
;;;;2280090;HBEAG - ANTIGENO E DA HEPATITE B
;;;;2280092;HEMATOCRITO
;;;;2280450;HEMOCULTURA
;;;;2280094;HEMOGLOBINA GLICOSILADA
;;;;2280095;HEMOGRAMA COMPLETO
;;;;2280096;HERPES SIMPLES , PESQUISA DE ANTICORPOS, IGG
;;;;2280097;HERPES SIMPLES , PESQUISA DE ANTICORPOS, IGM
;;;;2280098;HERPES ZOSTER , PESQUISA DE ANTICORPOS , IGM
;;;;2280099;HERPES ZOSTER , PESQUISA DE ANTICORPOS, IGG
;;;;2280160;HORMONIO DE CRESCIMENTO - HGH
;;;;2280180;IDENTIFICAÇAO AUTOMATIZADA DE MICRORGANISMOS
;;;;2280569;IDENTIFICACAO DE ANTICORPOS SERICOS IRREGULARES C/ PAINEL DE HEMACIAS
;;;;2280405;IDENTIFICACAO DE FRAGMENTOS DE HELMINTOS
;;;;2280204;IMUNOELETROFORESE DE PROTEINAS
;;;;2280343;IMUNOFENOTIPAGEM DE HEMOPATIAS MALIGNAS (POR MARCADOR)
;;;;2280101;INSULINA
;;;;2280156;LEUCOGRAMA
;;;;2280102;LH LUTEINIZANTE HORMONIO
;;;;2280232;LINFOCITOS B , CONTAGEM
;;;;2280103;LIPASE
;;;;2280104;LITIO SERICO
;;;;2280105;MAGNESIO
;;;;2280258;MAGNESIO URINARIO
;;;;2280549;MIELOGRAMA
;;;;2280106;MUCO PROTEINAS
;;;;2280107;PARASITOLOGICO (METODOS DE CONCENTRACAO)
;;;;2280111;PARATORMONIO - DOSAGEM
;;;;2280451;PEQUISA DE PNEUMOCYSTI CARINI
;;;;2280422;PESQUISA / DOSAGEM DE AMINOACIDOS (POR CROMATOGRAFIA)
;;;;2280423;PESQUISA DE ALCAPTONA NA URINA
;;;;2280424;PESQUISA DE AMINOACIDOS NA URINA
;;;;2280192;PESQUISA DE ANTICORPO IGG ANTICARDIOLIPINA
;;;;2280193;PESQUISA DE ANTICORPO IGM ANTICARDIOLIPINA
;;;;2280347;PESQUISA DE ANTICORPOS ANTIADENOVIRUS
;;;;2280348;PESQUISA DE ANTICORPOS ANTIAMEBAS
;;;;2280349;PESQUISA DE ANTICORPOS ANTIASPERGILLUS
;;;;2280440;PESQUISA DE ANTICORPOS ANTIBRUCELAS
;;;;2280350;PESQUISA DE ANTICORPOS ANTICISTICERCO
;;;;2280351;PESQUISA DE ANTICORPOS ANTICLAMIDIA (POR IMUNOFLUORESCENCIA)
;;;;2280352;PESQUISA DE ANTICORPOS ANTICORTEX SUPRARENAL
;;;;2280191;PESQUISA DE ANTICORPOS ANTI-DNA
;;;;2280353;PESQUISA DE ANTICORPOS ANTIEQUINOCOCOS
;;;;2280228;PESQUISA DE ANTICORPOS ANTIESCLERODERMA (SCL 70)
;;;;2280354;PESQUISA DE ANTICORPOS ANTIESPERMATOZOIDES
;;;;2280550;PESQUISA DE ANTICORPOS ANTIESPERMATOZOIDES ( ELISA )
;;;;2280441;PESQUISA DE ANTICORPOS ANTIESTREPTOLISINA O (ASLO)
;;;;2280355;PESQUISA DE ANTICORPOS ANTIFIGADO
;;;;2280356;PESQUISA DE ANTICORPOS ANTIGLOMERULO
;;;;2280344;PESQUISA DE ANTICORPOS ANTI-HELICOBACTER PYLORI
;;;;2280345;PESQUISA DE ANTICORPOS ANTI-HIV-1 (WESTERN BLOT)
;;;;2280357;PESQUISA DE ANTICORPOS ANTIILHOTA DE LANGERHANS
;;;;2280358;PESQUISA DE ANTICORPOS ANTIINSULINA
;;;;2280359;PESQUISA DE ANTICORPOS ANTILEPTOSPIRAS
;;;;2280360;PESQUISA DE ANTICORPOS ANTILISTERIA
;;;;2280361;PESQUISA DE ANTICORPOS ANTIMITOCONDRIA
;;;;2280362;PESQUISA DE ANTICORPOS ANTIMUSCULO ESTRIADO
;;;;2280363;PESQUISA DE ANTICORPOS ANTIMUSCULO LISO
;;;;2280364;PESQUISA DE ANTICORPOS ANTIPARIETAIS
;;;;2280365;PESQUISA DE ANTICORPOS ANTIPLASMODIOS
;;;;2280205;PESQUISA DE ANTICORPOS ANTI-RIBONUCLEOPROTEINA (RNP)
;;;;2280346;PESQUISA DE ANTICORPOS ANTI-SCHISTOSOMAS
;;;;2280206;PESQUISA DE ANTICORPOS ANTI-SM
;;;;2280189;PESQUISA DE ANTICORPOS ANTI-SS-A (RO)
;;;;2280190;PESQUISA DE ANTICORPOS ANTI-SS-B (LA)
;;;;2280277;PESQUISA DE ANTICORPOS ANTITIREOGLOBULINA
;;;;2280366;PESQUISA DE ANTICORPOS CONTRA HISTOPLASMA
;;;;2280367;PESQUISA DE ANTICORPOS CONTRA O SPOROTRIX SCHENKII
;;;;2280368;PESQUISA DE ANTICORPOS CONTRA O VIRUS DA HEPATITE D (ANTI-HDV)
;;;;2280369;PESQUISA DE ANTICORPOS CONTRA O VIRUS DO SARAMPO
;;;;2280158;PESQUISA DE ANTICORPOS CONTRA PARACOCCIDIOIDES BRASILIENSIS
;;;;2280370;PESQUISA DE ANTICORPOS E/OU ANTIGENO DO VIRUS SINCICIAL RESPIRATORIO
;;;;2280371;PESQUISA DE ANTICORPOS EIE ANTICLAMIDIA
;;;;2280170;PESQUISA DE ANTICORPOS HETEROFILOS CONTA O VIRUS EPSTEIN BARR (MONONUCLEOSE)
;;;;2280373;PESQUISA DE ANTICORPOS IGG ANTILEISHMANIAS
;;;;2280115;PESQUISA DE ANTICORPOS IGG ANTITRIPANOSOMA CRUZI
;;;;2280376;PESQUISA DE ANTICORPOS IGG CONTRA ARBOVIRUS
;;;;2280199;PESQUISA DE ANTICORPOS IGG CONTRA O VIRUS EPSTEIN-BARR
;;;;2280375;PESQUISA DE ANTICORPOS IGG E IGM CONTRA ANTIGENO CENTRAL DO VIRUS DA HEPATITE B (ANTI-HBC-TOTAL)
;;;;2280378;PESQUISA DE ANTICORPOS IGM ANTILEISHMANIAS
;;;;2280116;PESQUISA DE ANTICORPOS IGM ANTITRIPANOSOMA CRUZI
;;;;2280381;PESQUISA DE ANTICORPOS IGM CONTRA ARBOVIRUS
;;;;2280198;PESQUISA DE ANTICORPOS IGM CONTRA O VIRUS EPSTEIN-BARR
;;;;2280570;PESQUISA DE ANTICORPOS IRREGULARES PELO METODO DA ELUICAO
;;;;2280571;PESQUISA DE ANTICORPOS SERICOS IRREGULARES 37OC
;;;;2280572;PESQUISA DE ANTICORPOS SERICOS IRREGULARES A FRIO
;;;;2280331;PESQUISA DE ATIVIDADE DO COFATOR DE RISTOCETINA
;;;;2280452;PESQUISA DE BACILO DIFTERICO
;;;;2280425;PESQUISA DE BETA-MERCAPTO-LACTATO-DISSULFIDURIA
;;;;2280457;PESQUISA DE CADEIAS LEVES KAPPA E LAMBDA
;;;;2280552;PESQUISA DE CARACTERES FISICOS NO LIQUOR
;;;;2280553;PESQUISA DE CELULAS ORANGIOFILAS
;;;;2280458;PESQUISA DE CISTINA NA URINA
;;;;2280459;PESQUISA DE COPROPORFIRINA NA URINA
;;;;2280332;PESQUISA DE CORPUSCULOS DE HEINZ
;;;;2280383;PESQUISA DE CRIOGLOBULINAS
;;;;2280554;PESQUISA DE CRISTAIS C/ LUZ POLARIZADA
;;;;2280406;PESQUISA DE ENTEROBIUS VERMICULARES (OXIURUS OXIURA)
;;;;2280407;PESQUISA DE EOSINOFILOS
;;;;2280460;PESQUISA DE ERROS INATOS DO METABOLISMO NA URINA
;;;;2280195;PESQUISA DE ESPERMATOZOIDES (APOS VASECTOMIA)
;;;;2280453;PESQUISA DE ESTREPTOCOCOS BETA-HEMOLITICOS DO GRUPO A
;;;;2280629;PESQUISA DE FATOR REUMATOIDE (WAALER-ROSE)
;;;;2280461;PESQUISA DE FENIL-CETONA NA URINA
;;;;2280333;PESQUISA DE FILARIA
;;;;2280462;PESQUISA DE FRUTOSE NA URINA
;;;;2280463;PESQUISA DE GALACTOSE NA URINA
;;;;2280159;PESQUISA DE GORDURA FECAL
;;;;2280454;PESQUISA DE HAEMOPHILUS DUCREY
;;;;2280255;PESQUISA DE HELICOBACTER PYLORI
;;;;2280263;PESQUISA DE HEMOGLOBINA S
;;;;2280464;PESQUISA DE HOMOCISTINA NA URINA
;;;;2280625;PESQUISA DE IMUNOGLOBULINA E (IGE) ALERGENO- ESPECÍFICA - 07
;;;;2280626;PESQUISA DE IMUNOGLOBULINA E (IGE) ALERGENO- ESPECÍFICA - 08
;;;;2280628;PESQUISA DE IMUNOGLOBULINA E (IGE) ALERGENO- ESPECÍFICA - 10
;;;;2280385;PESQUISA DE IMUNOGLOBULINA E (IGE) ALERGENO-ESPECIFICA - 01
;;;;2280386;PESQUISA DE IMUNOGLOBULINA E (IGE) ALERGENO-ESPECIFICA - 02
;;;;2280387;PESQUISA DE IMUNOGLOBULINA E (IGE) ALERGENO-ESPECIFICA - 03
;;;;2280388;PESQUISA DE IMUNOGLOBULINA E (IGE) ALERGENO-ESPECIFICA - 04
;;;;2280389;PESQUISA DE IMUNOGLOBULINA E (IGE) ALERGENO-ESPECIFICA - 05
;;;;2280390;PESQUISA DE IMUNOGLOBULINA E (IGE) ALERGENO-ESPECIFICA - 06
;;;;2280465;PESQUISA DE LACTOSE NA URINA
;;;;2280279;PESQUISA DE LARVAS NAS FEZES
;;;;2280532;PESQUISA DE LEPTOSPIRAS
;;;;2280161;PESQUISA DE LEUCOCITOS FECAIS
;;;;2280408;PESQUISA DE LEVEDURAS NAS FEZES
;;;;2280504;PESQUISA DE MACROPROLACTINA
;;;;2280466;PESQUISA DE MUCOPOLISSACARIDEOS NA URINA
;;;;2280409;PESQUISA DE OVOS DE SCHISTOSOMAS (EM FRAGMENTO DE MUCOSA)
;;;;2280467;PESQUISA DE PORFOBILINOGENIO NA URINA
;;;;2280468;PESQUISA DE PROTEINAS URINARIAS (POR ELETROFORESE)
;;;;2280555;PESQUISA DE RAGOCITOS NO LIQUIDO SINOVIAL E DERRAMES
;;;;2280212;PESQUISA DE ROTAVIRUS NAS FEZES
;;;;2280117;PESQUISA DE SANGUE OCULTO NAS FEZES
;;;;2280410;PESQUISA DE SUBSTANCIAS REDUTORAS NAS FEZES
;;;;2280469;PESQUISA DE TIROSINA NA URINA
;;;;2280280;PESQUISA DE TREPONEMA PALLIDUM
;;;;2280334;PESQUISA DE TRIPANOSSOMA
;;;;2280411;PESQUISA DE TRIPSINA NAS FEZES
;;;;2280412;PESQUISA DE TROFOZOITAS NAS FEZES
;;;;2280685;PESQUISA LABORATORIAL ANTIGENO SUPERFICIE VIRUS HEPATITE B(HBSAG) EXCETO GESTANTE PARCEIRO
;;;;2280691;PESQUISA LABORATORIAL ANTIGENOS HIV-ANTICORPOS ANTI-HIV-1/ ANTI-HIV-2 EXCETO GESTANTE PARCEIRO
;;;;2280688;PESQUISA LABORATORIAL D/ ANTICORPOS CONTRA VIRUS D/HEPATITE C(ANTI-HCV) POP/GESTANTE E PARCEIROS
;;;;2280694;PESQUISA LABORATORIAL D/ANTICORPOS ANTI-HTLV-1+HTLV-2 P/POPULACAO EXCETO GESTANTE , PARCEIROS
;;;;2280118;PROGESTERONA
;;;;2280119;PROLACTINA
;;;;2280120;PROTEINA C REATIVA, DETERMINACAO QUANTITATIVA
;;;;2280121;PROTEINAS TOTAIS E FRACOES
;;;;2280455;PROVA CONFIRMATÓRIA DA PRESENÇA DE MICRO-ORGANISMOS COLIFORMES
;;;;2280310;PROVA DA D-XILOSE
;;;;2280335;PROVA DE CONSUMO DE PROTROMBINA
;;;;2280470;PROVA DE DILUICAO (URINA)
;;;;2280196;PROVA DE PROGRESSAO ESPERMATICA (CADA)
;;;;2280123;PROVA DO LACO
;;;;2280556;PROVA DO LATEX P/ HAEMOPHILLUS INFLUENZAE, STREPTOCOCCUS PNEUMONIAE, NEISSERIA MENINGITIDIS (SOROTIP
;;;;2280557;PROVA DO LATEX P/ PESQUISA DO FATOR REUMATOIDE
;;;;2280391;PROVAS DE PRAUSNITZ-KUSTNER (PK)
;;;;2280392;PROVAS IMUNO-ALERGICAS BACTERIANAS
;;;;2280124;PSA LIVRE
;;;;2280126;PSA TOTAL
;;;;2280566;QUANTIFICAÇÃO/AMPLIFICAÇÃO DO HER-2
;;;;2280336;RASTREIO P/ DEFICIENCIA DE ENZIMAS ERITROCITARIAS
;;;;2280394;REACAO DE MONTENEGRO ID
;;;;2280558;REACAO DE PANDY
;;;;2280559;REACAO DE RIVALTA NO LIQUIDO SINOVIAL E DERRAMES
;;;;2280162;RETICULOCITOS - CONTAGEM
;;;;2280127;RETRACAO DO COAGULO
;;;;2280128;RUBEOLA , ANTICORPOS IGG
;;;;2280129;RUBEOLA , ANTICORPOS IGM
;;;;2280599;SODIO ( NA URINA 24 HORAS)
;;;;2280703;TESTE CONFIRMATORIO C/ PESQUISA D/ ANTICORPOS ANTI-HTLV-1+ANTI-HTLV-2 EXCETO GESTANTE PARCEIRO
;;;;2280337;TESTE DE AGREGACAO DE PLAQUETAS
;;;;2280560;TESTE DE CLEMENTS
;;;;2280499;TESTE DE ESTIMULO COM GNRH OU COM AGONISTA GNRH
;;;;2280497;TESTE DE ESTIMULO DA PROLACTINA / TSH APOS TRH
;;;;2280498;TESTE DE ESTIMULO DA PROLACTINA APOS CLORPROMAZINA
;;;;2280500;TESTE DE ESTIMULO DO HGH APOS GLUCAGON
;;;;2280561;TESTE DE GASTROACIDOGRAMA - SECRECAO BASAL POR 60 EM 4 AMOSTRAS
;;;;2280338;TESTE DE HAM (HEMOLISE ACIDA)
;;;;2280562;TESTE DE HOLLANDER NO SUCO GASTRICO
;;;;2280501;TESTE DE SUPRESSAO DO CORTISOL APOS DEXAMETASONA
;;;;2280502;TESTE DE SUPRESSAO DO HGH APOS GLICOSE
;;;;2280311;TESTE DE TOLERANCIA A INSULINA / HIPOGLICEMIANTES ORAIS
;;;;2280130;TESTE DE VDRL P/ DETECCAO DE SIFILIS
;;;;2280503;TESTE P/ INVESTIGACAO DO DIABETES INSIPIDUS
;;;;2280395;TESTES ALERGICOS DE CONTATO
;;;;2280396;TESTES CUTANEOS DE LEITURA IMEDIATA
;;;;2280131;TESTOSTERONA LIVRE
;;;;2280132;TESTOSTERONA TOTAL
;;;;2280133;TGO
;;;;2280134;TGP
;;;;2280135;TIREOGLOBULINA
;;;;2280136;TIROXINA - T4
;;;;2280137;TIROXINA LIVRE (T4 LIVRE)
;;;;2280573;TITULACAO DE ANTICORPOS ANTI A E/OU ANTI B
;;;;2280138;TOXOPLASMOSE  IFI-IGG
;;;;2280139;TOXOPLASMOSE IFI (IGM)
;;;;2280140;TRANSFERRINA
;;;;2280141;TRIGLICERIDEOS
;;;;2280142;TRIIODOTIRONINA -  T3
;;;;2280143;TSH - HORMONIO ESTIMULANTE TIREOIDE
;;;;2280144;UREIA
;;;;2280145;UREIA, DOSAGEM EM URINA DE 24 HS
;;;;2280146;VDRL P/ DETECCAO DE SIFILIS EM GESTANTE
;;;;2280147;VELOCIDADE DE HEMOSSEDIMENTACAO (VHS)
;;;;2280148;VITAMINA B12
;;1101000;GRUPO - PATOLOGIA CLINICA (EXAMES DE LABORATORIO);;
;;2400000;GRUPO - PATOLOGIA CLINICA (REGULACAO);;
;LABORATORIO BIOCENTER;;;;
;;2280000;GRUPO - PATOLOGIA CLINICA (EXAMES DE LABORATORIO 2);;
;;;;2280219;17 ALFA HIDROXI PROGESTERONA
;;;;2280313;ACIDEZ TITULÁVEL NO LEITE HUMANO (DORNIC)
;;;;2280220;ACIDO ASCORBICO
;;;;2280001;ACIDO FOLICO
;;;;2280002;ACIDO URICO
;;;;2280534;ACIDO URICO LIQUIDO NO SINOVIAL E DERRAMES
;;;;2280003;ACIDO URICO URINARIO
;;;;2280535;ADENOGRAMA
;;;;2280004;ADRENOCORTICOTROFICO, HORMONIO - ACTH
;;;;2280225;ALFA 1 ANTITRIPSINA
;;;;2280005;ALFA 1 GLICOPROTEINA ACIDA
;;;;2280226;ALFA FETO PROTEINA
;;;;2280006;AMILASE
;;;;2280007;ANDROSTENEDIONA
;;;;2280009;ANTI HBC - IGM ANTICORPOS IGM CONTRA ANTIGENO C DA HEPATITE B (ANTI-HBC-IGM)
;;;;2280011;ANTI HBE - ANTICORPOS CONTRA ANTIGENO E DA HEPATITE B
;;;;2280012;ANTI HBS - ANTICORPOS CONTRA ANTIGENO S DA HEPATITE B
;;;;2280015;ANTIBIOGRAMA
;;;;2280446;ANTIBIOGRAMA C/ CONCENTRACAO INIBITORIA MINIMA
;;;;2280181;ANTIBIOGRAMA P/ MICOBACTERIAS
;;;;2280613;ANTICORPOS ANTI-PLAQUETARIOS - DETERMINAÇÃO
;;;;2280018;ANTIPEROXIDASE /ANTI TPO
;;;;2280022;BACILOSCOPIA DIRETA P/ BAAR (HANSENIASE)
;;;;2280447;BACILOSCOPIA DIRETA P/ BAAR TUBERCULOS (CONTROLE)
;;;;2280023;BACILOSCOPIA DIRETA P/ BAAR TUBERCULOSE (DIAGNOSTICA)
;;;;2280024;BACTEROSCOPIA (GRAM)
;;;;2280221;BETA 2 MICROGLOBULINA
;;;;2280025;BILIRRUBINA TOTAL E FRACOES
;;;;2280029;CALCIO
;;;;2280030;CALCIO IONIZAVEL
;;;;2280031;CALCIO URINARIO
;;;;2280033;CEA (ANTIGENO CARCINOEMBRIOGENICO)
;;;;2280034;CELULAS LE - PESQUISA
;;;;2280035;CHAGAS , IFI
;;;;2280259;CHUMBO
;;;;2280260;CHUMBO URINARIO
;;;;2280536;CITOLOGIA P/ CLAMIDIA
;;;;2280537;CITOLOGIA P/ HERPESVIRUS
;;;;2280038;CITOMEGALOVIRUS , IFI (IGG)
;;;;2280039;CITOMEGALOVIRUS , IFI (IGM)
;;;;2280314;CITOQUIMICA HEMATOLOGICA
;;;;2280040;CLEARANCE DE CREATININA
;;;;2280413;CLEARANCE DE FOSFATO
;;;;2280414;CLEARANCE DE UREIA
;;;;2280281;CLEARANCE OSMOLAR
;;;;2280041;CLORETO
;;;;2280042;COLESTEROL ( LDL)
;;;;2280043;COLESTEROL (HDL)
;;;;2280045;COLESTEROL TOTAL
;;;;2280229;COMPLEMENTO ( CH50 ) , DOSAGEM
;;;;2280047;COMPLEMENTO C3 , IDR
;;;;2280048;COMPLEMENTO C4 , IDR
;;;;2280415;CONTAGEM DE ADDIS
;;;;2280432;CONTAGEM DE LINFOCITOS T TOTAIS
;;;;2280049;CONTAGEM DE PLAQUETAS
;;;;2280538;CONTAGEM ESPECIFICA DE CELULAS NO LIQUOR
;;;;2280539;CONTAGEM GLOBAL DE CELULAS NO LIQUOR
;;;;2280050;COOMBS  INDIRETO (INCLUI QUANTITATIVO)
;;;;2280051;COOMBS DIRETO
;;;;2280053;CREATININA
;;;;2280054;CREATININA, DOSAGEM EM URINA DE 24 HS
;;;;2280055;CREATINOFOSFOQUINASE - FRACAO MB
;;;;2280164;CULTURA DE BACTERIAS PARA INDENTIFICACAO
;;;;2280448;CULTURA DO LEITE HUMANO (POS-PASTEURIZAÇÃO)
;;;;2280449;CULTURA P/ HERPESVIRUS
;;;;2280210;CULTURA PARA BAAR
;;;;2280165;CULTURA PARA BACTERIAS ANAEROBICAS
;;;;2280057;CULTURA PARA IDENTIFICACAO DE FUNGOS
;;;;2280058;CURVA GLICEMICA CLASSICA 5 DOSAGENS-ORAL
;;;;2280059;DEHIDROEPIANDROSTERONA - DHEA
;;;;2280697;DETECCAO D/ DNA PROVIRAL D/ HTLV-1 E D/ HTLV-2 P/ POPULACAO EXCETO GESTANTE , PARCEIRO E PARCERIA
;;;;2280339;DETECCAO DE ÁCIDOS NUCLEICOS DO HIV-1 (QUALITATIVO)
;;;;2280382;DETECÇÃO DE CLAMÍDIA E GONOCOCO POR BIOLOGIA MOLECULAR
;;;;2280203;DETERMINACAO DE CAPACIDADE DE FIXACAO DO FERRO
;;;;2280312;DETERMINAÇÃO DE CREMATÓCRITO NO LEITE HUMANO ORDENHADO
;;;;2280282;DETERMINACAO DE CROMATOGRAFIA DE AMINOACIDOS
;;;;2280315;DETERMINACAO DE CURVA DE RESISTENCIA GLOBULAR
;;;;2280167;DETERMINACAO DE CURVA GLICEMICA (2 DOSAGENS)
;;;;2280283;DETERMINACAO DE CURVA GLICEMICA C/ INDUCAO POR CORTISONA ( 5 DOSAGENS)
;;;;2280284;DETERMINACAO DE CURVA GLICEMICA C/ INDUCAO POR CORTISONA (4 DOSAGENS)
;;;;2280316;DETERMINACAO DE ENZIMAS ERITROCITARIAS (CADA)
;;;;2280540;DETERMINACAO DE FOSFOLIPIDIOS RELACAO LECITINA - ESFINGOMIELINA NO LIQUIDO AMNIOTICO
;;;;2280485;DETERMINACAO DE INDICE DE TIROXINA LIVRE
;;;;2280416;DETERMINACAO DE OSMOLALIDADE
;;;;2280285;DETERMINACAO DE OSMOLARIDADE
;;;;2280486;DETERMINACAO DE RETENCAO DE T3
;;;;2280317;DETERMINACAO DE SULFO-HEMOGLOBINA
;;;;2280487;DETERMINACAO DE T3 REVERSO
;;;;2280060;DETERMINACAO DE TEMPO DE COAGULACAO
;;;;2280318;DETERMINACAO DE TEMPO DE LISE DA EUGLOBULINA
;;;;2280061;DETERMINACAO DE TEMPO DE SANGRAMENTO ( DUKE )
;;;;2280319;DETERMINACAO DE TEMPO DE SANGRAMENTO DE IVY
;;;;2280320;DETERMINACAO DE TEMPO DE SOBREVIDA DE HEMACIAS
;;;;2280168;DETERMINACAO DE TEMPO DE TROMBINA
;;;;2280062;DETERMINACAO DE TEMPO DE TROMBOPLASTINA PARCIAL  (TTP A)
;;;;2280063;DETERMINACAO DE TEMPO E ATIVIDADE DA PROTROMBINA (TAP)
;;;;2280235;DIHIDROTESTOSTERONA - DHT
;;;;2280398;DOSAGEM DA FRAÇÃO C1Q DO COMPLEMENTO
;;;;2280488;DOSAGEM DE 17-CETOSTEROIDES TOTAIS
;;;;2280489;DOSAGEM DE 17-HIDROXICORTICOSTEROIDES
;;;;2280177;DOSAGEM DE 25 HIDROXIVITAMINA D
;;;;2280286;DOSAGEM DE 5-NUCLEOTIDASE
;;;;2280287;DOSAGEM DE ACETONA
;;;;2280265;DOSAGEM DE ACIDO 5-HIDROXI-INDOL-ACETICO (SEROTONINA)
;;;;2280505;DOSAGEM DE ACIDO DELTA-AMINOLEVULINICO
;;;;2280506;DOSAGEM DE ACIDO HIPURICO
;;;;2280507;DOSAGEM DE ACIDO MANDELICO
;;;;2280508;DOSAGEM DE ACIDO METIL-HIPURICO
;;;;2280509;DOSAGEM DE ACIDO VALPROICO
;;;;2280288;DOSAGEM DE ACIDO VANILMANDELICO
;;;;2280289;DOSAGEM DE ALDOLASE
;;;;2280490;DOSAGEM DE ALDOSTERONA
;;;;2280290;DOSAGEM DE ALFA-2-MACROGLOBULINA
;;;;2280510;DOSAGEM DE ALUMINIO
;;;;2280291;DOSAGEM DE AMONIA
;;;;2280491;DOSAGEM DE AMP CICLICO
;;;;2280511;DOSAGEM DE ANFETAMINAS
;;;;2280321;DOSAGEM DE ANTICOAGULANTE CIRCULANTE
;;;;2280397;DOSAGEM DE ANTICORPOS ANTITRANSGLUTAMINAISE RECOMBINANTE HUMANO IGA
;;;;2280227;DOSAGEM DE ANTITROMBINA III
;;;;2280512;DOSAGEM DE BARBITURATOS
;;;;2280513;DOSAGEM DE CADMIO
;;;;2280492;DOSAGEM DE CALCITONINA
;;;;2280514;DOSAGEM DE CARBAMAZEPINA
;;;;2280515;DOSAGEM DE CARBOXI-HEMOGLOBINA
;;;;2280292;DOSAGEM DE CAROTENO
;;;;2280293;DOSAGEM DE CERULOPLASMINA
;;;;2280516;DOSAGEM DE CICLOSPORINA
;;;;2280418;DOSAGEM DE CITRATO
;;;;2280517;DOSAGEM DE COBRE
;;;;2280294;DOSAGEM DE COLINESTERASE
;;;;2280178;DOSAGEM DE CORTISOL
;;;;2280541;DOSAGEM DE CREATININA NO LIQUIDO AMNIOTICO
;;;;2280066;DOSAGEM DE CREATINOFOSFOQUINASE (CPK)
;;;;2280341;DOSAGEM DE CRIOAGLUTININA
;;;;2280295;DOSAGEM DE DESIDROGENASE ALFA-HIDROXIBUTIRICA
;;;;2280296;DOSAGEM DE DESIDROGENASE GLUTAMICA
;;;;2280067;DOSAGEM DE DESIDROGENASE LATICA
;;;;2280297;DOSAGEM DE DESIDROGENASE LATICA (ISOENZIMAS FRACIONADAS)
;;;;2280403;DOSAGEM DE ESTERCOBILINOGENIO FECAL
;;;;2280186;DOSAGEM DE ESTRIOL
;;;;2280187;DOSAGEM DE ESTRONA
;;;;2280322;DOSAGEM DE FATOR V
;;;;2280323;DOSAGEM DE FATOR VIII (INIBIDOR)
;;;;2280324;DOSAGEM DE FATOR VON WILLEBRAND (ANTIGENO)
;;;;2280325;DOSAGEM DE FATOR XIII
;;;;2280518;DOSAGEM DE FENITOINA
;;;;2280519;DOSAGEM DE FENOL
;;;;2280326;DOSAGEM DE FIBRINOGENIO
;;;;2280520;DOSAGEM DE FORMALDEIDO
;;;;2280551;DOSAGEM DE FOSFATASE ÁCIDA NO ESPERMA
;;;;2280298;DOSAGEM DE FOSFATASE ACIDA TOTAL
;;;;2280542;DOSAGEM DE FOSFATASE ALCALINA NO ESPERMA
;;;;2280299;DOSAGEM DE FRACAO PROSTATICA DA FOSFATASE ACIDA
;;;;2280252;DOSAGEM DE FRUTOSE
;;;;2280197;DOSAGEM DE FRUTOSE NO ESPERMA
;;;;2280300;DOSAGEM DE GALACTOSE
;;;;2280253;DOSAGEM DE GASTRINA
;;;;2280543;DOSAGEM DE GLICOSE NO LIQUIDO SINOVIAL E DERRAMES
;;;;2280301;DOSAGEM DE GLICOSE-6-FOSFATO DESIDROGENASE
;;;;2280493;DOSAGEM DE GLOBULINA TRANSPORTADORA DE TIROXINA
;;;;2280207;DOSAGEM DE GORDURA FECAL
;;;;2280254;DOSAGEM DE HAPTOGLOBINA
;;;;2280068;DOSAGEM DE HEMOGLOBINA
;;;;2280327;DOSAGEM DE HEMOGLOBINA - INSTABILIDADE A 37OC
;;;;2280328;DOSAGEM DE HEMOGLOBINA FETAL
;;;;2280329;DOSAGEM DE HEMOSSIDERINA
;;;;2280302;DOSAGEM DE HIDROXIPROLINA
;;;;2280175;DOSAGEM DE IMUNOGLOBULINA A (IGA)
;;;;2280174;DOSAGEM DE IMUNOGLOBULINA E (IGE)
;;;;2280176;DOSAGEM DE IMUNOGLOBULINA M (IGM)
;;;;2280257;DOSAGEM DE INIBIDOR DE C1-ESTERASE
;;;;2280303;DOSAGEM DE ISOMERASE-FOSFOHEXOSE
;;;;2280304;DOSAGEM DE LACTATO
;;;;2280305;DOSAGEM DE LEUCINO-AMINOPEPTIDASE
;;;;2280521;DOSAGEM DE MERCURIO
;;;;2280522;DOSAGEM DE META-HEMOGLOBINA
;;;;2280523;DOSAGEM DE METOTREXATO
;;;;2280194;DOSAGEM DE MICROALBUMINA NA URINA
;;;;2280419;DOSAGEM DE OXALATO
;;;;2280202;DOSAGEM DE PEPTIDEO C
;;;;2280306;DOSAGEM DE PIRUVATO
;;;;2280330;DOSAGEM DE PLASMINOGENIO
;;;;2280307;DOSAGEM DE PORFIRINAS
;;;;2280069;DOSAGEM DE POTASSIO
;;;;2280273;DOSAGEM DE PROTEINA C REATIVA
;;;;2280070;DOSAGEM DE PROTEINAS ( URINA DE 24 HORAS )
;;;;2280544;DOSAGEM DE PROTEINAS NO LIQUIDO SINOVIAL E DERRAMES
;;;;2280169;DOSAGEM DE PROTEINAS TOTAIS
;;;;2280494;DOSAGEM DE RENINA
;;;;2280071;DOSAGEM DE SODIO
;;;;2280267;DOSAGEM DE SOMATOMEDINA C (IGF1)
;;;;2280495;DOSAGEM DE SULFATO DE HIDROEPIANDROSTERONA (DHEAS)
;;;;2280308;DOSAGEM DE TRIPTOFANO
;;;;2280211;DOSAGEM DE TROPONINA
;;;;2280185;DOSAGEM DE ZINCO
;;;;2280188;DOSAGEM DO  ANTIGENO  CA 125
;;;;2280420;DOSAGEM E/OU FRACIONAMENTO DE ACIDOS ORGANICOS
;;;;2280072;EAS - SUMARIO DE URINA
;;;;2280237;ELETROFORESE DE HEMOGLOBINA
;;;;2280238;ELETROFORESE DE LIPOPROTEINAS
;;;;2280236;ELETROFORESE DE PROTEINAS
;;;;2280545;ELETROFORESE DE PROTEINAS C/ CONCENTRACAO NO LIQUOR
;;;;2280154;ERITROGRAMA( ERITROCITOS, HEMOGLOBINA, HEMATOCRITO )
;;;;2280546;ESPECTROFOTOMETRIA NO LIQUIDO AMNIOTICO
;;;;2280547;ESPLENOGRAMA
;;;;2280073;ESTRADIOL
;;;;2280404;EXAME COPROLOGICO FUNCIONAL
;;;;2280548;EXAME DE CARACTERES FISICOS CONTAGEM GLOBAL E ESPECIFICA DE CELULAS
;;;;2280399;EXAME LABORATORIAL PARA DOENÇA DE GAUCHER I
;;;;2280400;EXAME LABORATORIAL PARA DOENÇA DE GAUCHER II
;;;;2280179;EXAME MICROBIOLOGICO A FRESCO ( MICOLOGICO DIRETO)
;;;;2280421;EXAME QUALITATIVO DE CALCULOS URINARIOS
;;;;2280074;FAN - ANTICORPOS ANTI-NUCLEO , IFI
;;;;2280240;FATOR II - DOSAGEM
;;;;2280245;FATOR IX - DOSAGEM
;;;;2280075;FATOR REUMATOIDE , TESTE DO LATEX
;;;;2280076;FATOR RH (INCLUI DO FRACO)
;;;;2280243;FATOR VII - DOSAGEM
;;;;2280244;FATOR VIII - DOSAGEM
;;;;2280246;FATOR X - DOSAGEM
;;;;2280247;FATOR XI - DOSAGEM
;;;;2280248;FATOR XII - DOSAGEM
;;;;2280568;FENOTIPAGEM DE SISTEMA RH - HR
;;;;2280077;FERRITINA
;;;;2280078;FERRO SERICO
;;;;2280079;FOLICULO ESTIMULANTE, HORMONIO - FSH
;;;;2280080;FOSFATASE ALCALINA
;;;;2280082;GAMA-GLUTAMIL TRANSFERASE - GAMA GT
;;;;2280083;GLICEMIA DE JEJUM
;;;;2280084;GLICEMIA POS PRANDIAL
;;;;2280085;GONADOTROFINA CORIONICA - BETA  HCG
;;;;2280086;GRUPO ABO - DETERMINACAO
;;;;2280088;HAV- IGG  ANTICORPOS  IGG CONTRA O VIRUS DA HEPATITE A
;;;;2280089;HAV-IGM   ANTICORPOS  IGM CONTRA O VIRUS DA HEPATITE A
;;;;2280090;HBEAG - ANTIGENO E DA HEPATITE B
;;;;2280092;HEMATOCRITO
;;;;2280450;HEMOCULTURA
;;;;2280094;HEMOGLOBINA GLICOSILADA
;;;;2280095;HEMOGRAMA COMPLETO
;;;;2280096;HERPES SIMPLES , PESQUISA DE ANTICORPOS, IGG
;;;;2280097;HERPES SIMPLES , PESQUISA DE ANTICORPOS, IGM
;;;;2280098;HERPES ZOSTER , PESQUISA DE ANTICORPOS , IGM
;;;;2280099;HERPES ZOSTER , PESQUISA DE ANTICORPOS, IGG
;;;;2280160;HORMONIO DE CRESCIMENTO - HGH
;;;;2280180;IDENTIFICAÇAO AUTOMATIZADA DE MICRORGANISMOS
;;;;2280569;IDENTIFICACAO DE ANTICORPOS SERICOS IRREGULARES C/ PAINEL DE HEMACIAS
;;;;2280405;IDENTIFICACAO DE FRAGMENTOS DE HELMINTOS
;;;;2280417;IDENTIFICAÇÃO DE GLICÍDIOS URINÁRIOS POR CROMATOGRAFIA (CAMADA DELGADA)
;;;;2280204;IMUNOELETROFORESE DE PROTEINAS
;;;;2280343;IMUNOFENOTIPAGEM DE HEMOPATIAS MALIGNAS (POR MARCADOR)
;;;;2280101;INSULINA
;;;;2280156;LEUCOGRAMA
;;;;2280102;LH LUTEINIZANTE HORMONIO
;;;;2280232;LINFOCITOS B , CONTAGEM
;;;;2280103;LIPASE
;;;;2280104;LITIO SERICO
;;;;2280105;MAGNESIO
;;;;2280258;MAGNESIO URINARIO
;;;;2280549;MIELOGRAMA
;;;;2280106;MUCO PROTEINAS
;;;;2280107;PARASITOLOGICO (METODOS DE CONCENTRACAO)
;;;;2280111;PARATORMONIO - DOSAGEM
;;;;2280451;PEQUISA DE PNEUMOCYSTI CARINI
;;;;2280422;PESQUISA / DOSAGEM DE AMINOACIDOS (POR CROMATOGRAFIA)
;;;;2280423;PESQUISA DE ALCAPTONA NA URINA
;;;;2280424;PESQUISA DE AMINOACIDOS NA URINA
;;;;2280192;PESQUISA DE ANTICORPO IGG ANTICARDIOLIPINA
;;;;2280193;PESQUISA DE ANTICORPO IGM ANTICARDIOLIPINA
;;;;2280347;PESQUISA DE ANTICORPOS ANTIADENOVIRUS
;;;;2280348;PESQUISA DE ANTICORPOS ANTIAMEBAS
;;;;2280349;PESQUISA DE ANTICORPOS ANTIASPERGILLUS
;;;;2280440;PESQUISA DE ANTICORPOS ANTIBRUCELAS
;;;;2280350;PESQUISA DE ANTICORPOS ANTICISTICERCO
;;;;2280351;PESQUISA DE ANTICORPOS ANTICLAMIDIA (POR IMUNOFLUORESCENCIA)
;;;;2280352;PESQUISA DE ANTICORPOS ANTICORTEX SUPRARENAL
;;;;2280191;PESQUISA DE ANTICORPOS ANTI-DNA
;;;;2280353;PESQUISA DE ANTICORPOS ANTIEQUINOCOCOS
;;;;2280228;PESQUISA DE ANTICORPOS ANTIESCLERODERMA (SCL 70)
;;;;2280354;PESQUISA DE ANTICORPOS ANTIESPERMATOZOIDES
;;;;2280550;PESQUISA DE ANTICORPOS ANTIESPERMATOZOIDES ( ELISA )
;;;;2280441;PESQUISA DE ANTICORPOS ANTIESTREPTOLISINA O (ASLO)
;;;;2280355;PESQUISA DE ANTICORPOS ANTIFIGADO
;;;;2280356;PESQUISA DE ANTICORPOS ANTIGLOMERULO
;;;;2280344;PESQUISA DE ANTICORPOS ANTI-HELICOBACTER PYLORI
;;;;2280345;PESQUISA DE ANTICORPOS ANTI-HIV-1 (WESTERN BLOT)
;;;;2280357;PESQUISA DE ANTICORPOS ANTIILHOTA DE LANGERHANS
;;;;2280358;PESQUISA DE ANTICORPOS ANTIINSULINA
;;;;2280359;PESQUISA DE ANTICORPOS ANTILEPTOSPIRAS
;;;;2280360;PESQUISA DE ANTICORPOS ANTILISTERIA
;;;;2280361;PESQUISA DE ANTICORPOS ANTIMITOCONDRIA
;;;;2280362;PESQUISA DE ANTICORPOS ANTIMUSCULO ESTRIADO
;;;;2280363;PESQUISA DE ANTICORPOS ANTIMUSCULO LISO
;;;;2280364;PESQUISA DE ANTICORPOS ANTIPARIETAIS
;;;;2280365;PESQUISA DE ANTICORPOS ANTIPLASMODIOS
;;;;2280205;PESQUISA DE ANTICORPOS ANTI-RIBONUCLEOPROTEINA (RNP)
;;;;2280346;PESQUISA DE ANTICORPOS ANTI-SCHISTOSOMAS
;;;;2280206;PESQUISA DE ANTICORPOS ANTI-SM
;;;;2280189;PESQUISA DE ANTICORPOS ANTI-SS-A (RO)
;;;;2280190;PESQUISA DE ANTICORPOS ANTI-SS-B (LA)
;;;;2280277;PESQUISA DE ANTICORPOS ANTITIREOGLOBULINA
;;;;2280366;PESQUISA DE ANTICORPOS CONTRA HISTOPLASMA
;;;;2280367;PESQUISA DE ANTICORPOS CONTRA O SPOROTRIX SCHENKII
;;;;2280368;PESQUISA DE ANTICORPOS CONTRA O VIRUS DA HEPATITE D (ANTI-HDV)
;;;;2280369;PESQUISA DE ANTICORPOS CONTRA O VIRUS DO SARAMPO
;;;;2280158;PESQUISA DE ANTICORPOS CONTRA PARACOCCIDIOIDES BRASILIENSIS
;;;;2280370;PESQUISA DE ANTICORPOS E/OU ANTIGENO DO VIRUS SINCICIAL RESPIRATORIO
;;;;2280371;PESQUISA DE ANTICORPOS EIE ANTICLAMIDIA
;;;;2280170;PESQUISA DE ANTICORPOS HETEROFILOS CONTA O VIRUS EPSTEIN BARR (MONONUCLEOSE)
;;;;2280373;PESQUISA DE ANTICORPOS IGG ANTILEISHMANIAS
;;;;2280115;PESQUISA DE ANTICORPOS IGG ANTITRIPANOSOMA CRUZI
;;;;2280376;PESQUISA DE ANTICORPOS IGG CONTRA ARBOVIRUS
;;;;2280199;PESQUISA DE ANTICORPOS IGG CONTRA O VIRUS EPSTEIN-BARR
;;;;2280375;PESQUISA DE ANTICORPOS IGG E IGM CONTRA ANTIGENO CENTRAL DO VIRUS DA HEPATITE B (ANTI-HBC-TOTAL)
;;;;2280378;PESQUISA DE ANTICORPOS IGM ANTILEISHMANIAS
;;;;2280116;PESQUISA DE ANTICORPOS IGM ANTITRIPANOSOMA CRUZI
;;;;2280381;PESQUISA DE ANTICORPOS IGM CONTRA ARBOVIRUS
;;;;2280198;PESQUISA DE ANTICORPOS IGM CONTRA O VIRUS EPSTEIN-BARR
;;;;2280570;PESQUISA DE ANTICORPOS IRREGULARES PELO METODO DA ELUICAO
;;;;2280571;PESQUISA DE ANTICORPOS SERICOS IRREGULARES 37OC
;;;;2280572;PESQUISA DE ANTICORPOS SERICOS IRREGULARES A FRIO
;;;;2280331;PESQUISA DE ATIVIDADE DO COFATOR DE RISTOCETINA
;;;;2280452;PESQUISA DE BACILO DIFTERICO
;;;;2280425;PESQUISA DE BETA-MERCAPTO-LACTATO-DISSULFIDURIA
;;;;2280457;PESQUISA DE CADEIAS LEVES KAPPA E LAMBDA
;;;;2280552;PESQUISA DE CARACTERES FISICOS NO LIQUOR
;;;;2280553;PESQUISA DE CELULAS ORANGIOFILAS
;;;;2280458;PESQUISA DE CISTINA NA URINA
;;;;2280459;PESQUISA DE COPROPORFIRINA NA URINA
;;;;2280332;PESQUISA DE CORPUSCULOS DE HEINZ
;;;;2280383;PESQUISA DE CRIOGLOBULINAS
;;;;2280554;PESQUISA DE CRISTAIS C/ LUZ POLARIZADA
;;;;2280406;PESQUISA DE ENTEROBIUS VERMICULARES (OXIURUS OXIURA)
;;;;2280407;PESQUISA DE EOSINOFILOS
;;;;2280460;PESQUISA DE ERROS INATOS DO METABOLISMO NA URINA
;;;;2280195;PESQUISA DE ESPERMATOZOIDES (APOS VASECTOMIA)
;;;;2280453;PESQUISA DE ESTREPTOCOCOS BETA-HEMOLITICOS DO GRUPO A
;;;;2280629;PESQUISA DE FATOR REUMATOIDE (WAALER-ROSE)
;;;;2280461;PESQUISA DE FENIL-CETONA NA URINA
;;;;2280333;PESQUISA DE FILARIA
;;;;2280462;PESQUISA DE FRUTOSE NA URINA
;;;;2280463;PESQUISA DE GALACTOSE NA URINA
;;;;2280159;PESQUISA DE GORDURA FECAL
;;;;2280454;PESQUISA DE HAEMOPHILUS DUCREY
;;;;2280255;PESQUISA DE HELICOBACTER PYLORI
;;;;2280263;PESQUISA DE HEMOGLOBINA S
;;;;2280464;PESQUISA DE HOMOCISTINA NA URINA
;;;;2280625;PESQUISA DE IMUNOGLOBULINA E (IGE) ALERGENO- ESPECÍFICA - 07
;;;;2280626;PESQUISA DE IMUNOGLOBULINA E (IGE) ALERGENO- ESPECÍFICA - 08
;;;;2280628;PESQUISA DE IMUNOGLOBULINA E (IGE) ALERGENO- ESPECÍFICA - 10
;;;;2280385;PESQUISA DE IMUNOGLOBULINA E (IGE) ALERGENO-ESPECIFICA - 01
;;;;2280386;PESQUISA DE IMUNOGLOBULINA E (IGE) ALERGENO-ESPECIFICA - 02
;;;;2280387;PESQUISA DE IMUNOGLOBULINA E (IGE) ALERGENO-ESPECIFICA - 03
;;;;2280388;PESQUISA DE IMUNOGLOBULINA E (IGE) ALERGENO-ESPECIFICA - 04
;;;;2280389;PESQUISA DE IMUNOGLOBULINA E (IGE) ALERGENO-ESPECIFICA - 05
;;;;2280390;PESQUISA DE IMUNOGLOBULINA E (IGE) ALERGENO-ESPECIFICA - 06
;;;;2280465;PESQUISA DE LACTOSE NA URINA
;;;;2280279;PESQUISA DE LARVAS NAS FEZES
;;;;2280532;PESQUISA DE LEPTOSPIRAS
;;;;2280161;PESQUISA DE LEUCOCITOS FECAIS
;;;;2280408;PESQUISA DE LEVEDURAS NAS FEZES
;;;;2280504;PESQUISA DE MACROPROLACTINA
;;;;2280466;PESQUISA DE MUCOPOLISSACARIDEOS NA URINA
;;;;2280409;PESQUISA DE OVOS DE SCHISTOSOMAS (EM FRAGMENTO DE MUCOSA)
;;;;2280467;PESQUISA DE PORFOBILINOGENIO NA URINA
;;;;2280468;PESQUISA DE PROTEINAS URINARIAS (POR ELETROFORESE)
;;;;2280555;PESQUISA DE RAGOCITOS NO LIQUIDO SINOVIAL E DERRAMES
;;;;2280212;PESQUISA DE ROTAVIRUS NAS FEZES
;;;;2280117;PESQUISA DE SANGUE OCULTO NAS FEZES
;;;;2280410;PESQUISA DE SUBSTANCIAS REDUTORAS NAS FEZES
;;;;2280469;PESQUISA DE TIROSINA NA URINA
;;;;2280280;PESQUISA DE TREPONEMA PALLIDUM
;;;;2280334;PESQUISA DE TRIPANOSSOMA
;;;;2280411;PESQUISA DE TRIPSINA NAS FEZES
;;;;2280412;PESQUISA DE TROFOZOITAS NAS FEZES
;;;;2280685;PESQUISA LABORATORIAL ANTIGENO SUPERFICIE VIRUS HEPATITE B(HBSAG) EXCETO GESTANTE PARCEIRO
;;;;2280691;PESQUISA LABORATORIAL ANTIGENOS HIV-ANTICORPOS ANTI-HIV-1/ ANTI-HIV-2 EXCETO GESTANTE PARCEIRO
;;;;2280688;PESQUISA LABORATORIAL D/ ANTICORPOS CONTRA VIRUS D/HEPATITE C(ANTI-HCV) POP/GESTANTE E PARCEIROS
;;;;2280694;PESQUISA LABORATORIAL D/ANTICORPOS ANTI-HTLV-1+HTLV-2 P/POPULACAO EXCETO GESTANTE , PARCEIROS
;;;;2280118;PROGESTERONA
;;;;2280119;PROLACTINA
;;;;2280120;PROTEINA C REATIVA, DETERMINACAO QUANTITATIVA
;;;;2280121;PROTEINAS TOTAIS E FRACOES
;;;;2280455;PROVA CONFIRMATÓRIA DA PRESENÇA DE MICRO-ORGANISMOS COLIFORMES
;;;;2280310;PROVA DA D-XILOSE
;;;;2280335;PROVA DE CONSUMO DE PROTROMBINA
;;;;2280470;PROVA DE DILUICAO (URINA)
;;;;2280196;PROVA DE PROGRESSAO ESPERMATICA (CADA)
;;;;2280123;PROVA DO LACO
;;;;2280556;PROVA DO LATEX P/ HAEMOPHILLUS INFLUENZAE, STREPTOCOCCUS PNEUMONIAE, NEISSERIA MENINGITIDIS (SOROTIP
;;;;2280557;PROVA DO LATEX P/ PESQUISA DO FATOR REUMATOIDE
;;;;2280391;PROVAS DE PRAUSNITZ-KUSTNER (PK)
;;;;2280392;PROVAS IMUNO-ALERGICAS BACTERIANAS
;;;;2280124;PSA LIVRE
;;;;2280126;PSA TOTAL
;;;;2280566;QUANTIFICAÇÃO/AMPLIFICAÇÃO DO HER-2
;;;;2280336;RASTREIO P/ DEFICIENCIA DE ENZIMAS ERITROCITARIAS
;;;;2280394;REACAO DE MONTENEGRO ID
;;;;2280558;REACAO DE PANDY
;;;;2280559;REACAO DE RIVALTA NO LIQUIDO SINOVIAL E DERRAMES
;;;;2280162;RETICULOCITOS - CONTAGEM
;;;;2280127;RETRACAO DO COAGULO
;;;;2280128;RUBEOLA , ANTICORPOS IGG
;;;;2280129;RUBEOLA , ANTICORPOS IGM
;;;;2280599;SODIO ( NA URINA 24 HORAS)
;;;;2280703;TESTE CONFIRMATORIO C/ PESQUISA D/ ANTICORPOS ANTI-HTLV-1+ANTI-HTLV-2 EXCETO GESTANTE PARCEIRO
;;;;2280337;TESTE DE AGREGACAO DE PLAQUETAS
;;;;2280560;TESTE DE CLEMENTS
;;;;2280499;TESTE DE ESTIMULO COM GNRH OU COM AGONISTA GNRH
;;;;2280497;TESTE DE ESTIMULO DA PROLACTINA / TSH APOS TRH
;;;;2280498;TESTE DE ESTIMULO DA PROLACTINA APOS CLORPROMAZINA
;;;;2280500;TESTE DE ESTIMULO DO HGH APOS GLUCAGON
;;;;2280561;TESTE DE GASTROACIDOGRAMA - SECRECAO BASAL POR 60 EM 4 AMOSTRAS
;;;;2280338;TESTE DE HAM (HEMOLISE ACIDA)
;;;;2280562;TESTE DE HOLLANDER NO SUCO GASTRICO
;;;;2280501;TESTE DE SUPRESSAO DO CORTISOL APOS DEXAMETASONA
;;;;2280502;TESTE DE SUPRESSAO DO HGH APOS GLICOSE
;;;;2280311;TESTE DE TOLERANCIA A INSULINA / HIPOGLICEMIANTES ORAIS
;;;;2280130;TESTE DE VDRL P/ DETECCAO DE SIFILIS
;;;;2280503;TESTE P/ INVESTIGACAO DO DIABETES INSIPIDUS
;;;;2280395;TESTES ALERGICOS DE CONTATO
;;;;2280396;TESTES CUTANEOS DE LEITURA IMEDIATA
;;;;2280131;TESTOSTERONA LIVRE
;;;;2280132;TESTOSTERONA TOTAL
;;;;2280133;TGO
;;;;2280134;TGP
;;;;2280135;TIREOGLOBULINA
;;;;2280136;TIROXINA - T4
;;;;2280137;TIROXINA LIVRE (T4 LIVRE)
;;;;2280573;TITULACAO DE ANTICORPOS ANTI A E/OU ANTI B
;;;;2280138;TOXOPLASMOSE  IFI-IGG
;;;;2280139;TOXOPLASMOSE IFI (IGM)
;;;;2280140;TRANSFERRINA
;;;;2280141;TRIGLICERIDEOS
;;;;2280142;TRIIODOTIRONINA -  T3
;;;;2280143;TSH - HORMONIO ESTIMULANTE TIREOIDE
;;;;2280144;UREIA
;;;;2280145;UREIA, DOSAGEM EM URINA DE 24 HS
;;;;2280146;VDRL P/ DETECCAO DE SIFILIS EM GESTANTE
;;;;2280147;VELOCIDADE DE HEMOSSEDIMENTACAO (VHS)
;;;;2280148;VITAMINA B12
;;1101000;GRUPO - PATOLOGIA CLINICA (EXAMES DE LABORATORIO);;
;;2400000;GRUPO - PATOLOGIA CLINICA (REGULACAO);;
;;;;2400022;DETECCAO DE RNA DO VIRUS DA HEPATITE C (QUALITATIVO)
;;;;2400023;QUANTIFICACAO DE RNA DO VIRUS DA HEPATITE C
;LABORATORIO DISTRITAL LESTE;;;;
;;1104000;GRUPO - EXAMES SOROLOGICOS E IMUNOLOGICOS;;
;;1101000;GRUPO - PATOLOGIA CLINICA (EXAMES DE LABORATORIO);;
;;;;1101064;CITOMEGALOVIRUS , IFI (IGG)
;;;;1101065;CITOMEGALOVIRUS , IFI (IGM)
;;;;1101190;ESTRADIOL
;;;;1101075;FOLICULO ESTIMULANTE, HORMONIO - FSH
;;;;1101188;LH LUTEINIZANTE HORMONIO
;;;;1101771;PROGESTERONA
;;;;1101124;PROLACTINA
;;;;1101133;PSA (ANTIGENO PROSTATICO ESPECIFICO)
;;;;1101140;RUBEOLA , ANTICORPOS IGG
;;;;1101748;RUBEOLA , ANTICORPOS IGM
;;;;1101160;TESTOSTERONA TOTAL
;;;;1101317;TIROXINA LIVRE (T4 LIVRE)
;;;;1101168;TRIIODOTIRONINA -  T3
;;;;1101787;TSH - HORMONIO TIREOESTIMULANTE
;LABORATORIO DISTRITAL NORTE PROFESSOR MANOEL BASTOS LIRA;;;;
;;1104000;GRUPO - EXAMES SOROLOGICOS E IMUNOLOGICOS;;
;;1101000;GRUPO - PATOLOGIA CLINICA (EXAMES DE LABORATORIO);;
;LABORATORIO DISTRITAL OESTE;;;;
;;1104000;GRUPO - EXAMES SOROLOGICOS E IMUNOLOGICOS;;
;;1101000;GRUPO - PATOLOGIA CLINICA (EXAMES DE LABORATORIO);;
;LABORATORIO DISTRITAL SUL;;;;
;;1101000;GRUPO - PATOLOGIA CLINICA (EXAMES DE LABORATORIO);;
;;;;1101064;CITOMEGALOVIRUS , IFI (IGG)
;;;;1101065;CITOMEGALOVIRUS , IFI (IGM)
;;;;1101190;ESTRADIOL
;;;;1101075;FOLICULO ESTIMULANTE, HORMONIO - FSH
;;;;1101188;LH LUTEINIZANTE HORMONIO
;;;;1101771;PROGESTERONA
;;;;1101124;PROLACTINA
;;;;1101133;PSA (ANTIGENO PROSTATICO ESPECIFICO)
;;;;1101140;RUBEOLA , ANTICORPOS IGG
;;;;1101748;RUBEOLA , ANTICORPOS IGM
;;;;1101160;TESTOSTERONA TOTAL
;;;;1101317;TIROXINA LIVRE (T4 LIVRE)
;;;;1101168;TRIIODOTIRONINA -  T3
;;;;1101787;TSH - HORMONIO TIREOESTIMULANTE
;LABORATORIO DR COSTACURTA;;;;
;;2280000;GRUPO - PATOLOGIA CLINICA (EXAMES DE LABORATORIO 2);;
;;;;2280219;17 ALFA HIDROXI PROGESTERONA
;;;;2280313;ACIDEZ TITULÁVEL NO LEITE HUMANO (DORNIC)
;;;;2280220;ACIDO ASCORBICO
;;;;2280001;ACIDO FOLICO
;;;;2280002;ACIDO URICO
;;;;2280534;ACIDO URICO LIQUIDO NO SINOVIAL E DERRAMES
;;;;2280003;ACIDO URICO URINARIO
;;;;2280535;ADENOGRAMA
;;;;2280004;ADRENOCORTICOTROFICO, HORMONIO - ACTH
;;;;2280225;ALFA 1 ANTITRIPSINA
;;;;2280005;ALFA 1 GLICOPROTEINA ACIDA
;;;;2280226;ALFA FETO PROTEINA
;;;;2280006;AMILASE
;;;;2280007;ANDROSTENEDIONA
;;;;2280009;ANTI HBC - IGM ANTICORPOS IGM CONTRA ANTIGENO C DA HEPATITE B (ANTI-HBC-IGM)
;;;;2280011;ANTI HBE - ANTICORPOS CONTRA ANTIGENO E DA HEPATITE B
;;;;2280012;ANTI HBS - ANTICORPOS CONTRA ANTIGENO S DA HEPATITE B
;;;;2280015;ANTIBIOGRAMA
;;;;2280446;ANTIBIOGRAMA C/ CONCENTRACAO INIBITORIA MINIMA
;;;;2280181;ANTIBIOGRAMA P/ MICOBACTERIAS
;;;;2280613;ANTICORPOS ANTI-PLAQUETARIOS - DETERMINAÇÃO
;;;;2280018;ANTIPEROXIDASE /ANTI TPO
;;;;2280022;BACILOSCOPIA DIRETA P/ BAAR (HANSENIASE)
;;;;2280447;BACILOSCOPIA DIRETA P/ BAAR TUBERCULOS (CONTROLE)
;;;;2280023;BACILOSCOPIA DIRETA P/ BAAR TUBERCULOSE (DIAGNOSTICA)
;;;;2280024;BACTEROSCOPIA (GRAM)
;;;;2280221;BETA 2 MICROGLOBULINA
;;;;2280025;BILIRRUBINA TOTAL E FRACOES
;;;;2280029;CALCIO
;;;;2280030;CALCIO IONIZAVEL
;;;;2280031;CALCIO URINARIO
;;;;2280033;CEA (ANTIGENO CARCINOEMBRIOGENICO)
;;;;2280034;CELULAS LE - PESQUISA
;;;;2280035;CHAGAS , IFI
;;;;2280259;CHUMBO
;;;;2280260;CHUMBO URINARIO
;;;;2280536;CITOLOGIA P/ CLAMIDIA
;;;;2280537;CITOLOGIA P/ HERPESVIRUS
;;;;2280038;CITOMEGALOVIRUS , IFI (IGG)
;;;;2280039;CITOMEGALOVIRUS , IFI (IGM)
;;;;2280314;CITOQUIMICA HEMATOLOGICA
;;;;2280040;CLEARANCE DE CREATININA
;;;;2280413;CLEARANCE DE FOSFATO
;;;;2280414;CLEARANCE DE UREIA
;;;;2280281;CLEARANCE OSMOLAR
;;;;2280041;CLORETO
;;;;2280042;COLESTEROL ( LDL)
;;;;2280043;COLESTEROL (HDL)
;;;;2280045;COLESTEROL TOTAL
;;;;2280229;COMPLEMENTO ( CH50 ) , DOSAGEM
;;;;2280047;COMPLEMENTO C3 , IDR
;;;;2280048;COMPLEMENTO C4 , IDR
;;;;2280415;CONTAGEM DE ADDIS
;;;;2280432;CONTAGEM DE LINFOCITOS T TOTAIS
;;;;2280049;CONTAGEM DE PLAQUETAS
;;;;2280538;CONTAGEM ESPECIFICA DE CELULAS NO LIQUOR
;;;;2280539;CONTAGEM GLOBAL DE CELULAS NO LIQUOR
;;;;2280050;COOMBS  INDIRETO (INCLUI QUANTITATIVO)
;;;;2280051;COOMBS DIRETO
;;;;2280053;CREATININA
;;;;2280054;CREATININA, DOSAGEM EM URINA DE 24 HS
;;;;2280055;CREATINOFOSFOQUINASE - FRACAO MB
;;;;2280164;CULTURA DE BACTERIAS PARA INDENTIFICACAO
;;;;2280448;CULTURA DO LEITE HUMANO (POS-PASTEURIZAÇÃO)
;;;;2280449;CULTURA P/ HERPESVIRUS
;;;;2280210;CULTURA PARA BAAR
;;;;2280165;CULTURA PARA BACTERIAS ANAEROBICAS
;;;;2280057;CULTURA PARA IDENTIFICACAO DE FUNGOS
;;;;2280058;CURVA GLICEMICA CLASSICA 5 DOSAGENS-ORAL
;;;;2280059;DEHIDROEPIANDROSTERONA - DHEA
;;;;2280339;DETECCAO DE ÁCIDOS NUCLEICOS DO HIV-1 (QUALITATIVO)
;;;;2280382;DETECÇÃO DE CLAMÍDIA E GONOCOCO POR BIOLOGIA MOLECULAR
;;;;2280203;DETERMINACAO DE CAPACIDADE DE FIXACAO DO FERRO
;;;;2280563;DETERMINACAO DE CARIOTIPO EM CULTURA DE LONGA DURACAO (C/ TECNICA DE BANDAS)
;;;;2280564;DETERMINACAO DE CARIOTIPO EM MEDULA OSSEA E VILOSIDADES CORIONICAS (C/ TECNICA DE BANDAS)
;;;;2280565;DETERMINACAO DE CARIOTIPO EM SANGUE PERIFERICO (C/ TECNICA DE BANDAS)
;;;;2280312;DETERMINAÇÃO DE CREMATÓCRITO NO LEITE HUMANO ORDENHADO
;;;;2280282;DETERMINACAO DE CROMATOGRAFIA DE AMINOACIDOS
;;;;2280315;DETERMINACAO DE CURVA DE RESISTENCIA GLOBULAR
;;;;2280167;DETERMINACAO DE CURVA GLICEMICA (2 DOSAGENS)
;;;;2280283;DETERMINACAO DE CURVA GLICEMICA C/ INDUCAO POR CORTISONA ( 5 DOSAGENS)
;;;;2280284;DETERMINACAO DE CURVA GLICEMICA C/ INDUCAO POR CORTISONA (4 DOSAGENS)
;;;;2280316;DETERMINACAO DE ENZIMAS ERITROCITARIAS (CADA)
;;;;2280540;DETERMINACAO DE FOSFOLIPIDIOS RELACAO LECITINA - ESFINGOMIELINA NO LIQUIDO AMNIOTICO
;;;;2280485;DETERMINACAO DE INDICE DE TIROXINA LIVRE
;;;;2280416;DETERMINACAO DE OSMOLALIDADE
;;;;2280285;DETERMINACAO DE OSMOLARIDADE
;;;;2280486;DETERMINACAO DE RETENCAO DE T3
;;;;2280317;DETERMINACAO DE SULFO-HEMOGLOBINA
;;;;2280487;DETERMINACAO DE T3 REVERSO
;;;;2280060;DETERMINACAO DE TEMPO DE COAGULACAO
;;;;2280318;DETERMINACAO DE TEMPO DE LISE DA EUGLOBULINA
;;;;2280061;DETERMINACAO DE TEMPO DE SANGRAMENTO ( DUKE )
;;;;2280319;DETERMINACAO DE TEMPO DE SANGRAMENTO DE IVY
;;;;2280320;DETERMINACAO DE TEMPO DE SOBREVIDA DE HEMACIAS
;;;;2280168;DETERMINACAO DE TEMPO DE TROMBINA
;;;;2280062;DETERMINACAO DE TEMPO DE TROMBOPLASTINA PARCIAL  (TTP A)
;;;;2280063;DETERMINACAO DE TEMPO E ATIVIDADE DA PROTROMBINA (TAP)
;;;;2280235;DIHIDROTESTOSTERONA - DHT
;;;;2280398;DOSAGEM DA FRAÇÃO C1Q DO COMPLEMENTO
;;;;2280488;DOSAGEM DE 17-CETOSTEROIDES TOTAIS
;;;;2280489;DOSAGEM DE 17-HIDROXICORTICOSTEROIDES
;;;;2280177;DOSAGEM DE 25 HIDROXIVITAMINA D
;;;;2280286;DOSAGEM DE 5-NUCLEOTIDASE
;;;;2280287;DOSAGEM DE ACETONA
;;;;2280265;DOSAGEM DE ACIDO 5-HIDROXI-INDOL-ACETICO (SEROTONINA)
;;;;2280505;DOSAGEM DE ACIDO DELTA-AMINOLEVULINICO
;;;;2280506;DOSAGEM DE ACIDO HIPURICO
;;;;2280507;DOSAGEM DE ACIDO MANDELICO
;;;;2280508;DOSAGEM DE ACIDO METIL-HIPURICO
;;;;2280509;DOSAGEM DE ACIDO VALPROICO
;;;;2280288;DOSAGEM DE ACIDO VANILMANDELICO
;;;;2280289;DOSAGEM DE ALDOLASE
;;;;2280490;DOSAGEM DE ALDOSTERONA
;;;;2280290;DOSAGEM DE ALFA-2-MACROGLOBULINA
;;;;2280510;DOSAGEM DE ALUMINIO
;;;;2280291;DOSAGEM DE AMONIA
;;;;2280491;DOSAGEM DE AMP CICLICO
;;;;2280511;DOSAGEM DE ANFETAMINAS
;;;;2280321;DOSAGEM DE ANTICOAGULANTE CIRCULANTE
;;;;2280397;DOSAGEM DE ANTICORPOS ANTITRANSGLUTAMINAISE RECOMBINANTE HUMANO IGA
;;;;2280227;DOSAGEM DE ANTITROMBINA III
;;;;2280512;DOSAGEM DE BARBITURATOS
;;;;2280513;DOSAGEM DE CADMIO
;;;;2280492;DOSAGEM DE CALCITONINA
;;;;2280514;DOSAGEM DE CARBAMAZEPINA
;;;;2280515;DOSAGEM DE CARBOXI-HEMOGLOBINA
;;;;2280292;DOSAGEM DE CAROTENO
;;;;2280293;DOSAGEM DE CERULOPLASMINA
;;;;2280516;DOSAGEM DE CICLOSPORINA
;;;;2280418;DOSAGEM DE CITRATO
;;;;2280517;DOSAGEM DE COBRE
;;;;2280294;DOSAGEM DE COLINESTERASE
;;;;2280178;DOSAGEM DE CORTISOL
;;;;2280541;DOSAGEM DE CREATININA NO LIQUIDO AMNIOTICO
;;;;2280066;DOSAGEM DE CREATINOFOSFOQUINASE (CPK)
;;;;2280341;DOSAGEM DE CRIOAGLUTININA
;;;;2280295;DOSAGEM DE DESIDROGENASE ALFA-HIDROXIBUTIRICA
;;;;2280296;DOSAGEM DE DESIDROGENASE GLUTAMICA
;;;;2280067;DOSAGEM DE DESIDROGENASE LATICA
;;;;2280297;DOSAGEM DE DESIDROGENASE LATICA (ISOENZIMAS FRACIONADAS)
;;;;2280403;DOSAGEM DE ESTERCOBILINOGENIO FECAL
;;;;2280186;DOSAGEM DE ESTRIOL
;;;;2280187;DOSAGEM DE ESTRONA
;;;;2280322;DOSAGEM DE FATOR V
;;;;2280323;DOSAGEM DE FATOR VIII (INIBIDOR)
;;;;2280324;DOSAGEM DE FATOR VON WILLEBRAND (ANTIGENO)
;;;;2280325;DOSAGEM DE FATOR XIII
;;;;2280518;DOSAGEM DE FENITOINA
;;;;2280519;DOSAGEM DE FENOL
;;;;2280326;DOSAGEM DE FIBRINOGENIO
;;;;2280520;DOSAGEM DE FORMALDEIDO
;;;;2280551;DOSAGEM DE FOSFATASE ÁCIDA NO ESPERMA
;;;;2280298;DOSAGEM DE FOSFATASE ACIDA TOTAL
;;;;2280542;DOSAGEM DE FOSFATASE ALCALINA NO ESPERMA
;;;;2280299;DOSAGEM DE FRACAO PROSTATICA DA FOSFATASE ACIDA
;;;;2280252;DOSAGEM DE FRUTOSE
;;;;2280197;DOSAGEM DE FRUTOSE NO ESPERMA
;;;;2280300;DOSAGEM DE GALACTOSE
;;;;2280253;DOSAGEM DE GASTRINA
;;;;2280543;DOSAGEM DE GLICOSE NO LIQUIDO SINOVIAL E DERRAMES
;;;;2280301;DOSAGEM DE GLICOSE-6-FOSFATO DESIDROGENASE
;;;;2280493;DOSAGEM DE GLOBULINA TRANSPORTADORA DE TIROXINA
;;;;2280207;DOSAGEM DE GORDURA FECAL
;;;;2280254;DOSAGEM DE HAPTOGLOBINA
;;;;2280068;DOSAGEM DE HEMOGLOBINA
;;;;2280327;DOSAGEM DE HEMOGLOBINA - INSTABILIDADE A 37OC
;;;;2280328;DOSAGEM DE HEMOGLOBINA FETAL
;;;;2280329;DOSAGEM DE HEMOSSIDERINA
;;;;2280302;DOSAGEM DE HIDROXIPROLINA
;;;;2280175;DOSAGEM DE IMUNOGLOBULINA A (IGA)
;;;;2280174;DOSAGEM DE IMUNOGLOBULINA E (IGE)
;;;;2280176;DOSAGEM DE IMUNOGLOBULINA M (IGM)
;;;;2280257;DOSAGEM DE INIBIDOR DE C1-ESTERASE
;;;;2280303;DOSAGEM DE ISOMERASE-FOSFOHEXOSE
;;;;2280304;DOSAGEM DE LACTATO
;;;;2280305;DOSAGEM DE LEUCINO-AMINOPEPTIDASE
;;;;2280521;DOSAGEM DE MERCURIO
;;;;2280522;DOSAGEM DE META-HEMOGLOBINA
;;;;2280523;DOSAGEM DE METOTREXATO
;;;;2280194;DOSAGEM DE MICROALBUMINA NA URINA
;;;;2280419;DOSAGEM DE OXALATO
;;;;2280202;DOSAGEM DE PEPTIDEO C
;;;;2280306;DOSAGEM DE PIRUVATO
;;;;2280330;DOSAGEM DE PLASMINOGENIO
;;;;2280307;DOSAGEM DE PORFIRINAS
;;;;2280069;DOSAGEM DE POTASSIO
;;;;2280273;DOSAGEM DE PROTEINA C REATIVA
;;;;2280070;DOSAGEM DE PROTEINAS ( URINA DE 24 HORAS )
;;;;2280544;DOSAGEM DE PROTEINAS NO LIQUIDO SINOVIAL E DERRAMES
;;;;2280169;DOSAGEM DE PROTEINAS TOTAIS
;;;;2280494;DOSAGEM DE RENINA
;;;;2280071;DOSAGEM DE SODIO
;;;;2280267;DOSAGEM DE SOMATOMEDINA C (IGF1)
;;;;2280495;DOSAGEM DE SULFATO DE HIDROEPIANDROSTERONA (DHEAS)
;;;;2280308;DOSAGEM DE TRIPTOFANO
;;;;2280211;DOSAGEM DE TROPONINA
;;;;2280185;DOSAGEM DE ZINCO
;;;;2280188;DOSAGEM DO  ANTIGENO  CA 125
;;;;2280420;DOSAGEM E/OU FRACIONAMENTO DE ACIDOS ORGANICOS
;;;;2280072;EAS - SUMARIO DE URINA
;;;;2280237;ELETROFORESE DE HEMOGLOBINA
;;;;2280238;ELETROFORESE DE LIPOPROTEINAS
;;;;2280236;ELETROFORESE DE PROTEINAS
;;;;2280545;ELETROFORESE DE PROTEINAS C/ CONCENTRACAO NO LIQUOR
;;;;2280154;ERITROGRAMA( ERITROCITOS, HEMOGLOBINA, HEMATOCRITO )
;;;;2280546;ESPECTROFOTOMETRIA NO LIQUIDO AMNIOTICO
;;;;2280547;ESPLENOGRAMA
;;;;2280073;ESTRADIOL
;;;;2280404;EXAME COPROLOGICO FUNCIONAL
;;;;2280548;EXAME DE CARACTERES FISICOS CONTAGEM GLOBAL E ESPECIFICA DE CELULAS
;;;;2280399;EXAME LABORATORIAL PARA DOENÇA DE GAUCHER I
;;;;2280400;EXAME LABORATORIAL PARA DOENÇA DE GAUCHER II
;;;;2280179;EXAME MICROBIOLOGICO A FRESCO ( MICOLOGICO DIRETO)
;;;;2280421;EXAME QUALITATIVO DE CALCULOS URINARIOS
;;;;2280074;FAN - ANTICORPOS ANTI-NUCLEO , IFI
;;;;2280240;FATOR II - DOSAGEM
;;;;2280245;FATOR IX - DOSAGEM
;;;;2280075;FATOR REUMATOIDE , TESTE DO LATEX
;;;;2280076;FATOR RH (INCLUI DO FRACO)
;;;;2280243;FATOR VII - DOSAGEM
;;;;2280244;FATOR VIII - DOSAGEM
;;;;2280246;FATOR X - DOSAGEM
;;;;2280247;FATOR XI - DOSAGEM
;;;;2280248;FATOR XII - DOSAGEM
;;;;2280568;FENOTIPAGEM DE SISTEMA RH - HR
;;;;2280077;FERRITINA
;;;;2280078;FERRO SERICO
;;;;2280079;FOLICULO ESTIMULANTE, HORMONIO - FSH
;;;;2280080;FOSFATASE ALCALINA
;;;;2280082;GAMA-GLUTAMIL TRANSFERASE - GAMA GT
;;;;2280083;GLICEMIA DE JEJUM
;;;;2280084;GLICEMIA POS PRANDIAL
;;;;2280085;GONADOTROFINA CORIONICA - BETA  HCG
;;;;2280086;GRUPO ABO - DETERMINACAO
;;;;2280088;HAV- IGG  ANTICORPOS  IGG CONTRA O VIRUS DA HEPATITE A
;;;;2280089;HAV-IGM   ANTICORPOS  IGM CONTRA O VIRUS DA HEPATITE A
;;;;2280090;HBEAG - ANTIGENO E DA HEPATITE B
;;;;2280092;HEMATOCRITO
;;;;2280450;HEMOCULTURA
;;;;2280094;HEMOGLOBINA GLICOSILADA
;;;;2280095;HEMOGRAMA COMPLETO
;;;;2280096;HERPES SIMPLES , PESQUISA DE ANTICORPOS, IGG
;;;;2280097;HERPES SIMPLES , PESQUISA DE ANTICORPOS, IGM
;;;;2280098;HERPES ZOSTER , PESQUISA DE ANTICORPOS , IGM
;;;;2280099;HERPES ZOSTER , PESQUISA DE ANTICORPOS, IGG
;;;;2280160;HORMONIO DE CRESCIMENTO - HGH
;;;;2280180;IDENTIFICAÇAO AUTOMATIZADA DE MICRORGANISMOS
;;;;2280569;IDENTIFICACAO DE ANTICORPOS SERICOS IRREGULARES C/ PAINEL DE HEMACIAS
;;;;2280405;IDENTIFICACAO DE FRAGMENTOS DE HELMINTOS
;;;;2280417;IDENTIFICAÇÃO DE GLICÍDIOS URINÁRIOS POR CROMATOGRAFIA (CAMADA DELGADA)
;;;;2280204;IMUNOELETROFORESE DE PROTEINAS
;;;;2280343;IMUNOFENOTIPAGEM DE HEMOPATIAS MALIGNAS (POR MARCADOR)
;;;;2280101;INSULINA
;;;;2280156;LEUCOGRAMA
;;;;2280102;LH LUTEINIZANTE HORMONIO
;;;;2280232;LINFOCITOS B , CONTAGEM
;;;;2280103;LIPASE
;;;;2280104;LITIO SERICO
;;;;2280105;MAGNESIO
;;;;2280258;MAGNESIO URINARIO
;;;;2280549;MIELOGRAMA
;;;;2280106;MUCO PROTEINAS
;;;;2280107;PARASITOLOGICO (METODOS DE CONCENTRACAO)
;;;;2280111;PARATORMONIO - DOSAGEM
;;;;2280451;PEQUISA DE PNEUMOCYSTI CARINI
;;;;2280422;PESQUISA / DOSAGEM DE AMINOACIDOS (POR CROMATOGRAFIA)
;;;;2280423;PESQUISA DE ALCAPTONA NA URINA
;;;;2280424;PESQUISA DE AMINOACIDOS NA URINA
;;;;2280192;PESQUISA DE ANTICORPO IGG ANTICARDIOLIPINA
;;;;2280193;PESQUISA DE ANTICORPO IGM ANTICARDIOLIPINA
;;;;2280347;PESQUISA DE ANTICORPOS ANTIADENOVIRUS
;;;;2280348;PESQUISA DE ANTICORPOS ANTIAMEBAS
;;;;2280349;PESQUISA DE ANTICORPOS ANTIASPERGILLUS
;;;;2280440;PESQUISA DE ANTICORPOS ANTIBRUCELAS
;;;;2280350;PESQUISA DE ANTICORPOS ANTICISTICERCO
;;;;2280351;PESQUISA DE ANTICORPOS ANTICLAMIDIA (POR IMUNOFLUORESCENCIA)
;;;;2280352;PESQUISA DE ANTICORPOS ANTICORTEX SUPRARENAL
;;;;2280191;PESQUISA DE ANTICORPOS ANTI-DNA
;;;;2280353;PESQUISA DE ANTICORPOS ANTIEQUINOCOCOS
;;;;2280228;PESQUISA DE ANTICORPOS ANTIESCLERODERMA (SCL 70)
;;;;2280354;PESQUISA DE ANTICORPOS ANTIESPERMATOZOIDES
;;;;2280550;PESQUISA DE ANTICORPOS ANTIESPERMATOZOIDES ( ELISA )
;;;;2280441;PESQUISA DE ANTICORPOS ANTIESTREPTOLISINA O (ASLO)
;;;;2280355;PESQUISA DE ANTICORPOS ANTIFIGADO
;;;;2280356;PESQUISA DE ANTICORPOS ANTIGLOMERULO
;;;;2280344;PESQUISA DE ANTICORPOS ANTI-HELICOBACTER PYLORI
;;;;2280345;PESQUISA DE ANTICORPOS ANTI-HIV-1 (WESTERN BLOT)
;;;;2280357;PESQUISA DE ANTICORPOS ANTIILHOTA DE LANGERHANS
;;;;2280358;PESQUISA DE ANTICORPOS ANTIINSULINA
;;;;2280359;PESQUISA DE ANTICORPOS ANTILEPTOSPIRAS
;;;;2280360;PESQUISA DE ANTICORPOS ANTILISTERIA
;;;;2280361;PESQUISA DE ANTICORPOS ANTIMITOCONDRIA
;;;;2280362;PESQUISA DE ANTICORPOS ANTIMUSCULO ESTRIADO
;;;;2280363;PESQUISA DE ANTICORPOS ANTIMUSCULO LISO
;;;;2280364;PESQUISA DE ANTICORPOS ANTIPARIETAIS
;;;;2280365;PESQUISA DE ANTICORPOS ANTIPLASMODIOS
;;;;2280205;PESQUISA DE ANTICORPOS ANTI-RIBONUCLEOPROTEINA (RNP)
;;;;2280346;PESQUISA DE ANTICORPOS ANTI-SCHISTOSOMAS
;;;;2280206;PESQUISA DE ANTICORPOS ANTI-SM
;;;;2280189;PESQUISA DE ANTICORPOS ANTI-SS-A (RO)
;;;;2280190;PESQUISA DE ANTICORPOS ANTI-SS-B (LA)
;;;;2280277;PESQUISA DE ANTICORPOS ANTITIREOGLOBULINA
;;;;2280366;PESQUISA DE ANTICORPOS CONTRA HISTOPLASMA
;;;;2280367;PESQUISA DE ANTICORPOS CONTRA O SPOROTRIX SCHENKII
;;;;2280368;PESQUISA DE ANTICORPOS CONTRA O VIRUS DA HEPATITE D (ANTI-HDV)
;;;;2280369;PESQUISA DE ANTICORPOS CONTRA O VIRUS DO SARAMPO
;;;;2280158;PESQUISA DE ANTICORPOS CONTRA PARACOCCIDIOIDES BRASILIENSIS
;;;;2280370;PESQUISA DE ANTICORPOS E/OU ANTIGENO DO VIRUS SINCICIAL RESPIRATORIO
;;;;2280371;PESQUISA DE ANTICORPOS EIE ANTICLAMIDIA
;;;;2280170;PESQUISA DE ANTICORPOS HETEROFILOS CONTA O VIRUS EPSTEIN BARR (MONONUCLEOSE)
;;;;2280373;PESQUISA DE ANTICORPOS IGG ANTILEISHMANIAS
;;;;2280115;PESQUISA DE ANTICORPOS IGG ANTITRIPANOSOMA CRUZI
;;;;2280376;PESQUISA DE ANTICORPOS IGG CONTRA ARBOVIRUS
;;;;2280199;PESQUISA DE ANTICORPOS IGG CONTRA O VIRUS EPSTEIN-BARR
;;;;2280375;PESQUISA DE ANTICORPOS IGG E IGM CONTRA ANTIGENO CENTRAL DO VIRUS DA HEPATITE B (ANTI-HBC-TOTAL)
;;;;2280378;PESQUISA DE ANTICORPOS IGM ANTILEISHMANIAS
;;;;2280116;PESQUISA DE ANTICORPOS IGM ANTITRIPANOSOMA CRUZI
;;;;2280381;PESQUISA DE ANTICORPOS IGM CONTRA ARBOVIRUS
;;;;2280198;PESQUISA DE ANTICORPOS IGM CONTRA O VIRUS EPSTEIN-BARR
;;;;2280570;PESQUISA DE ANTICORPOS IRREGULARES PELO METODO DA ELUICAO
;;;;2280571;PESQUISA DE ANTICORPOS SERICOS IRREGULARES 37OC
;;;;2280572;PESQUISA DE ANTICORPOS SERICOS IRREGULARES A FRIO
;;;;2280331;PESQUISA DE ATIVIDADE DO COFATOR DE RISTOCETINA
;;;;2280452;PESQUISA DE BACILO DIFTERICO
;;;;2280425;PESQUISA DE BETA-MERCAPTO-LACTATO-DISSULFIDURIA
;;;;2280457;PESQUISA DE CADEIAS LEVES KAPPA E LAMBDA
;;;;2280552;PESQUISA DE CARACTERES FISICOS NO LIQUOR
;;;;2280553;PESQUISA DE CELULAS ORANGIOFILAS
;;;;2280458;PESQUISA DE CISTINA NA URINA
;;;;2280459;PESQUISA DE COPROPORFIRINA NA URINA
;;;;2280332;PESQUISA DE CORPUSCULOS DE HEINZ
;;;;2280383;PESQUISA DE CRIOGLOBULINAS
;;;;2280554;PESQUISA DE CRISTAIS C/ LUZ POLARIZADA
;;;;2280406;PESQUISA DE ENTEROBIUS VERMICULARES (OXIURUS OXIURA)
;;;;2280407;PESQUISA DE EOSINOFILOS
;;;;2280460;PESQUISA DE ERROS INATOS DO METABOLISMO NA URINA
;;;;2280195;PESQUISA DE ESPERMATOZOIDES (APOS VASECTOMIA)
;;;;2280453;PESQUISA DE ESTREPTOCOCOS BETA-HEMOLITICOS DO GRUPO A
;;;;2280629;PESQUISA DE FATOR REUMATOIDE (WAALER-ROSE)
;;;;2280461;PESQUISA DE FENIL-CETONA NA URINA
;;;;2280333;PESQUISA DE FILARIA
;;;;2280462;PESQUISA DE FRUTOSE NA URINA
;;;;2280463;PESQUISA DE GALACTOSE NA URINA
;;;;2280159;PESQUISA DE GORDURA FECAL
;;;;2280454;PESQUISA DE HAEMOPHILUS DUCREY
;;;;2280255;PESQUISA DE HELICOBACTER PYLORI
;;;;2280263;PESQUISA DE HEMOGLOBINA S
;;;;2280464;PESQUISA DE HOMOCISTINA NA URINA
;;;;2280625;PESQUISA DE IMUNOGLOBULINA E (IGE) ALERGENO- ESPECÍFICA - 07
;;;;2280626;PESQUISA DE IMUNOGLOBULINA E (IGE) ALERGENO- ESPECÍFICA - 08
;;;;2280628;PESQUISA DE IMUNOGLOBULINA E (IGE) ALERGENO- ESPECÍFICA - 10
;;;;2280385;PESQUISA DE IMUNOGLOBULINA E (IGE) ALERGENO-ESPECIFICA - 01
;;;;2280386;PESQUISA DE IMUNOGLOBULINA E (IGE) ALERGENO-ESPECIFICA - 02
;;;;2280387;PESQUISA DE IMUNOGLOBULINA E (IGE) ALERGENO-ESPECIFICA - 03
;;;;2280388;PESQUISA DE IMUNOGLOBULINA E (IGE) ALERGENO-ESPECIFICA - 04
;;;;2280389;PESQUISA DE IMUNOGLOBULINA E (IGE) ALERGENO-ESPECIFICA - 05
;;;;2280390;PESQUISA DE IMUNOGLOBULINA E (IGE) ALERGENO-ESPECIFICA - 06
;;;;2280465;PESQUISA DE LACTOSE NA URINA
;;;;2280279;PESQUISA DE LARVAS NAS FEZES
;;;;2280532;PESQUISA DE LEPTOSPIRAS
;;;;2280161;PESQUISA DE LEUCOCITOS FECAIS
;;;;2280408;PESQUISA DE LEVEDURAS NAS FEZES
;;;;2280504;PESQUISA DE MACROPROLACTINA
;;;;2280466;PESQUISA DE MUCOPOLISSACARIDEOS NA URINA
;;;;2280409;PESQUISA DE OVOS DE SCHISTOSOMAS (EM FRAGMENTO DE MUCOSA)
;;;;2280467;PESQUISA DE PORFOBILINOGENIO NA URINA
;;;;2280468;PESQUISA DE PROTEINAS URINARIAS (POR ELETROFORESE)
;;;;2280555;PESQUISA DE RAGOCITOS NO LIQUIDO SINOVIAL E DERRAMES
;;;;2280212;PESQUISA DE ROTAVIRUS NAS FEZES
;;;;2280117;PESQUISA DE SANGUE OCULTO NAS FEZES
;;;;2280410;PESQUISA DE SUBSTANCIAS REDUTORAS NAS FEZES
;;;;2280469;PESQUISA DE TIROSINA NA URINA
;;;;2280280;PESQUISA DE TREPONEMA PALLIDUM
;;;;2280334;PESQUISA DE TRIPANOSSOMA
;;;;2280411;PESQUISA DE TRIPSINA NAS FEZES
;;;;2280412;PESQUISA DE TROFOZOITAS NAS FEZES
;;;;2280118;PROGESTERONA
;;;;2280119;PROLACTINA
;;;;2280120;PROTEINA C REATIVA, DETERMINACAO QUANTITATIVA
;;;;2280121;PROTEINAS TOTAIS E FRACOES
;;;;2280455;PROVA CONFIRMATÓRIA DA PRESENÇA DE MICRO-ORGANISMOS COLIFORMES
;;;;2280310;PROVA DA D-XILOSE
;;;;2280335;PROVA DE CONSUMO DE PROTROMBINA
;;;;2280470;PROVA DE DILUICAO (URINA)
;;;;2280196;PROVA DE PROGRESSAO ESPERMATICA (CADA)
;;;;2280123;PROVA DO LACO
;;;;2280556;PROVA DO LATEX P/ HAEMOPHILLUS INFLUENZAE, STREPTOCOCCUS PNEUMONIAE, NEISSERIA MENINGITIDIS (SOROTIP
;;;;2280557;PROVA DO LATEX P/ PESQUISA DO FATOR REUMATOIDE
;;;;2280391;PROVAS DE PRAUSNITZ-KUSTNER (PK)
;;;;2280392;PROVAS IMUNO-ALERGICAS BACTERIANAS
;;;;2280124;PSA LIVRE
;;;;2280126;PSA TOTAL
;;;;2280566;QUANTIFICAÇÃO/AMPLIFICAÇÃO DO HER-2
;;;;2280336;RASTREIO P/ DEFICIENCIA DE ENZIMAS ERITROCITARIAS
;;;;2280394;REACAO DE MONTENEGRO ID
;;;;2280558;REACAO DE PANDY
;;;;2280559;REACAO DE RIVALTA NO LIQUIDO SINOVIAL E DERRAMES
;;;;2280162;RETICULOCITOS - CONTAGEM
;;;;2280127;RETRACAO DO COAGULO
;;;;2280128;RUBEOLA , ANTICORPOS IGG
;;;;2280129;RUBEOLA , ANTICORPOS IGM
;;;;2280599;SODIO ( NA URINA 24 HORAS)
;;;;2280337;TESTE DE AGREGACAO DE PLAQUETAS
;;;;2280560;TESTE DE CLEMENTS
;;;;2280499;TESTE DE ESTIMULO COM GNRH OU COM AGONISTA GNRH
;;;;2280497;TESTE DE ESTIMULO DA PROLACTINA / TSH APOS TRH
;;;;2280498;TESTE DE ESTIMULO DA PROLACTINA APOS CLORPROMAZINA
;;;;2280500;TESTE DE ESTIMULO DO HGH APOS GLUCAGON
;;;;2280561;TESTE DE GASTROACIDOGRAMA - SECRECAO BASAL POR 60 EM 4 AMOSTRAS
;;;;2280338;TESTE DE HAM (HEMOLISE ACIDA)
;;;;2280562;TESTE DE HOLLANDER NO SUCO GASTRICO
;;;;2280501;TESTE DE SUPRESSAO DO CORTISOL APOS DEXAMETASONA
;;;;2280502;TESTE DE SUPRESSAO DO HGH APOS GLICOSE
;;;;2280311;TESTE DE TOLERANCIA A INSULINA / HIPOGLICEMIANTES ORAIS
;;;;2280130;TESTE DE VDRL P/ DETECCAO DE SIFILIS
;;;;2280503;TESTE P/ INVESTIGACAO DO DIABETES INSIPIDUS
;;;;2280395;TESTES ALERGICOS DE CONTATO
;;;;2280396;TESTES CUTANEOS DE LEITURA IMEDIATA
;;;;2280131;TESTOSTERONA LIVRE
;;;;2280132;TESTOSTERONA TOTAL
;;;;2280133;TGO
;;;;2280134;TGP
;;;;2280135;TIREOGLOBULINA
;;;;2280136;TIROXINA - T4
;;;;2280137;TIROXINA LIVRE (T4 LIVRE)
;;;;2280573;TITULACAO DE ANTICORPOS ANTI A E/OU ANTI B
;;;;2280138;TOXOPLASMOSE  IFI-IGG
;;;;2280139;TOXOPLASMOSE IFI (IGM)
;;;;2280140;TRANSFERRINA
;;;;2280141;TRIGLICERIDEOS
;;;;2280142;TRIIODOTIRONINA -  T3
;;;;2280143;TSH - HORMONIO ESTIMULANTE TIREOIDE
;;;;2280144;UREIA
;;;;2280145;UREIA, DOSAGEM EM URINA DE 24 HS
;;;;2280146;VDRL P/ DETECCAO DE SIFILIS EM GESTANTE
;;;;2280147;VELOCIDADE DE HEMOSSEDIMENTACAO (VHS)
;;;;2280148;VITAMINA B12
;;1101000;GRUPO - PATOLOGIA CLINICA (EXAMES DE LABORATORIO);;
;;2400000;GRUPO - PATOLOGIA CLINICA (REGULACAO);;
;;;;2400022;DETECCAO DE RNA DO VIRUS DA HEPATITE C (QUALITATIVO)
;;;;2400023;QUANTIFICACAO DE RNA DO VIRUS DA HEPATITE C
;LABORATORIO DR DJALMA BATISTA;;;;
;;1101000;GRUPO - PATOLOGIA CLINICA (EXAMES DE LABORATORIO);;
;LABORATORIO DR GILSON MOREIRA;;;;
;;1200000;GRUPO - ANATOMOPATOLOGIA E CITOPATOLOGIA;;
;;2280000;GRUPO - PATOLOGIA CLINICA (EXAMES DE LABORATORIO 2);;
;;1101000;GRUPO - PATOLOGIA CLINICA (EXAMES DE LABORATORIO);;
;;2400000;GRUPO - PATOLOGIA CLINICA (REGULACAO);;
;;;;2400022;DETECCAO DE RNA DO VIRUS DA HEPATITE C (QUALITATIVO)
;;;;2400023;QUANTIFICACAO DE RNA DO VIRUS DA HEPATITE C
;LABORATORIO NOBEL;;;;
;;2280000;GRUPO - PATOLOGIA CLINICA (EXAMES DE LABORATORIO 2);;
;;;;2280219;17 ALFA HIDROXI PROGESTERONA
;;;;2280313;ACIDEZ TITULÁVEL NO LEITE HUMANO (DORNIC)
;;;;2280220;ACIDO ASCORBICO
;;;;2280001;ACIDO FOLICO
;;;;2280002;ACIDO URICO
;;;;2280534;ACIDO URICO LIQUIDO NO SINOVIAL E DERRAMES
;;;;2280535;ADENOGRAMA
;;;;2280004;ADRENOCORTICOTROFICO, HORMONIO - ACTH
;;;;2280225;ALFA 1 ANTITRIPSINA
;;;;2280005;ALFA 1 GLICOPROTEINA ACIDA
;;;;2280226;ALFA FETO PROTEINA
;;;;2280006;AMILASE
;;;;2280007;ANDROSTENEDIONA
;;;;2280009;ANTI HBC - IGM ANTICORPOS IGM CONTRA ANTIGENO C DA HEPATITE B (ANTI-HBC-IGM)
;;;;2280011;ANTI HBE - ANTICORPOS CONTRA ANTIGENO E DA HEPATITE B
;;;;2280012;ANTI HBS - ANTICORPOS CONTRA ANTIGENO S DA HEPATITE B
;;;;2280015;ANTIBIOGRAMA
;;;;2280446;ANTIBIOGRAMA C/ CONCENTRACAO INIBITORIA MINIMA
;;;;2280181;ANTIBIOGRAMA P/ MICOBACTERIAS
;;;;2280613;ANTICORPOS ANTI-PLAQUETARIOS - DETERMINAÇÃO
;;;;2280018;ANTIPEROXIDASE /ANTI TPO
;;;;2280022;BACILOSCOPIA DIRETA P/ BAAR (HANSENIASE)
;;;;2280447;BACILOSCOPIA DIRETA P/ BAAR TUBERCULOS (CONTROLE)
;;;;2280023;BACILOSCOPIA DIRETA P/ BAAR TUBERCULOSE (DIAGNOSTICA)
;;;;2280024;BACTEROSCOPIA (GRAM)
;;;;2280221;BETA 2 MICROGLOBULINA
;;;;2280025;BILIRRUBINA TOTAL E FRACOES
;;;;2280029;CALCIO
;;;;2280030;CALCIO IONIZAVEL
;;;;2280033;CEA (ANTIGENO CARCINOEMBRIOGENICO)
;;;;2280034;CELULAS LE - PESQUISA
;;;;2280035;CHAGAS , IFI
;;;;2280259;CHUMBO
;;;;2280260;CHUMBO URINARIO
;;;;2280536;CITOLOGIA P/ CLAMIDIA
;;;;2280537;CITOLOGIA P/ HERPESVIRUS
;;;;2280038;CITOMEGALOVIRUS , IFI (IGG)
;;;;2280039;CITOMEGALOVIRUS , IFI (IGM)
;;;;2280314;CITOQUIMICA HEMATOLOGICA
;;;;2280040;CLEARANCE DE CREATININA
;;;;2280413;CLEARANCE DE FOSFATO
;;;;2280414;CLEARANCE DE UREIA
;;;;2280281;CLEARANCE OSMOLAR
;;;;2280041;CLORETO
;;;;2280042;COLESTEROL ( LDL)
;;;;2280043;COLESTEROL (HDL)
;;;;2280045;COLESTEROL TOTAL
;;;;2280229;COMPLEMENTO ( CH50 ) , DOSAGEM
;;;;2280047;COMPLEMENTO C3 , IDR
;;;;2280048;COMPLEMENTO C4 , IDR
;;;;2280415;CONTAGEM DE ADDIS
;;;;2280432;CONTAGEM DE LINFOCITOS T TOTAIS
;;;;2280049;CONTAGEM DE PLAQUETAS
;;;;2280538;CONTAGEM ESPECIFICA DE CELULAS NO LIQUOR
;;;;2280539;CONTAGEM GLOBAL DE CELULAS NO LIQUOR
;;;;2280050;COOMBS  INDIRETO (INCLUI QUANTITATIVO)
;;;;2280051;COOMBS DIRETO
;;;;2280053;CREATININA
;;;;2280054;CREATININA, DOSAGEM EM URINA DE 24 HS
;;;;2280055;CREATINOFOSFOQUINASE - FRACAO MB
;;;;2280164;CULTURA DE BACTERIAS PARA INDENTIFICACAO
;;;;2280448;CULTURA DO LEITE HUMANO (POS-PASTEURIZAÇÃO)
;;;;2280449;CULTURA P/ HERPESVIRUS
;;;;2280210;CULTURA PARA BAAR
;;;;2280165;CULTURA PARA BACTERIAS ANAEROBICAS
;;;;2280057;CULTURA PARA IDENTIFICACAO DE FUNGOS
;;;;2280058;CURVA GLICEMICA CLASSICA 5 DOSAGENS-ORAL
;;;;2280059;DEHIDROEPIANDROSTERONA - DHEA
;;;;2280697;DETECCAO D/ DNA PROVIRAL D/ HTLV-1 E D/ HTLV-2 P/ POPULACAO EXCETO GESTANTE , PARCEIRO E PARCERIA
;;;;2280339;DETECCAO DE ÁCIDOS NUCLEICOS DO HIV-1 (QUALITATIVO)
;;;;2280382;DETECÇÃO DE CLAMÍDIA E GONOCOCO POR BIOLOGIA MOLECULAR
;;;;2280203;DETERMINACAO DE CAPACIDADE DE FIXACAO DO FERRO
;;;;2280563;DETERMINACAO DE CARIOTIPO EM CULTURA DE LONGA DURACAO (C/ TECNICA DE BANDAS)
;;;;2280564;DETERMINACAO DE CARIOTIPO EM MEDULA OSSEA E VILOSIDADES CORIONICAS (C/ TECNICA DE BANDAS)
;;;;2280565;DETERMINACAO DE CARIOTIPO EM SANGUE PERIFERICO (C/ TECNICA DE BANDAS)
;;;;2280312;DETERMINAÇÃO DE CREMATÓCRITO NO LEITE HUMANO ORDENHADO
;;;;2280282;DETERMINACAO DE CROMATOGRAFIA DE AMINOACIDOS
;;;;2280315;DETERMINACAO DE CURVA DE RESISTENCIA GLOBULAR
;;;;2280167;DETERMINACAO DE CURVA GLICEMICA (2 DOSAGENS)
;;;;2280283;DETERMINACAO DE CURVA GLICEMICA C/ INDUCAO POR CORTISONA ( 5 DOSAGENS)
;;;;2280284;DETERMINACAO DE CURVA GLICEMICA C/ INDUCAO POR CORTISONA (4 DOSAGENS)
;;;;2280316;DETERMINACAO DE ENZIMAS ERITROCITARIAS (CADA)
;;;;2280540;DETERMINACAO DE FOSFOLIPIDIOS RELACAO LECITINA - ESFINGOMIELINA NO LIQUIDO AMNIOTICO
;;;;2280485;DETERMINACAO DE INDICE DE TIROXINA LIVRE
;;;;2280416;DETERMINACAO DE OSMOLALIDADE
;;;;2280285;DETERMINACAO DE OSMOLARIDADE
;;;;2280486;DETERMINACAO DE RETENCAO DE T3
;;;;2280317;DETERMINACAO DE SULFO-HEMOGLOBINA
;;;;2280487;DETERMINACAO DE T3 REVERSO
;;;;2280060;DETERMINACAO DE TEMPO DE COAGULACAO
;;;;2280318;DETERMINACAO DE TEMPO DE LISE DA EUGLOBULINA
;;;;2280061;DETERMINACAO DE TEMPO DE SANGRAMENTO ( DUKE )
;;;;2280319;DETERMINACAO DE TEMPO DE SANGRAMENTO DE IVY
;;;;2280320;DETERMINACAO DE TEMPO DE SOBREVIDA DE HEMACIAS
;;;;2280168;DETERMINACAO DE TEMPO DE TROMBINA
;;;;2280062;DETERMINACAO DE TEMPO DE TROMBOPLASTINA PARCIAL  (TTP A)
;;;;2280063;DETERMINACAO DE TEMPO E ATIVIDADE DA PROTROMBINA (TAP)
;;;;2280235;DIHIDROTESTOSTERONA - DHT
;;;;2280398;DOSAGEM DA FRAÇÃO C1Q DO COMPLEMENTO
;;;;2280488;DOSAGEM DE 17-CETOSTEROIDES TOTAIS
;;;;2280489;DOSAGEM DE 17-HIDROXICORTICOSTEROIDES
;;;;2280177;DOSAGEM DE 25 HIDROXIVITAMINA D
;;;;2280286;DOSAGEM DE 5-NUCLEOTIDASE
;;;;2280287;DOSAGEM DE ACETONA
;;;;2280265;DOSAGEM DE ACIDO 5-HIDROXI-INDOL-ACETICO (SEROTONINA)
;;;;2280505;DOSAGEM DE ACIDO DELTA-AMINOLEVULINICO
;;;;2280506;DOSAGEM DE ACIDO HIPURICO
;;;;2280507;DOSAGEM DE ACIDO MANDELICO
;;;;2280508;DOSAGEM DE ACIDO METIL-HIPURICO
;;;;2280509;DOSAGEM DE ACIDO VALPROICO
;;;;2280288;DOSAGEM DE ACIDO VANILMANDELICO
;;;;2280289;DOSAGEM DE ALDOLASE
;;;;2280490;DOSAGEM DE ALDOSTERONA
;;;;2280290;DOSAGEM DE ALFA-2-MACROGLOBULINA
;;;;2280510;DOSAGEM DE ALUMINIO
;;;;2280291;DOSAGEM DE AMONIA
;;;;2280491;DOSAGEM DE AMP CICLICO
;;;;2280511;DOSAGEM DE ANFETAMINAS
;;;;2280321;DOSAGEM DE ANTICOAGULANTE CIRCULANTE
;;;;2280397;DOSAGEM DE ANTICORPOS ANTITRANSGLUTAMINAISE RECOMBINANTE HUMANO IGA
;;;;2280227;DOSAGEM DE ANTITROMBINA III
;;;;2280512;DOSAGEM DE BARBITURATOS
;;;;2280513;DOSAGEM DE CADMIO
;;;;2280492;DOSAGEM DE CALCITONINA
;;;;2280514;DOSAGEM DE CARBAMAZEPINA
;;;;2280515;DOSAGEM DE CARBOXI-HEMOGLOBINA
;;;;2280292;DOSAGEM DE CAROTENO
;;;;2280293;DOSAGEM DE CERULOPLASMINA
;;;;2280516;DOSAGEM DE CICLOSPORINA
;;;;2280418;DOSAGEM DE CITRATO
;;;;2280517;DOSAGEM DE COBRE
;;;;2280294;DOSAGEM DE COLINESTERASE
;;;;2280178;DOSAGEM DE CORTISOL
;;;;2280541;DOSAGEM DE CREATININA NO LIQUIDO AMNIOTICO
;;;;2280066;DOSAGEM DE CREATINOFOSFOQUINASE (CPK)
;;;;2280341;DOSAGEM DE CRIOAGLUTININA
;;;;2280295;DOSAGEM DE DESIDROGENASE ALFA-HIDROXIBUTIRICA
;;;;2280296;DOSAGEM DE DESIDROGENASE GLUTAMICA
;;;;2280067;DOSAGEM DE DESIDROGENASE LATICA
;;;;2280297;DOSAGEM DE DESIDROGENASE LATICA (ISOENZIMAS FRACIONADAS)
;;;;2280403;DOSAGEM DE ESTERCOBILINOGENIO FECAL
;;;;2280186;DOSAGEM DE ESTRIOL
;;;;2280187;DOSAGEM DE ESTRONA
;;;;2280322;DOSAGEM DE FATOR V
;;;;2280323;DOSAGEM DE FATOR VIII (INIBIDOR)
;;;;2280324;DOSAGEM DE FATOR VON WILLEBRAND (ANTIGENO)
;;;;2280325;DOSAGEM DE FATOR XIII
;;;;2280518;DOSAGEM DE FENITOINA
;;;;2280519;DOSAGEM DE FENOL
;;;;2280326;DOSAGEM DE FIBRINOGENIO
;;;;2280520;DOSAGEM DE FORMALDEIDO
;;;;2280551;DOSAGEM DE FOSFATASE ÁCIDA NO ESPERMA
;;;;2280298;DOSAGEM DE FOSFATASE ACIDA TOTAL
;;;;2280542;DOSAGEM DE FOSFATASE ALCALINA NO ESPERMA
;;;;2280299;DOSAGEM DE FRACAO PROSTATICA DA FOSFATASE ACIDA
;;;;2280252;DOSAGEM DE FRUTOSE
;;;;2280197;DOSAGEM DE FRUTOSE NO ESPERMA
;;;;2280300;DOSAGEM DE GALACTOSE
;;;;2280253;DOSAGEM DE GASTRINA
;;;;2280543;DOSAGEM DE GLICOSE NO LIQUIDO SINOVIAL E DERRAMES
;;;;2280301;DOSAGEM DE GLICOSE-6-FOSFATO DESIDROGENASE
;;;;2280493;DOSAGEM DE GLOBULINA TRANSPORTADORA DE TIROXINA
;;;;2280207;DOSAGEM DE GORDURA FECAL
;;;;2280254;DOSAGEM DE HAPTOGLOBINA
;;;;2280068;DOSAGEM DE HEMOGLOBINA
;;;;2280327;DOSAGEM DE HEMOGLOBINA - INSTABILIDADE A 37OC
;;;;2280328;DOSAGEM DE HEMOGLOBINA FETAL
;;;;2280329;DOSAGEM DE HEMOSSIDERINA
;;;;2280302;DOSAGEM DE HIDROXIPROLINA
;;;;2280175;DOSAGEM DE IMUNOGLOBULINA A (IGA)
;;;;2280174;DOSAGEM DE IMUNOGLOBULINA E (IGE)
;;;;2280176;DOSAGEM DE IMUNOGLOBULINA M (IGM)
;;;;2280257;DOSAGEM DE INIBIDOR DE C1-ESTERASE
;;;;2280303;DOSAGEM DE ISOMERASE-FOSFOHEXOSE
;;;;2280304;DOSAGEM DE LACTATO
;;;;2280305;DOSAGEM DE LEUCINO-AMINOPEPTIDASE
;;;;2280521;DOSAGEM DE MERCURIO
;;;;2280522;DOSAGEM DE META-HEMOGLOBINA
;;;;2280523;DOSAGEM DE METOTREXATO
;;;;2280194;DOSAGEM DE MICROALBUMINA NA URINA
;;;;2280419;DOSAGEM DE OXALATO
;;;;2280202;DOSAGEM DE PEPTIDEO C
;;;;2280306;DOSAGEM DE PIRUVATO
;;;;2280330;DOSAGEM DE PLASMINOGENIO
;;;;2280307;DOSAGEM DE PORFIRINAS
;;;;2280069;DOSAGEM DE POTASSIO
;;;;2280273;DOSAGEM DE PROTEINA C REATIVA
;;;;2280070;DOSAGEM DE PROTEINAS ( URINA DE 24 HORAS )
;;;;2280544;DOSAGEM DE PROTEINAS NO LIQUIDO SINOVIAL E DERRAMES
;;;;2280169;DOSAGEM DE PROTEINAS TOTAIS
;;;;2280494;DOSAGEM DE RENINA
;;;;2280071;DOSAGEM DE SODIO
;;;;2280267;DOSAGEM DE SOMATOMEDINA C (IGF1)
;;;;2280495;DOSAGEM DE SULFATO DE HIDROEPIANDROSTERONA (DHEAS)
;;;;2280308;DOSAGEM DE TRIPTOFANO
;;;;2280211;DOSAGEM DE TROPONINA
;;;;2280185;DOSAGEM DE ZINCO
;;;;2280188;DOSAGEM DO  ANTIGENO  CA 125
;;;;2280420;DOSAGEM E/OU FRACIONAMENTO DE ACIDOS ORGANICOS
;;;;2280072;EAS - SUMARIO DE URINA
;;;;2280237;ELETROFORESE DE HEMOGLOBINA
;;;;2280238;ELETROFORESE DE LIPOPROTEINAS
;;;;2280236;ELETROFORESE DE PROTEINAS
;;;;2280545;ELETROFORESE DE PROTEINAS C/ CONCENTRACAO NO LIQUOR
;;;;2280154;ERITROGRAMA( ERITROCITOS, HEMOGLOBINA, HEMATOCRITO )
;;;;2280546;ESPECTROFOTOMETRIA NO LIQUIDO AMNIOTICO
;;;;2280547;ESPLENOGRAMA
;;;;2280073;ESTRADIOL
;;;;2280404;EXAME COPROLOGICO FUNCIONAL
;;;;2280548;EXAME DE CARACTERES FISICOS CONTAGEM GLOBAL E ESPECIFICA DE CELULAS
;;;;2280399;EXAME LABORATORIAL PARA DOENÇA DE GAUCHER I
;;;;2280400;EXAME LABORATORIAL PARA DOENÇA DE GAUCHER II
;;;;2280179;EXAME MICROBIOLOGICO A FRESCO ( MICOLOGICO DIRETO)
;;;;2280421;EXAME QUALITATIVO DE CALCULOS URINARIOS
;;;;2280074;FAN - ANTICORPOS ANTI-NUCLEO , IFI
;;;;2280240;FATOR II - DOSAGEM
;;;;2280245;FATOR IX - DOSAGEM
;;;;2280075;FATOR REUMATOIDE , TESTE DO LATEX
;;;;2280076;FATOR RH (INCLUI DO FRACO)
;;;;2280243;FATOR VII - DOSAGEM
;;;;2280244;FATOR VIII - DOSAGEM
;;;;2280246;FATOR X - DOSAGEM
;;;;2280247;FATOR XI - DOSAGEM
;;;;2280248;FATOR XII - DOSAGEM
;;;;2280568;FENOTIPAGEM DE SISTEMA RH - HR
;;;;2280077;FERRITINA
;;;;2280078;FERRO SERICO
;;;;2280079;FOLICULO ESTIMULANTE, HORMONIO - FSH
;;;;2280080;FOSFATASE ALCALINA
;;;;2280082;GAMA-GLUTAMIL TRANSFERASE - GAMA GT
;;;;2280309;GASOMETRIA (PH PCO2 PO2 BICARBONATO AS2 (EXCESSO OU DEFICIT BASE )
;;;;2280083;GLICEMIA DE JEJUM
;;;;2280084;GLICEMIA POS PRANDIAL
;;;;2280085;GONADOTROFINA CORIONICA - BETA  HCG
;;;;2280086;GRUPO ABO - DETERMINACAO
;;;;2280088;HAV- IGG  ANTICORPOS  IGG CONTRA O VIRUS DA HEPATITE A
;;;;2280089;HAV-IGM   ANTICORPOS  IGM CONTRA O VIRUS DA HEPATITE A
;;;;2280090;HBEAG - ANTIGENO E DA HEPATITE B
;;;;2280092;HEMATOCRITO
;;;;2280450;HEMOCULTURA
;;;;2280094;HEMOGLOBINA GLICOSILADA
;;;;2280095;HEMOGRAMA COMPLETO
;;;;2280096;HERPES SIMPLES , PESQUISA DE ANTICORPOS, IGG
;;;;2280097;HERPES SIMPLES , PESQUISA DE ANTICORPOS, IGM
;;;;2280098;HERPES ZOSTER , PESQUISA DE ANTICORPOS , IGM
;;;;2280099;HERPES ZOSTER , PESQUISA DE ANTICORPOS, IGG
;;;;2280160;HORMONIO DE CRESCIMENTO - HGH
;;;;2280180;IDENTIFICAÇAO AUTOMATIZADA DE MICRORGANISMOS
;;;;2280569;IDENTIFICACAO DE ANTICORPOS SERICOS IRREGULARES C/ PAINEL DE HEMACIAS
;;;;2280405;IDENTIFICACAO DE FRAGMENTOS DE HELMINTOS
;;;;2280417;IDENTIFICAÇÃO DE GLICÍDIOS URINÁRIOS POR CROMATOGRAFIA (CAMADA DELGADA)
;;;;2280204;IMUNOELETROFORESE DE PROTEINAS
;;;;2280343;IMUNOFENOTIPAGEM DE HEMOPATIAS MALIGNAS (POR MARCADOR)
;;;;2280101;INSULINA
;;;;2280156;LEUCOGRAMA
;;;;2280102;LH LUTEINIZANTE HORMONIO
;;;;2280232;LINFOCITOS B , CONTAGEM
;;;;2280103;LIPASE
;;;;2280104;LITIO SERICO
;;;;2280105;MAGNESIO
;;;;2280258;MAGNESIO URINARIO
;;;;2280549;MIELOGRAMA
;;;;2280106;MUCO PROTEINAS
;;;;2280107;PARASITOLOGICO (METODOS DE CONCENTRACAO)
;;;;2280111;PARATORMONIO - DOSAGEM
;;;;2280451;PEQUISA DE PNEUMOCYSTI CARINI
;;;;2280422;PESQUISA / DOSAGEM DE AMINOACIDOS (POR CROMATOGRAFIA)
;;;;2280423;PESQUISA DE ALCAPTONA NA URINA
;;;;2280424;PESQUISA DE AMINOACIDOS NA URINA
;;;;2280192;PESQUISA DE ANTICORPO IGG ANTICARDIOLIPINA
;;;;2280193;PESQUISA DE ANTICORPO IGM ANTICARDIOLIPINA
;;;;2280347;PESQUISA DE ANTICORPOS ANTIADENOVIRUS
;;;;2280348;PESQUISA DE ANTICORPOS ANTIAMEBAS
;;;;2280349;PESQUISA DE ANTICORPOS ANTIASPERGILLUS
;;;;2280440;PESQUISA DE ANTICORPOS ANTIBRUCELAS
;;;;2280350;PESQUISA DE ANTICORPOS ANTICISTICERCO
;;;;2280351;PESQUISA DE ANTICORPOS ANTICLAMIDIA (POR IMUNOFLUORESCENCIA)
;;;;2280352;PESQUISA DE ANTICORPOS ANTICORTEX SUPRARENAL
;;;;2280191;PESQUISA DE ANTICORPOS ANTI-DNA
;;;;2280353;PESQUISA DE ANTICORPOS ANTIEQUINOCOCOS
;;;;2280228;PESQUISA DE ANTICORPOS ANTIESCLERODERMA (SCL 70)
;;;;2280354;PESQUISA DE ANTICORPOS ANTIESPERMATOZOIDES
;;;;2280550;PESQUISA DE ANTICORPOS ANTIESPERMATOZOIDES ( ELISA )
;;;;2280441;PESQUISA DE ANTICORPOS ANTIESTREPTOLISINA O (ASLO)
;;;;2280355;PESQUISA DE ANTICORPOS ANTIFIGADO
;;;;2280356;PESQUISA DE ANTICORPOS ANTIGLOMERULO
;;;;2280344;PESQUISA DE ANTICORPOS ANTI-HELICOBACTER PYLORI
;;;;2280345;PESQUISA DE ANTICORPOS ANTI-HIV-1 (WESTERN BLOT)
;;;;2280357;PESQUISA DE ANTICORPOS ANTIILHOTA DE LANGERHANS
;;;;2280358;PESQUISA DE ANTICORPOS ANTIINSULINA
;;;;2280359;PESQUISA DE ANTICORPOS ANTILEPTOSPIRAS
;;;;2280360;PESQUISA DE ANTICORPOS ANTILISTERIA
;;;;2280361;PESQUISA DE ANTICORPOS ANTIMITOCONDRIA
;;;;2280362;PESQUISA DE ANTICORPOS ANTIMUSCULO ESTRIADO
;;;;2280363;PESQUISA DE ANTICORPOS ANTIMUSCULO LISO
;;;;2280364;PESQUISA DE ANTICORPOS ANTIPARIETAIS
;;;;2280365;PESQUISA DE ANTICORPOS ANTIPLASMODIOS
;;;;2280205;PESQUISA DE ANTICORPOS ANTI-RIBONUCLEOPROTEINA (RNP)
;;;;2280346;PESQUISA DE ANTICORPOS ANTI-SCHISTOSOMAS
;;;;2280206;PESQUISA DE ANTICORPOS ANTI-SM
;;;;2280189;PESQUISA DE ANTICORPOS ANTI-SS-A (RO)
;;;;2280190;PESQUISA DE ANTICORPOS ANTI-SS-B (LA)
;;;;2280277;PESQUISA DE ANTICORPOS ANTITIREOGLOBULINA
;;;;2280366;PESQUISA DE ANTICORPOS CONTRA HISTOPLASMA
;;;;2280367;PESQUISA DE ANTICORPOS CONTRA O SPOROTRIX SCHENKII
;;;;2280368;PESQUISA DE ANTICORPOS CONTRA O VIRUS DA HEPATITE D (ANTI-HDV)
;;;;2280369;PESQUISA DE ANTICORPOS CONTRA O VIRUS DO SARAMPO
;;;;2280158;PESQUISA DE ANTICORPOS CONTRA PARACOCCIDIOIDES BRASILIENSIS
;;;;2280370;PESQUISA DE ANTICORPOS E/OU ANTIGENO DO VIRUS SINCICIAL RESPIRATORIO
;;;;2280371;PESQUISA DE ANTICORPOS EIE ANTICLAMIDIA
;;;;2280170;PESQUISA DE ANTICORPOS HETEROFILOS CONTA O VIRUS EPSTEIN BARR (MONONUCLEOSE)
;;;;2280373;PESQUISA DE ANTICORPOS IGG ANTILEISHMANIAS
;;;;2280115;PESQUISA DE ANTICORPOS IGG ANTITRIPANOSOMA CRUZI
;;;;2280376;PESQUISA DE ANTICORPOS IGG CONTRA ARBOVIRUS
;;;;2280199;PESQUISA DE ANTICORPOS IGG CONTRA O VIRUS EPSTEIN-BARR
;;;;2280375;PESQUISA DE ANTICORPOS IGG E IGM CONTRA ANTIGENO CENTRAL DO VIRUS DA HEPATITE B (ANTI-HBC-TOTAL)
;;;;2280378;PESQUISA DE ANTICORPOS IGM ANTILEISHMANIAS
;;;;2280116;PESQUISA DE ANTICORPOS IGM ANTITRIPANOSOMA CRUZI
;;;;2280381;PESQUISA DE ANTICORPOS IGM CONTRA ARBOVIRUS
;;;;2280198;PESQUISA DE ANTICORPOS IGM CONTRA O VIRUS EPSTEIN-BARR
;;;;2280570;PESQUISA DE ANTICORPOS IRREGULARES PELO METODO DA ELUICAO
;;;;2280571;PESQUISA DE ANTICORPOS SERICOS IRREGULARES 37OC
;;;;2280572;PESQUISA DE ANTICORPOS SERICOS IRREGULARES A FRIO
;;;;2280331;PESQUISA DE ATIVIDADE DO COFATOR DE RISTOCETINA
;;;;2280452;PESQUISA DE BACILO DIFTERICO
;;;;2280425;PESQUISA DE BETA-MERCAPTO-LACTATO-DISSULFIDURIA
;;;;2280457;PESQUISA DE CADEIAS LEVES KAPPA E LAMBDA
;;;;2280552;PESQUISA DE CARACTERES FISICOS NO LIQUOR
;;;;2280553;PESQUISA DE CELULAS ORANGIOFILAS
;;;;2280459;PESQUISA DE COPROPORFIRINA NA URINA
;;;;2280332;PESQUISA DE CORPUSCULOS DE HEINZ
;;;;2280383;PESQUISA DE CRIOGLOBULINAS
;;;;2280554;PESQUISA DE CRISTAIS C/ LUZ POLARIZADA
;;;;2280406;PESQUISA DE ENTEROBIUS VERMICULARES (OXIURUS OXIURA)
;;;;2280407;PESQUISA DE EOSINOFILOS
;;;;2280460;PESQUISA DE ERROS INATOS DO METABOLISMO NA URINA
;;;;2280195;PESQUISA DE ESPERMATOZOIDES (APOS VASECTOMIA)
;;;;2280453;PESQUISA DE ESTREPTOCOCOS BETA-HEMOLITICOS DO GRUPO A
;;;;2280629;PESQUISA DE FATOR REUMATOIDE (WAALER-ROSE)
;;;;2280461;PESQUISA DE FENIL-CETONA NA URINA
;;;;2280333;PESQUISA DE FILARIA
;;;;2280462;PESQUISA DE FRUTOSE NA URINA
;;;;2280463;PESQUISA DE GALACTOSE NA URINA
;;;;2280159;PESQUISA DE GORDURA FECAL
;;;;2280454;PESQUISA DE HAEMOPHILUS DUCREY
;;;;2280255;PESQUISA DE HELICOBACTER PYLORI
;;;;2280263;PESQUISA DE HEMOGLOBINA S
;;;;2280384;PESQUISA DE HIV-1 POR IMUNOFLUORESCENCIA
;;;;2280625;PESQUISA DE IMUNOGLOBULINA E (IGE) ALERGENO- ESPECÍFICA - 07
;;;;2280626;PESQUISA DE IMUNOGLOBULINA E (IGE) ALERGENO- ESPECÍFICA - 08
;;;;2280628;PESQUISA DE IMUNOGLOBULINA E (IGE) ALERGENO- ESPECÍFICA - 10
;;;;2280385;PESQUISA DE IMUNOGLOBULINA E (IGE) ALERGENO-ESPECIFICA - 01
;;;;2280386;PESQUISA DE IMUNOGLOBULINA E (IGE) ALERGENO-ESPECIFICA - 02
;;;;2280387;PESQUISA DE IMUNOGLOBULINA E (IGE) ALERGENO-ESPECIFICA - 03
;;;;2280388;PESQUISA DE IMUNOGLOBULINA E (IGE) ALERGENO-ESPECIFICA - 04
;;;;2280389;PESQUISA DE IMUNOGLOBULINA E (IGE) ALERGENO-ESPECIFICA - 05
;;;;2280390;PESQUISA DE IMUNOGLOBULINA E (IGE) ALERGENO-ESPECIFICA - 06
;;;;2280465;PESQUISA DE LACTOSE NA URINA
;;;;2280279;PESQUISA DE LARVAS NAS FEZES
;;;;2280532;PESQUISA DE LEPTOSPIRAS
;;;;2280161;PESQUISA DE LEUCOCITOS FECAIS
;;;;2280408;PESQUISA DE LEVEDURAS NAS FEZES
;;;;2280504;PESQUISA DE MACROPROLACTINA
;;;;2280466;PESQUISA DE MUCOPOLISSACARIDEOS NA URINA
;;;;2280409;PESQUISA DE OVOS DE SCHISTOSOMAS (EM FRAGMENTO DE MUCOSA)
;;;;2280467;PESQUISA DE PORFOBILINOGENIO NA URINA
;;;;2280468;PESQUISA DE PROTEINAS URINARIAS (POR ELETROFORESE)
;;;;2280555;PESQUISA DE RAGOCITOS NO LIQUIDO SINOVIAL E DERRAMES
;;;;2280212;PESQUISA DE ROTAVIRUS NAS FEZES
;;;;2280117;PESQUISA DE SANGUE OCULTO NAS FEZES
;;;;2280410;PESQUISA DE SUBSTANCIAS REDUTORAS NAS FEZES
;;;;2280469;PESQUISA DE TIROSINA NA URINA
;;;;2280280;PESQUISA DE TREPONEMA PALLIDUM
;;;;2280334;PESQUISA DE TRIPANOSSOMA
;;;;2280411;PESQUISA DE TRIPSINA NAS FEZES
;;;;2280412;PESQUISA DE TROFOZOITAS NAS FEZES
;;;;2280685;PESQUISA LABORATORIAL ANTIGENO SUPERFICIE VIRUS HEPATITE B(HBSAG) EXCETO GESTANTE PARCEIRO
;;;;2280691;PESQUISA LABORATORIAL ANTIGENOS HIV-ANTICORPOS ANTI-HIV-1/ ANTI-HIV-2 EXCETO GESTANTE PARCEIRO
;;;;2280688;PESQUISA LABORATORIAL D/ ANTICORPOS CONTRA VIRUS D/HEPATITE C(ANTI-HCV) POP/GESTANTE E PARCEIROS
;;;;2280694;PESQUISA LABORATORIAL D/ANTICORPOS ANTI-HTLV-1+HTLV-2 P/POPULACAO EXCETO GESTANTE , PARCEIROS
;;;;2280118;PROGESTERONA
;;;;2280119;PROLACTINA
;;;;2280120;PROTEINA C REATIVA, DETERMINACAO QUANTITATIVA
;;;;2280121;PROTEINAS TOTAIS E FRACOES
;;;;2280455;PROVA CONFIRMATÓRIA DA PRESENÇA DE MICRO-ORGANISMOS COLIFORMES
;;;;2280310;PROVA DA D-XILOSE
;;;;2280335;PROVA DE CONSUMO DE PROTROMBINA
;;;;2280470;PROVA DE DILUICAO (URINA)
;;;;2280196;PROVA DE PROGRESSAO ESPERMATICA (CADA)
;;;;2280123;PROVA DO LACO
;;;;2280556;PROVA DO LATEX P/ HAEMOPHILLUS INFLUENZAE, STREPTOCOCCUS PNEUMONIAE, NEISSERIA MENINGITIDIS (SOROTIP
;;;;2280557;PROVA DO LATEX P/ PESQUISA DO FATOR REUMATOIDE
;;;;2280391;PROVAS DE PRAUSNITZ-KUSTNER (PK)
;;;;2280392;PROVAS IMUNO-ALERGICAS BACTERIANAS
;;;;2280124;PSA LIVRE
;;;;2280126;PSA TOTAL
;;;;2280566;QUANTIFICAÇÃO/AMPLIFICAÇÃO DO HER-2
;;;;2280336;RASTREIO P/ DEFICIENCIA DE ENZIMAS ERITROCITARIAS
;;;;2280394;REACAO DE MONTENEGRO ID
;;;;2280558;REACAO DE PANDY
;;;;2280559;REACAO DE RIVALTA NO LIQUIDO SINOVIAL E DERRAMES
;;;;2280162;RETICULOCITOS - CONTAGEM
;;;;2280127;RETRACAO DO COAGULO
;;;;2280128;RUBEOLA , ANTICORPOS IGG
;;;;2280129;RUBEOLA , ANTICORPOS IGM
;;;;2280599;SODIO ( NA URINA 24 HORAS)
;;;;2280703;TESTE CONFIRMATORIO C/ PESQUISA D/ ANTICORPOS ANTI-HTLV-1+ANTI-HTLV-2 EXCETO GESTANTE PARCEIRO
;;;;2280337;TESTE DE AGREGACAO DE PLAQUETAS
;;;;2280560;TESTE DE CLEMENTS
;;;;2280499;TESTE DE ESTIMULO COM GNRH OU COM AGONISTA GNRH
;;;;2280497;TESTE DE ESTIMULO DA PROLACTINA / TSH APOS TRH
;;;;2280498;TESTE DE ESTIMULO DA PROLACTINA APOS CLORPROMAZINA
;;;;2280500;TESTE DE ESTIMULO DO HGH APOS GLUCAGON
;;;;2280561;TESTE DE GASTROACIDOGRAMA - SECRECAO BASAL POR 60 EM 4 AMOSTRAS
;;;;2280338;TESTE DE HAM (HEMOLISE ACIDA)
;;;;2280562;TESTE DE HOLLANDER NO SUCO GASTRICO
;;;;2280501;TESTE DE SUPRESSAO DO CORTISOL APOS DEXAMETASONA
;;;;2280502;TESTE DE SUPRESSAO DO HGH APOS GLICOSE
;;;;2280311;TESTE DE TOLERANCIA A INSULINA / HIPOGLICEMIANTES ORAIS
;;;;2280130;TESTE DE VDRL P/ DETECCAO DE SIFILIS
;;;;2280503;TESTE P/ INVESTIGACAO DO DIABETES INSIPIDUS
;;;;2280395;TESTES ALERGICOS DE CONTATO
;;;;2280396;TESTES CUTANEOS DE LEITURA IMEDIATA
;;;;2280131;TESTOSTERONA LIVRE
;;;;2280132;TESTOSTERONA TOTAL
;;;;2280133;TGO
;;;;2280134;TGP
;;;;2280135;TIREOGLOBULINA
;;;;2280136;TIROXINA - T4
;;;;2280137;TIROXINA LIVRE (T4 LIVRE)
;;;;2280573;TITULACAO DE ANTICORPOS ANTI A E/OU ANTI B
;;;;2280138;TOXOPLASMOSE  IFI-IGG
;;;;2280139;TOXOPLASMOSE IFI (IGM)
;;;;2280140;TRANSFERRINA
;;;;2280141;TRIGLICERIDEOS
;;;;2280142;TRIIODOTIRONINA -  T3
;;;;2280143;TSH - HORMONIO ESTIMULANTE TIREOIDE
;;;;2280144;UREIA
;;;;2280145;UREIA, DOSAGEM EM URINA DE 24 HS
;;;;2280146;VDRL P/ DETECCAO DE SIFILIS EM GESTANTE
;;;;2280147;VELOCIDADE DE HEMOSSEDIMENTACAO (VHS)
;;;;2280148;VITAMINA B12
;;1101000;GRUPO - PATOLOGIA CLINICA (EXAMES DE LABORATORIO);;
;;2400000;GRUPO - PATOLOGIA CLINICA (REGULACAO);;
;;;;2400022;DETECCAO DE RNA DO VIRUS DA HEPATITE C (QUALITATIVO)
;;;;2400023;QUANTIFICACAO DE RNA DO VIRUS DA HEPATITE C
;LABORATORIO SANTA EDWIGES;;;;
;;1401000;GRUPO - EXAMES ULTRA-SONOGRAFICOS;;
;;;;1401507;ULTRA-SONOGRAFIA  DE ARTICULACAO ANTEBRACO DIREITO
;;;;1401508;ULTRA-SONOGRAFIA  DE ARTICULACAO ANTEBRACO ESQUERDO
;;;;1401009;ULTRA-SONOGRAFIA  DE ARTICULACAO ATM
;;;;1401527;ULTRA-SONOGRAFIA  DE ARTICULACAO CLAVICULA
;;;;1401505;ULTRA-SONOGRAFIA  DE ARTICULACAO COTOVELO DIREITO
;;;;1401506;ULTRA-SONOGRAFIA  DE ARTICULACAO COTOVELO ESQUERDO
;;;;1401514;ULTRA-SONOGRAFIA  DE ARTICULACAO COXA DIREITA
;;;;1401515;ULTRA-SONOGRAFIA  DE ARTICULACAO COXA ESQUERDA
;;;;1401513;ULTRA-SONOGRAFIA  DE ARTICULACAO DEDOS
;;;;1401524;ULTRA-SONOGRAFIA  DE ARTICULACAO DEDOS DO PE
;;;;1401516;ULTRA-SONOGRAFIA  DE ARTICULACAO JOELHO DIREITO
;;;;1401517;ULTRA-SONOGRAFIA  DE ARTICULACAO JOELHO ESQUERDO
;;;;1401511;ULTRA-SONOGRAFIA  DE ARTICULACAO MAO DIREITA
;;;;1401512;ULTRA-SONOGRAFIA  DE ARTICULACAO MAO ESQUERDA
;;;;1401409;ULTRA-SONOGRAFIA  DE ARTICULACAO OMBRO DIREITO
;;;;1401500;ULTRA-SONOGRAFIA  DE ARTICULACAO OMBRO ESQUERDO
;;;;1401518;ULTRA-SONOGRAFIA  DE ARTICULACAO PANTURRILHA DIREITA
;;;;1401519;ULTRA-SONOGRAFIA  DE ARTICULACAO PANTURRILHA ESQUERDA
;;;;1401522;ULTRA-SONOGRAFIA  DE ARTICULACAO PE DIREITO
;;;;1401523;ULTRA-SONOGRAFIA  DE ARTICULACAO PE ESQUERDO
;;;;1401528;ULTRA-SONOGRAFIA  DE ARTICULACAO PERNA DIREITA
;;;;1401529;ULTRA-SONOGRAFIA  DE ARTICULACAO PERNA ESQUERDA
;;;;1401509;ULTRA-SONOGRAFIA  DE ARTICULACAO PUNHO DIREITO
;;;;1401510;ULTRA-SONOGRAFIA  DE ARTICULACAO PUNHO ESQUERDO
;;;;1401526;ULTRA-SONOGRAFIA  DE ARTICULACAO QUADRIL
;;;;1401530;ULTRA-SONOGRAFIA  DE ARTICULACAO TENDAO DE AQUILES
;;;;1401520;ULTRA-SONOGRAFIA  DE ARTICULACAO TORNOZELO DIREITO
;;;;1401521;ULTRA-SONOGRAFIA  DE ARTICULACAO TORNOZELO ESQUERDO
;;;;1401405;ULTRA-SONOGRAFIA  DO APARELHO URINARIO (RINS, BEXIGA)
;;;;1401930;ULTRA-SONOGRAFIA  TORAX ( EXTRACARDIACO )
;;;;1401999;ULTRA-SONOGRAFIA DE ABDOMEN SUPERIOR
;;;;1401998;ULTRA-SONOGRAFIA DE ABDOMEN TOTAL
;;;;1401028;ULTRA-SONOGRAFIA DE ARTICULACAO BRACO DIREITO
;;;;1401029;ULTRA-SONOGRAFIA DE ARTICULACAO BRACO ESQUERDO
;;;;1401978;ULTRA-SONOGRAFIA DE BOLSA ESCROTAL
;;;;1401977;ULTRA-SONOGRAFIA DE MAMAS (BILATERAL)
;;;;1401037;ULTRA-SONOGRAFIA DE PARTES MOLES
;;;;1401997;ULTRA-SONOGRAFIA DE PROSTATA (VIA ABDOMINAL)
;;;;1401981;ULTRA-SONOGRAFIA DE PROSTATA (VIA TRANSRETAL)
;;;;1401980;ULTRA-SONOGRAFIA DE TIREOIDE
;;;;1401201;ULTRA-SONOGRAFIA OBSTETRICA
;;;;1401101;ULTRA-SONOGRAFIA PELVICA (GINECOLOGICA)
;;;;1401942;ULTRA-SONOGRAFIA TRANSFONTANELAR
;;;;1401202;ULTRA-SONOGRAFIA TRANSVAGINAL
;;1670000;GRUPO - EXAMES ULTRA-SONOGRAFICOS (DOPPLER) E ECOGRAFIAS;;
;;;;1670019;DOPPLER DE BOLSA ESCROTAL
;;;;1670012;ULTRA-SONOGRAFIA  DOPPLER ARTERIAL- M I D
;;;;1670013;ULTRA-SONOGRAFIA  DOPPLER ARTERIAL- M I E
;;;;1670014;ULTRA-SONOGRAFIA  DOPPLER ARTERIAL- M S D
;;;;1670015;ULTRA-SONOGRAFIA  DOPPLER ARTERIAL- M S E
;;;;1670006;ULTRA-SONOGRAFIA  DOPPLER DE CAROTIDAS
;;;;1670007;ULTRA-SONOGRAFIA  DOPPLER VENOSO - MID
;;;;1670009;ULTRA-SONOGRAFIA  DOPPLER VENOSO - MIE
;;;;1670010;ULTRA-SONOGRAFIA  DOPPLER VENOSO - MSD
;;;;1670011;ULTRA-SONOGRAFIA  DOPPLER VENOSO - MSE
;;;;1670030;ULTRA-SONOGRAFIA DOPPLER - ILIACA (3 VASOS)
;;;;1670016;ULTRA-SONOGRAFIA DOPPLER DE AORTA E VASOS ILIACOS
;;;;1670025;ULTRA-SONOGRAFIA DOPPLER DE ARTERIA AORTA ABDOMINAL
;;;;1670008;ULTRA-SONOGRAFIA DOPPLER DE ARTERIAS RENAIS
;;;;1670017;ULTRA-SONOGRAFIA DOPPLER DE ARTERIAS VERTEBRAIS
;LABORATORIO SAO JOSE LTDA;;;;
;;1101000;GRUPO - PATOLOGIA CLINICA (EXAMES DE LABORATORIO);;
;LABORATORIOS REUNIDOS;;;;
;;1200000;GRUPO - ANATOMOPATOLOGIA E CITOPATOLOGIA;;
;;1101000;GRUPO - PATOLOGIA CLINICA (EXAMES DE LABORATORIO);;
;;2400000;GRUPO - PATOLOGIA CLINICA (REGULACAO);;
;;1105000;GRUPO - PATOLOGIA CLINICA (TRANSPLANTES);;
;MAGSCAN;;;;
;;1313001;DENSITOMETRIA OSSEA - RADIODIAGNOSTICO;;
;;3513000;GRUPO - DIAGNOSTICO POR TOMOGRAFIA (SEDACAO);;
;;1305000;GRUPO - MAMOGRAFIA;;
;;3100000;GRUPO - RESSONANCIA MAGNETICA;;
;;;;3100021;ANGIORESSONANCIA CEREBRAL
;;;;3100014;RESSONANCIA MAGNETICA DE ABDOMEN SUPERIOR
;;;;3100003;RESSONANCIA MAGNETICA DE ARTICULACAO COXO-FEMURAL (BILATERAL)
;;;;3100007;RESSONANCIA MAGNETICA DE ATM (BILATERAL)
;;;;3100019;RESSONANCIA MAGNETICA DE BACIA OU PELVE
;;;;3100004;RESSONANCIA MAGNETICA DE COLUNA CERVICAL
;;;;3100005;RESSONANCIA MAGNETICA DE COLUNA LOMBO-SACRA
;;;;3100006;RESSONANCIA MAGNETICA DE COLUNA TORACICA
;;;;3100025;RESSONANCIA MAGNETICA DE COTOVELO/PUNHO DIREITO
;;;;3100024;RESSONANCIA MAGNETICA DE COTOVELO/PUNHO ESQUERDO
;;;;3100034;RESSONANCIA MAGNETICA DE CRANIO
;;;;3100027;RESSONANCIA MAGNETICA DE OMBRO DIREITO
;;;;3100026;RESSONANCIA MAGNETICA DE OMBRO ESQUERDO
;;;;3100068;RESSONANCIA MAGNETICA DE PERNA DIREITA
;;;;3100069;RESSONANCIA MAGNETICA DE PERNA ESQUERDA
;;;;3100008;RESSONANCIA MAGNETICA DE PESCOCO E REGIAO CERVICAL
;;;;3100035;RESSONANCIA MAGNETICA DE SELA TURCICA
;;;;3100017;RESSONANCIA MAGNETICA DE TORAX
;;;;3100023;RESSONANCIA MAGNETICA DE TORNOZELO OU PE DIREITO
;;;;3100022;RESSONANCIA MAGNETICA DE TORNOZELO OU PE ESQUERDO
;;;;3100013;RESSONANCIA MAGNETICA DE VIAS BILIARES
;;;;3100031;RESSONANCIA MAGNETICA DO JOELHO DIREITO
;;;;3100030;RESSONANCIA MAGNETICA DO JOELHO ESQUERDO
;;3103000;GRUPO - RESSONANCIA MAGNETICA (SEDACAO);;
;;;;3103155;ANGIORESSONANCIA CEREBRAL (AD C/ SED)
;;;;3103156;ANGIORESSONANCIA CEREBRAL(INF C/ SED)
;;;;3103005;RESSONANCIA MAGNETICA  DO TORNOZELO OU PE (UNI)(AD C/ SED)
;;;;3103007;RESSONANCIA MAGNETICA  DO TORNOZELO OU PE (UNI)(INF C/ SED)
;;;;3103109;RESSONANCIA MAGNETICA DA ARTIC COXO-FEMURAL (BI)(AD C/ SED)
;;;;3103111;RESSONANCIA MAGNETICA DA ARTIC COXO-FEMURAL (BI)(INF C/ SED)
;;;;3103013;RESSONANCIA MAGNETICA DA COLUNA CERVICAL (AD C/ SED)
;;;;3103015;RESSONANCIA MAGNETICA DA COLUNA CERVICAL (INF C/ SED)
;;;;3103017;RESSONANCIA MAGNETICA DA COLUNA LOMBO-SACRA (AD C/ SED)
;;;;3103019;RESSONANCIA MAGNETICA DA COLUNA LOMBO-SACRA (INF C/ SED)
;;;;3103021;RESSONANCIA MAGNETICA DA COLUNA TORACICA (AD C/ SED)
;;;;3103023;RESSONANCIA MAGNETICA DA COLUNA TORACICA (INF C/ SED)
;;;;3103025;RESSONANCIA MAGNETICA DE ATM (BI)(AD C/ SED)
;;;;3103027;RESSONANCIA MAGNETICA DE ATM (BI)(INF C/ SED)
;;;;3103029;RESSONANCIA MAGNETICA DE BACIA OU PELVIS (AD C/ SED)
;;;;3103031;RESSONANCIA MAGNETICA DE BACIA OU PELVIS (INF C/ SED)
;;;;3103033;RESSONANCIA MAGNETICA DE COTOVELO/ PUNHO (UNI)(AD C/ SED)
;;;;3103035;RESSONANCIA MAGNETICA DE COTOVELO/ PUNHO (UNI)(INF C/ SED)
;;;;3103037;RESSONANCIA MAGNETICA DE CRANIO (AD C/ SED)
;;;;3103039;RESSONANCIA MAGNETICA DE CRANIO (INF C/ SED)
;;;;3103041;RESSONANCIA MAGNETICA DE OMBRO (UNI)(AD C/ SED)
;;;;3103043;RESSONANCIA MAGNETICA DE OMBRO (UNI)(INF C/ SED)
;;;;3103045;RESSONANCIA MAGNETICA DE SEG APENDICULAR (UNI)(AD C/ SED)
;;;;3103047;RESSONANCIA MAGNETICA DE SEG APENDICULAR (UNI)(INF C/ SED)
;;;;3103153;RESSONANCIA MAGNETICA DE SELA TURCICA (AD C/ SED)
;;;;3103154;RESSONANCIA MAGNETICA DE SELA TURCICA (INF C/ SED)
;;;;3103057;RESSONANCIA MAGNETICA DE VIAS BILIARES (AD C/ SED)
;;;;3103059;RESSONANCIA MAGNETICA DE VIAS BILIARES (INF C/ SED)
;;;;3103061;RESSONANCIA MAGNETICA DO ABDOMEN SUPERIOR (AD C/ SED)
;;;;3103063;RESSONANCIA MAGNETICA DO ABDOMEN SUPERIOR (INF C/ SED)
;;;;3103149;RESSONANCIA MAGNETICA DO JOELHO (UNI)(AD C/ SED)
;;;;3103151;RESSONANCIA MAGNETICA DO JOELHO (UNI)(INF C/ SED)
;;;;3103065;RESSONANCIA MAGNETICA DO TORAX (AD C/ SED)
;;;;3103067;RESSONANCIA MAGNETICA DO TORAX (INF C/ SED)
;;3500000;GRUPO - TOMOGRAFIA COMPUTADORIZADA;;
;;1300012;MAMOGRAFIA BILATERAL PARA RASTREAMENTO;;
;MATERNIDADE DE REFERENCIA ANA BRAGA;;;;
;;2018852;CONSULTA EM PLANEJAMNTO FAMILIAR PARA LAQUEADURA;;
;MATERNIDADE DONA NAZIRA DAOU;;;;
;;0705217;CONSULTA EM PLANEJAMENTO FAMILIAR PARA VASECTOMIA;;
;;2018852;CONSULTA EM PLANEJAMNTO FAMILIAR PARA LAQUEADURA;;
;;0040001;CONSULTA EM PRE-NATAL DE ALTO RISCO;;
;;0040002;CONSULTA EM PRE-NATAL DE ALTO RISCO - RETORNO;;
;MEDCENTRO;;;;
;;1313001;DENSITOMETRIA OSSEA - RADIODIAGNOSTICO;;
;;1407014;ECOCARDIOGRAFIA BI-DIMENSIONAL COM OU SEM DOPPLER;;
;;1407024;ECOCARDIOGRAFIA TRANSESOFAGICA;;
;;3513000;GRUPO - DIAGNOSTICO POR TOMOGRAFIA (SEDACAO);;
;;;;3513023;TOMOGRAFIA COMPUTADORIZADA DE ABDOMEN (AD C/ SED)
;;;;3513024;TOMOGRAFIA COMPUTADORIZADA DE ABDOMEN (INF C/ SED)
;;;;3513025;TOMOGRAFIA COMPUTADORIZADA DE ARTICULACOES DE MEMBRO INFERIOR (AD C/ SED)
;;;;3513026;TOMOGRAFIA COMPUTADORIZADA DE ARTICULACOES DE MEMBRO INFERIOR (INF C/ SED)
;;;;3513017;TOMOGRAFIA COMPUTADORIZADA DE ARTICULACOES DE MEMBRO SUPERIOR (AD C/ SED)
;;;;3513018;TOMOGRAFIA COMPUTADORIZADA DE ARTICULACOES DE MEMBRO SUPERIOR (INF C/ SED)
;;;;3513001;TOMOGRAFIA COMPUTADORIZADA DE COLUNA CERVICAL C/ OU S/ CONTRASTE (AD C/ SED)
;;;;3513002;TOMOGRAFIA COMPUTADORIZADA DE COLUNA CERVICAL C/ OU S/ CONTRASTE (INF C/ SED)
;;;;3513003;TOMOGRAFIA COMPUTADORIZADA DE COLUNA LOMBO-SACRA C/ OU S/ CONTRASTE (AD C/ SED)
;;;;3513004;TOMOGRAFIA COMPUTADORIZADA DE COLUNA LOMBO-SACRA C/ OU S/ CONTRASTE (INF C/ SED)
;;;;3513005;TOMOGRAFIA COMPUTADORIZADA DE COLUNA TORACICA C/ OU S/ CONTRASTE (AD C/ SED)
;;;;3513006;TOMOGRAFIA COMPUTADORIZADA DE COLUNA TORACICA C/ OU S/ CONTRASTE (INF C/ SED)
;;;;3513013;TOMOGRAFIA COMPUTADORIZADA DE CRANIO (AD C/ SED)
;;;;3513014;TOMOGRAFIA COMPUTADORIZADA DE CRANIO (INF C/ SED)
;;;;3513007;TOMOGRAFIA COMPUTADORIZADA DE FACE / SEIOS DA FACE / ARTICULACOES TEMPORO-MANDIBULARES (AD C/ SED)
;;;;3513008;TOMOGRAFIA COMPUTADORIZADA DE FACE / SEIOS DA FACE / ARTICULACOES TEMPORO-MANDIBULARES (INF C/ SED)
;;;;3513027;TOMOGRAFIA COMPUTADORIZADA DE PELVE / BACIA (AD C/ SED)
;;;;3513028;TOMOGRAFIA COMPUTADORIZADA DE PELVE / BACIA (INF C/ SED)
;;;;3513009;TOMOGRAFIA COMPUTADORIZADA DE PESCOCO (AD C/ SED)
;;;;3513010;TOMOGRAFIA COMPUTADORIZADA DE PESCOCO (INF C/ SED)
;;;;3513019;TOMOGRAFIA COMPUTADORIZADA DE SEGMENTOS APENDICULARES (AD C/ SED)
;;;;3513020;TOMOGRAFIA COMPUTADORIZADA DE SEGMENTOS APENDICULARES (INF C/ SED)
;;;;3513011;TOMOGRAFIA COMPUTADORIZADA DE SELA TURCICA (AD C/ SED)
;;;;3513012;TOMOGRAFIA COMPUTADORIZADA DE SELA TURCICA (INF C/ SED)
;;;;3513021;TOMOGRAFIA COMPUTADORIZADA DE TORAX (AD C/ SED)
;;;;3513022;TOMOGRAFIA COMPUTADORIZADA DE TORAX (INF C/ SED)
;;1401000;GRUPO - EXAMES ULTRA-SONOGRAFICOS;;
;;1670000;GRUPO - EXAMES ULTRA-SONOGRAFICOS (DOPPLER) E ECOGRAFIAS;;
;;;;1670019;DOPPLER DE BOLSA ESCROTAL
;;;;1670012;ULTRA-SONOGRAFIA  DOPPLER ARTERIAL- M I D
;;;;1670013;ULTRA-SONOGRAFIA  DOPPLER ARTERIAL- M I E
;;;;1670014;ULTRA-SONOGRAFIA  DOPPLER ARTERIAL- M S D
;;;;1670015;ULTRA-SONOGRAFIA  DOPPLER ARTERIAL- M S E
;;;;1670006;ULTRA-SONOGRAFIA  DOPPLER DE CAROTIDAS
;;;;1670007;ULTRA-SONOGRAFIA  DOPPLER VENOSO - MID
;;;;1670009;ULTRA-SONOGRAFIA  DOPPLER VENOSO - MIE
;;;;1670010;ULTRA-SONOGRAFIA  DOPPLER VENOSO - MSD
;;;;1670011;ULTRA-SONOGRAFIA  DOPPLER VENOSO - MSE
;;;;1670030;ULTRA-SONOGRAFIA DOPPLER - ILIACA (3 VASOS)
;;;;1670016;ULTRA-SONOGRAFIA DOPPLER DE AORTA E VASOS ILIACOS
;;;;1670025;ULTRA-SONOGRAFIA DOPPLER DE ARTERIA AORTA ABDOMINAL
;;;;1670008;ULTRA-SONOGRAFIA DOPPLER DE ARTERIAS RENAIS
;;;;1670017;ULTRA-SONOGRAFIA DOPPLER DE ARTERIAS VERTEBRAIS
;;1305000;GRUPO - MAMOGRAFIA;;
;;;;1305001;MAMOGRAFIA BILATERAL PARA RASTREAMENTO (ROTINA)
;;;;1305002;MAMOGRAFIA UNILATERAL MAMA D (DIAGNOSTICO)
;;;;1305003;MAMOGRAFIA UNILATERAL MAMA E (DIAGNOSTICO)
;;1301000;GRUPO - RADIODIAGNOSTICO;;
;;3100000;GRUPO - RESSONANCIA MAGNETICA;;
;;;;3100021;ANGIORESSONANCIA CEREBRAL
;;;;3100014;RESSONANCIA MAGNETICA DE ABDOMEN SUPERIOR
;;;;3100007;RESSONANCIA MAGNETICA DE ATM (BILATERAL)
;;;;3100019;RESSONANCIA MAGNETICA DE BACIA OU PELVE
;;;;3100004;RESSONANCIA MAGNETICA DE COLUNA CERVICAL
;;;;3100005;RESSONANCIA MAGNETICA DE COLUNA LOMBO-SACRA
;;;;3100006;RESSONANCIA MAGNETICA DE COLUNA TORACICA
;;;;3100025;RESSONANCIA MAGNETICA DE COTOVELO/PUNHO DIREITO
;;;;3100024;RESSONANCIA MAGNETICA DE COTOVELO/PUNHO ESQUERDO
;;;;3100034;RESSONANCIA MAGNETICA DE CRANIO
;;;;3100027;RESSONANCIA MAGNETICA DE OMBRO DIREITO
;;;;3100026;RESSONANCIA MAGNETICA DE OMBRO ESQUERDO
;;;;3100008;RESSONANCIA MAGNETICA DE PESCOCO E REGIAO CERVICAL
;;;;3100033;RESSONANCIA MAGNETICA DE PLEXO BRAQUIAL DIREITO
;;;;3100032;RESSONANCIA MAGNETICA DE PLEXO BRAQUIAL ESQUERDO
;;;;3100029;RESSONANCIA MAGNETICA DE SEGMENTO APENDICULAR DIREITO
;;;;3100028;RESSONANCIA MAGNETICA DE SEGMENTO APENDICULAR ESQUERDO
;;;;3100035;RESSONANCIA MAGNETICA DE SELA TURCICA
;;;;3100017;RESSONANCIA MAGNETICA DE TORAX
;;;;3100023;RESSONANCIA MAGNETICA DE TORNOZELO OU PE DIREITO
;;;;3100022;RESSONANCIA MAGNETICA DE TORNOZELO OU PE ESQUERDO
;;;;3100013;RESSONANCIA MAGNETICA DE VIAS BILIARES
;;;;3100031;RESSONANCIA MAGNETICA DO JOELHO DIREITO
;;;;3100030;RESSONANCIA MAGNETICA DO JOELHO ESQUERDO
;;3103000;GRUPO - RESSONANCIA MAGNETICA (SEDACAO);;
;;;;3103155;ANGIORESSONANCIA CEREBRAL (AD C/ SED)
;;;;3103156;ANGIORESSONANCIA CEREBRAL(INF C/ SED)
;;;;3103111;RESSONANCIA MAGNETICA DA ARTIC COXO-FEMURAL (BI)(INF C/ SED)
;;;;3103013;RESSONANCIA MAGNETICA DA COLUNA CERVICAL (AD C/ SED)
;;;;3103015;RESSONANCIA MAGNETICA DA COLUNA CERVICAL (INF C/ SED)
;;;;3103017;RESSONANCIA MAGNETICA DA COLUNA LOMBO-SACRA (AD C/ SED)
;;;;3103019;RESSONANCIA MAGNETICA DA COLUNA LOMBO-SACRA (INF C/ SED)
;;;;3103021;RESSONANCIA MAGNETICA DA COLUNA TORACICA (AD C/ SED)
;;;;3103023;RESSONANCIA MAGNETICA DA COLUNA TORACICA (INF C/ SED)
;;;;3103025;RESSONANCIA MAGNETICA DE ATM (BI)(AD C/ SED)
;;;;3103027;RESSONANCIA MAGNETICA DE ATM (BI)(INF C/ SED)
;;;;3103029;RESSONANCIA MAGNETICA DE BACIA OU PELVIS (AD C/ SED)
;;;;3103031;RESSONANCIA MAGNETICA DE BACIA OU PELVIS (INF C/ SED)
;;;;3103033;RESSONANCIA MAGNETICA DE COTOVELO/ PUNHO (UNI)(AD C/ SED)
;;;;3103037;RESSONANCIA MAGNETICA DE CRANIO (AD C/ SED)
;;;;3103039;RESSONANCIA MAGNETICA DE CRANIO (INF C/ SED)
;;;;3103041;RESSONANCIA MAGNETICA DE OMBRO (UNI)(AD C/ SED)
;;;;3103043;RESSONANCIA MAGNETICA DE OMBRO (UNI)(INF C/ SED)
;;;;3103045;RESSONANCIA MAGNETICA DE SEG APENDICULAR (UNI)(AD C/ SED)
;;;;3103047;RESSONANCIA MAGNETICA DE SEG APENDICULAR (UNI)(INF C/ SED)
;;;;3103153;RESSONANCIA MAGNETICA DE SELA TURCICA (AD C/ SED)
;;;;3103154;RESSONANCIA MAGNETICA DE SELA TURCICA (INF C/ SED)
;;;;3103057;RESSONANCIA MAGNETICA DE VIAS BILIARES (AD C/ SED)
;;;;3103059;RESSONANCIA MAGNETICA DE VIAS BILIARES (INF C/ SED)
;;;;3103061;RESSONANCIA MAGNETICA DO ABDOMEN SUPERIOR (AD C/ SED)
;;;;3103063;RESSONANCIA MAGNETICA DO ABDOMEN SUPERIOR (INF C/ SED)
;;;;3103065;RESSONANCIA MAGNETICA DO TORAX (AD C/ SED)
;;;;3103067;RESSONANCIA MAGNETICA DO TORAX (INF C/ SED)
;;3500000;GRUPO - TOMOGRAFIA COMPUTADORIZADA;;
;;;;3500025;TOMOGRAFIA COMPUTADORIZADA  COLUNA CERVICAL
;;;;3500077;TOMOGRAFIA COMPUTADORIZADA  DE CRANIO
;;;;3500026;TOMOGRAFIA COMPUTADORIZADA COLUNA DORSAL
;;;;3500027;TOMOGRAFIA COMPUTADORIZADA COLUNA LOMBAR
;;;;3500013;TOMOGRAFIA COMPUTADORIZADA DAS ARTICULACOES COTOVELOS
;;;;3500016;TOMOGRAFIA COMPUTADORIZADA DAS ARTICULACOES COXO-FEMURAIS
;;;;3500011;TOMOGRAFIA COMPUTADORIZADA DAS ARTICULACOES EXTERNO-CLAVICULARES
;;;;3500017;TOMOGRAFIA COMPUTADORIZADA DAS ARTICULACOES JOELHOS
;;;;3500012;TOMOGRAFIA COMPUTADORIZADA DAS ARTICULACOES OMBROS
;;;;3500014;TOMOGRAFIA COMPUTADORIZADA DAS ARTICULACOES PUNHOS
;;;;3500015;TOMOGRAFIA COMPUTADORIZADA DAS ARTICULACOES SACRO-ILIACO
;;;;3500080;TOMOGRAFIA COMPUTADORIZADA DAS ARTICULACOES TORNOZELO
;;;;3500005;TOMOGRAFIA COMPUTADORIZADA DE FACE / SEIOS DA FACE / ARTICULACOES TEMPORO-MANDIBULARES
;;;;3500007;TOMOGRAFIA COMPUTADORIZADA DE PELVE OU BACIA
;;;;3500008;TOMOGRAFIA COMPUTADORIZADA DE PESCOCO (PARTES MOLES, LARINGE)
;;;;3500009;TOMOGRAFIA COMPUTADORIZADA DE SEGMENTOS APENDICULARES
;;;;3500078;TOMOGRAFIA COMPUTADORIZADA DE SELA TURCICA
;;;;3500004;TOMOGRAFIA COMPUTADORIZADA DO ABDOMEN  SUPERIOR
;;;;3500003;TOMOGRAFIA COMPUTADORIZADA DO TORAX
;;1703205;TESTE DE ESFORCO OU TESTE ERGOMETRICO 2;;
;MEDIC LAB DIAGNOSTICOS;;;;
;;2280000;GRUPO - PATOLOGIA CLINICA (EXAMES DE LABORATORIO 2);;
;;;;2280219;17 ALFA HIDROXI PROGESTERONA
;;;;2280313;ACIDEZ TITULÁVEL NO LEITE HUMANO (DORNIC)
;;;;2280220;ACIDO ASCORBICO
;;;;2280001;ACIDO FOLICO
;;;;2280002;ACIDO URICO
;;;;2280534;ACIDO URICO LIQUIDO NO SINOVIAL E DERRAMES
;;;;2280003;ACIDO URICO URINARIO
;;;;2280535;ADENOGRAMA
;;;;2280004;ADRENOCORTICOTROFICO, HORMONIO - ACTH
;;;;2280225;ALFA 1 ANTITRIPSINA
;;;;2280005;ALFA 1 GLICOPROTEINA ACIDA
;;;;2280226;ALFA FETO PROTEINA
;;;;2280006;AMILASE
;;;;2280007;ANDROSTENEDIONA
;;;;2280009;ANTI HBC - IGM ANTICORPOS IGM CONTRA ANTIGENO C DA HEPATITE B (ANTI-HBC-IGM)
;;;;2280011;ANTI HBE - ANTICORPOS CONTRA ANTIGENO E DA HEPATITE B
;;;;2280012;ANTI HBS - ANTICORPOS CONTRA ANTIGENO S DA HEPATITE B
;;;;2280015;ANTIBIOGRAMA
;;;;2280446;ANTIBIOGRAMA C/ CONCENTRACAO INIBITORIA MINIMA
;;;;2280181;ANTIBIOGRAMA P/ MICOBACTERIAS
;;;;2280613;ANTICORPOS ANTI-PLAQUETARIOS - DETERMINAÇÃO
;;;;2280018;ANTIPEROXIDASE /ANTI TPO
;;;;2280022;BACILOSCOPIA DIRETA P/ BAAR (HANSENIASE)
;;;;2280447;BACILOSCOPIA DIRETA P/ BAAR TUBERCULOS (CONTROLE)
;;;;2280023;BACILOSCOPIA DIRETA P/ BAAR TUBERCULOSE (DIAGNOSTICA)
;;;;2280024;BACTEROSCOPIA (GRAM)
;;;;2280221;BETA 2 MICROGLOBULINA
;;;;2280025;BILIRRUBINA TOTAL E FRACOES
;;;;2280029;CALCIO
;;;;2280030;CALCIO IONIZAVEL
;;;;2280031;CALCIO URINARIO
;;;;2280033;CEA (ANTIGENO CARCINOEMBRIOGENICO)
;;;;2280034;CELULAS LE - PESQUISA
;;;;2280035;CHAGAS , IFI
;;;;2280259;CHUMBO
;;;;2280260;CHUMBO URINARIO
;;;;2280536;CITOLOGIA P/ CLAMIDIA
;;;;2280537;CITOLOGIA P/ HERPESVIRUS
;;;;2280038;CITOMEGALOVIRUS , IFI (IGG)
;;;;2280039;CITOMEGALOVIRUS , IFI (IGM)
;;;;2280314;CITOQUIMICA HEMATOLOGICA
;;;;2280040;CLEARANCE DE CREATININA
;;;;2280413;CLEARANCE DE FOSFATO
;;;;2280414;CLEARANCE DE UREIA
;;;;2280281;CLEARANCE OSMOLAR
;;;;2280041;CLORETO
;;;;2280042;COLESTEROL ( LDL)
;;;;2280043;COLESTEROL (HDL)
;;;;2280045;COLESTEROL TOTAL
;;;;2280229;COMPLEMENTO ( CH50 ) , DOSAGEM
;;;;2280047;COMPLEMENTO C3 , IDR
;;;;2280048;COMPLEMENTO C4 , IDR
;;;;2280415;CONTAGEM DE ADDIS
;;;;2280432;CONTAGEM DE LINFOCITOS T TOTAIS
;;;;2280049;CONTAGEM DE PLAQUETAS
;;;;2280538;CONTAGEM ESPECIFICA DE CELULAS NO LIQUOR
;;;;2280539;CONTAGEM GLOBAL DE CELULAS NO LIQUOR
;;;;2280050;COOMBS  INDIRETO (INCLUI QUANTITATIVO)
;;;;2280051;COOMBS DIRETO
;;;;2280053;CREATININA
;;;;2280054;CREATININA, DOSAGEM EM URINA DE 24 HS
;;;;2280055;CREATINOFOSFOQUINASE - FRACAO MB
;;;;2280164;CULTURA DE BACTERIAS PARA INDENTIFICACAO
;;;;2280448;CULTURA DO LEITE HUMANO (POS-PASTEURIZAÇÃO)
;;;;2280449;CULTURA P/ HERPESVIRUS
;;;;2280210;CULTURA PARA BAAR
;;;;2280165;CULTURA PARA BACTERIAS ANAEROBICAS
;;;;2280057;CULTURA PARA IDENTIFICACAO DE FUNGOS
;;;;2280058;CURVA GLICEMICA CLASSICA 5 DOSAGENS-ORAL
;;;;2280059;DEHIDROEPIANDROSTERONA - DHEA
;;;;2280697;DETECCAO D/ DNA PROVIRAL D/ HTLV-1 E D/ HTLV-2 P/ POPULACAO EXCETO GESTANTE , PARCEIRO E PARCERIA
;;;;2280339;DETECCAO DE ÁCIDOS NUCLEICOS DO HIV-1 (QUALITATIVO)
;;;;2280382;DETECÇÃO DE CLAMÍDIA E GONOCOCO POR BIOLOGIA MOLECULAR
;;;;2280203;DETERMINACAO DE CAPACIDADE DE FIXACAO DO FERRO
;;;;2280563;DETERMINACAO DE CARIOTIPO EM CULTURA DE LONGA DURACAO (C/ TECNICA DE BANDAS)
;;;;2280564;DETERMINACAO DE CARIOTIPO EM MEDULA OSSEA E VILOSIDADES CORIONICAS (C/ TECNICA DE BANDAS)
;;;;2280565;DETERMINACAO DE CARIOTIPO EM SANGUE PERIFERICO (C/ TECNICA DE BANDAS)
;;;;2280312;DETERMINAÇÃO DE CREMATÓCRITO NO LEITE HUMANO ORDENHADO
;;;;2280282;DETERMINACAO DE CROMATOGRAFIA DE AMINOACIDOS
;;;;2280315;DETERMINACAO DE CURVA DE RESISTENCIA GLOBULAR
;;;;2280167;DETERMINACAO DE CURVA GLICEMICA (2 DOSAGENS)
;;;;2280283;DETERMINACAO DE CURVA GLICEMICA C/ INDUCAO POR CORTISONA ( 5 DOSAGENS)
;;;;2280284;DETERMINACAO DE CURVA GLICEMICA C/ INDUCAO POR CORTISONA (4 DOSAGENS)
;;;;2280316;DETERMINACAO DE ENZIMAS ERITROCITARIAS (CADA)
;;;;2280540;DETERMINACAO DE FOSFOLIPIDIOS RELACAO LECITINA - ESFINGOMIELINA NO LIQUIDO AMNIOTICO
;;;;2280485;DETERMINACAO DE INDICE DE TIROXINA LIVRE
;;;;2280416;DETERMINACAO DE OSMOLALIDADE
;;;;2280285;DETERMINACAO DE OSMOLARIDADE
;;;;2280486;DETERMINACAO DE RETENCAO DE T3
;;;;2280317;DETERMINACAO DE SULFO-HEMOGLOBINA
;;;;2280487;DETERMINACAO DE T3 REVERSO
;;;;2280060;DETERMINACAO DE TEMPO DE COAGULACAO
;;;;2280318;DETERMINACAO DE TEMPO DE LISE DA EUGLOBULINA
;;;;2280061;DETERMINACAO DE TEMPO DE SANGRAMENTO ( DUKE )
;;;;2280319;DETERMINACAO DE TEMPO DE SANGRAMENTO DE IVY
;;;;2280320;DETERMINACAO DE TEMPO DE SOBREVIDA DE HEMACIAS
;;;;2280168;DETERMINACAO DE TEMPO DE TROMBINA
;;;;2280062;DETERMINACAO DE TEMPO DE TROMBOPLASTINA PARCIAL  (TTP A)
;;;;2280063;DETERMINACAO DE TEMPO E ATIVIDADE DA PROTROMBINA (TAP)
;;;;2280235;DIHIDROTESTOSTERONA - DHT
;;;;2280398;DOSAGEM DA FRAÇÃO C1Q DO COMPLEMENTO
;;;;2280488;DOSAGEM DE 17-CETOSTEROIDES TOTAIS
;;;;2280489;DOSAGEM DE 17-HIDROXICORTICOSTEROIDES
;;;;2280177;DOSAGEM DE 25 HIDROXIVITAMINA D
;;;;2280286;DOSAGEM DE 5-NUCLEOTIDASE
;;;;2280287;DOSAGEM DE ACETONA
;;;;2280265;DOSAGEM DE ACIDO 5-HIDROXI-INDOL-ACETICO (SEROTONINA)
;;;;2280505;DOSAGEM DE ACIDO DELTA-AMINOLEVULINICO
;;;;2280506;DOSAGEM DE ACIDO HIPURICO
;;;;2280507;DOSAGEM DE ACIDO MANDELICO
;;;;2280508;DOSAGEM DE ACIDO METIL-HIPURICO
;;;;2280509;DOSAGEM DE ACIDO VALPROICO
;;;;2280288;DOSAGEM DE ACIDO VANILMANDELICO
;;;;2280289;DOSAGEM DE ALDOLASE
;;;;2280490;DOSAGEM DE ALDOSTERONA
;;;;2280290;DOSAGEM DE ALFA-2-MACROGLOBULINA
;;;;2280510;DOSAGEM DE ALUMINIO
;;;;2280291;DOSAGEM DE AMONIA
;;;;2280491;DOSAGEM DE AMP CICLICO
;;;;2280511;DOSAGEM DE ANFETAMINAS
;;;;2280321;DOSAGEM DE ANTICOAGULANTE CIRCULANTE
;;;;2280397;DOSAGEM DE ANTICORPOS ANTITRANSGLUTAMINAISE RECOMBINANTE HUMANO IGA
;;;;2280227;DOSAGEM DE ANTITROMBINA III
;;;;2280512;DOSAGEM DE BARBITURATOS
;;;;2280513;DOSAGEM DE CADMIO
;;;;2280492;DOSAGEM DE CALCITONINA
;;;;2280514;DOSAGEM DE CARBAMAZEPINA
;;;;2280515;DOSAGEM DE CARBOXI-HEMOGLOBINA
;;;;2280292;DOSAGEM DE CAROTENO
;;;;2280293;DOSAGEM DE CERULOPLASMINA
;;;;2280516;DOSAGEM DE CICLOSPORINA
;;;;2280418;DOSAGEM DE CITRATO
;;;;2280517;DOSAGEM DE COBRE
;;;;2280294;DOSAGEM DE COLINESTERASE
;;;;2280178;DOSAGEM DE CORTISOL
;;;;2280541;DOSAGEM DE CREATININA NO LIQUIDO AMNIOTICO
;;;;2280066;DOSAGEM DE CREATINOFOSFOQUINASE (CPK)
;;;;2280341;DOSAGEM DE CRIOAGLUTININA
;;;;2280295;DOSAGEM DE DESIDROGENASE ALFA-HIDROXIBUTIRICA
;;;;2280296;DOSAGEM DE DESIDROGENASE GLUTAMICA
;;;;2280067;DOSAGEM DE DESIDROGENASE LATICA
;;;;2280297;DOSAGEM DE DESIDROGENASE LATICA (ISOENZIMAS FRACIONADAS)
;;;;2280403;DOSAGEM DE ESTERCOBILINOGENIO FECAL
;;;;2280186;DOSAGEM DE ESTRIOL
;;;;2280187;DOSAGEM DE ESTRONA
;;;;2280322;DOSAGEM DE FATOR V
;;;;2280323;DOSAGEM DE FATOR VIII (INIBIDOR)
;;;;2280324;DOSAGEM DE FATOR VON WILLEBRAND (ANTIGENO)
;;;;2280325;DOSAGEM DE FATOR XIII
;;;;2280518;DOSAGEM DE FENITOINA
;;;;2280519;DOSAGEM DE FENOL
;;;;2280326;DOSAGEM DE FIBRINOGENIO
;;;;2280520;DOSAGEM DE FORMALDEIDO
;;;;2280551;DOSAGEM DE FOSFATASE ÁCIDA NO ESPERMA
;;;;2280298;DOSAGEM DE FOSFATASE ACIDA TOTAL
;;;;2280542;DOSAGEM DE FOSFATASE ALCALINA NO ESPERMA
;;;;2280299;DOSAGEM DE FRACAO PROSTATICA DA FOSFATASE ACIDA
;;;;2280252;DOSAGEM DE FRUTOSE
;;;;2280197;DOSAGEM DE FRUTOSE NO ESPERMA
;;;;2280300;DOSAGEM DE GALACTOSE
;;;;2280253;DOSAGEM DE GASTRINA
;;;;2280543;DOSAGEM DE GLICOSE NO LIQUIDO SINOVIAL E DERRAMES
;;;;2280301;DOSAGEM DE GLICOSE-6-FOSFATO DESIDROGENASE
;;;;2280493;DOSAGEM DE GLOBULINA TRANSPORTADORA DE TIROXINA
;;;;2280207;DOSAGEM DE GORDURA FECAL
;;;;2280254;DOSAGEM DE HAPTOGLOBINA
;;;;2280068;DOSAGEM DE HEMOGLOBINA
;;;;2280327;DOSAGEM DE HEMOGLOBINA - INSTABILIDADE A 37OC
;;;;2280328;DOSAGEM DE HEMOGLOBINA FETAL
;;;;2280329;DOSAGEM DE HEMOSSIDERINA
;;;;2280302;DOSAGEM DE HIDROXIPROLINA
;;;;2280175;DOSAGEM DE IMUNOGLOBULINA A (IGA)
;;;;2280174;DOSAGEM DE IMUNOGLOBULINA E (IGE)
;;;;2280176;DOSAGEM DE IMUNOGLOBULINA M (IGM)
;;;;2280257;DOSAGEM DE INIBIDOR DE C1-ESTERASE
;;;;2280303;DOSAGEM DE ISOMERASE-FOSFOHEXOSE
;;;;2280304;DOSAGEM DE LACTATO
;;;;2280305;DOSAGEM DE LEUCINO-AMINOPEPTIDASE
;;;;2280521;DOSAGEM DE MERCURIO
;;;;2280522;DOSAGEM DE META-HEMOGLOBINA
;;;;2280523;DOSAGEM DE METOTREXATO
;;;;2280194;DOSAGEM DE MICROALBUMINA NA URINA
;;;;2280419;DOSAGEM DE OXALATO
;;;;2280202;DOSAGEM DE PEPTIDEO C
;;;;2280306;DOSAGEM DE PIRUVATO
;;;;2280330;DOSAGEM DE PLASMINOGENIO
;;;;2280307;DOSAGEM DE PORFIRINAS
;;;;2280069;DOSAGEM DE POTASSIO
;;;;2280273;DOSAGEM DE PROTEINA C REATIVA
;;;;2280070;DOSAGEM DE PROTEINAS ( URINA DE 24 HORAS )
;;;;2280544;DOSAGEM DE PROTEINAS NO LIQUIDO SINOVIAL E DERRAMES
;;;;2280169;DOSAGEM DE PROTEINAS TOTAIS
;;;;2280494;DOSAGEM DE RENINA
;;;;2280071;DOSAGEM DE SODIO
;;;;2280267;DOSAGEM DE SOMATOMEDINA C (IGF1)
;;;;2280495;DOSAGEM DE SULFATO DE HIDROEPIANDROSTERONA (DHEAS)
;;;;2280308;DOSAGEM DE TRIPTOFANO
;;;;2280211;DOSAGEM DE TROPONINA
;;;;2280185;DOSAGEM DE ZINCO
;;;;2280188;DOSAGEM DO  ANTIGENO  CA 125
;;;;2280420;DOSAGEM E/OU FRACIONAMENTO DE ACIDOS ORGANICOS
;;;;2280072;EAS - SUMARIO DE URINA
;;;;2280237;ELETROFORESE DE HEMOGLOBINA
;;;;2280238;ELETROFORESE DE LIPOPROTEINAS
;;;;2280236;ELETROFORESE DE PROTEINAS
;;;;2280545;ELETROFORESE DE PROTEINAS C/ CONCENTRACAO NO LIQUOR
;;;;2280154;ERITROGRAMA( ERITROCITOS, HEMOGLOBINA, HEMATOCRITO )
;;;;2280546;ESPECTROFOTOMETRIA NO LIQUIDO AMNIOTICO
;;;;2280547;ESPLENOGRAMA
;;;;2280073;ESTRADIOL
;;;;2280404;EXAME COPROLOGICO FUNCIONAL
;;;;2280548;EXAME DE CARACTERES FISICOS CONTAGEM GLOBAL E ESPECIFICA DE CELULAS
;;;;2280399;EXAME LABORATORIAL PARA DOENÇA DE GAUCHER I
;;;;2280400;EXAME LABORATORIAL PARA DOENÇA DE GAUCHER II
;;;;2280179;EXAME MICROBIOLOGICO A FRESCO ( MICOLOGICO DIRETO)
;;;;2280421;EXAME QUALITATIVO DE CALCULOS URINARIOS
;;;;2280074;FAN - ANTICORPOS ANTI-NUCLEO , IFI
;;;;2280240;FATOR II - DOSAGEM
;;;;2280245;FATOR IX - DOSAGEM
;;;;2280075;FATOR REUMATOIDE , TESTE DO LATEX
;;;;2280076;FATOR RH (INCLUI DO FRACO)
;;;;2280243;FATOR VII - DOSAGEM
;;;;2280244;FATOR VIII - DOSAGEM
;;;;2280246;FATOR X - DOSAGEM
;;;;2280247;FATOR XI - DOSAGEM
;;;;2280248;FATOR XII - DOSAGEM
;;;;2280568;FENOTIPAGEM DE SISTEMA RH - HR
;;;;2280077;FERRITINA
;;;;2280078;FERRO SERICO
;;;;2280079;FOLICULO ESTIMULANTE, HORMONIO - FSH
;;;;2280080;FOSFATASE ALCALINA
;;;;2280082;GAMA-GLUTAMIL TRANSFERASE - GAMA GT
;;;;2280309;GASOMETRIA (PH PCO2 PO2 BICARBONATO AS2 (EXCESSO OU DEFICIT BASE )
;;;;2280083;GLICEMIA DE JEJUM
;;;;2280084;GLICEMIA POS PRANDIAL
;;;;2280085;GONADOTROFINA CORIONICA - BETA  HCG
;;;;2280086;GRUPO ABO - DETERMINACAO
;;;;2280088;HAV- IGG  ANTICORPOS  IGG CONTRA O VIRUS DA HEPATITE A
;;;;2280089;HAV-IGM   ANTICORPOS  IGM CONTRA O VIRUS DA HEPATITE A
;;;;2280090;HBEAG - ANTIGENO E DA HEPATITE B
;;;;2280092;HEMATOCRITO
;;;;2280450;HEMOCULTURA
;;;;2280094;HEMOGLOBINA GLICOSILADA
;;;;2280095;HEMOGRAMA COMPLETO
;;;;2280096;HERPES SIMPLES , PESQUISA DE ANTICORPOS, IGG
;;;;2280097;HERPES SIMPLES , PESQUISA DE ANTICORPOS, IGM
;;;;2280098;HERPES ZOSTER , PESQUISA DE ANTICORPOS , IGM
;;;;2280099;HERPES ZOSTER , PESQUISA DE ANTICORPOS, IGG
;;;;2280160;HORMONIO DE CRESCIMENTO - HGH
;;;;2280180;IDENTIFICAÇAO AUTOMATIZADA DE MICRORGANISMOS
;;;;2280569;IDENTIFICACAO DE ANTICORPOS SERICOS IRREGULARES C/ PAINEL DE HEMACIAS
;;;;2280405;IDENTIFICACAO DE FRAGMENTOS DE HELMINTOS
;;;;2280417;IDENTIFICAÇÃO DE GLICÍDIOS URINÁRIOS POR CROMATOGRAFIA (CAMADA DELGADA)
;;;;2280204;IMUNOELETROFORESE DE PROTEINAS
;;;;2280343;IMUNOFENOTIPAGEM DE HEMOPATIAS MALIGNAS (POR MARCADOR)
;;;;2280101;INSULINA
;;;;2280156;LEUCOGRAMA
;;;;2280102;LH LUTEINIZANTE HORMONIO
;;;;2280232;LINFOCITOS B , CONTAGEM
;;;;2280103;LIPASE
;;;;2280104;LITIO SERICO
;;;;2280105;MAGNESIO
;;;;2280258;MAGNESIO URINARIO
;;;;2280549;MIELOGRAMA
;;;;2280106;MUCO PROTEINAS
;;;;2280107;PARASITOLOGICO (METODOS DE CONCENTRACAO)
;;;;2280111;PARATORMONIO - DOSAGEM
;;;;2280451;PEQUISA DE PNEUMOCYSTI CARINI
;;;;2280422;PESQUISA / DOSAGEM DE AMINOACIDOS (POR CROMATOGRAFIA)
;;;;2280423;PESQUISA DE ALCAPTONA NA URINA
;;;;2280424;PESQUISA DE AMINOACIDOS NA URINA
;;;;2280192;PESQUISA DE ANTICORPO IGG ANTICARDIOLIPINA
;;;;2280193;PESQUISA DE ANTICORPO IGM ANTICARDIOLIPINA
;;;;2280347;PESQUISA DE ANTICORPOS ANTIADENOVIRUS
;;;;2280348;PESQUISA DE ANTICORPOS ANTIAMEBAS
;;;;2280349;PESQUISA DE ANTICORPOS ANTIASPERGILLUS
;;;;2280440;PESQUISA DE ANTICORPOS ANTIBRUCELAS
;;;;2280350;PESQUISA DE ANTICORPOS ANTICISTICERCO
;;;;2280351;PESQUISA DE ANTICORPOS ANTICLAMIDIA (POR IMUNOFLUORESCENCIA)
;;;;2280352;PESQUISA DE ANTICORPOS ANTICORTEX SUPRARENAL
;;;;2280191;PESQUISA DE ANTICORPOS ANTI-DNA
;;;;2280353;PESQUISA DE ANTICORPOS ANTIEQUINOCOCOS
;;;;2280228;PESQUISA DE ANTICORPOS ANTIESCLERODERMA (SCL 70)
;;;;2280354;PESQUISA DE ANTICORPOS ANTIESPERMATOZOIDES
;;;;2280550;PESQUISA DE ANTICORPOS ANTIESPERMATOZOIDES ( ELISA )
;;;;2280441;PESQUISA DE ANTICORPOS ANTIESTREPTOLISINA O (ASLO)
;;;;2280355;PESQUISA DE ANTICORPOS ANTIFIGADO
;;;;2280356;PESQUISA DE ANTICORPOS ANTIGLOMERULO
;;;;2280344;PESQUISA DE ANTICORPOS ANTI-HELICOBACTER PYLORI
;;;;2280345;PESQUISA DE ANTICORPOS ANTI-HIV-1 (WESTERN BLOT)
;;;;2280357;PESQUISA DE ANTICORPOS ANTIILHOTA DE LANGERHANS
;;;;2280358;PESQUISA DE ANTICORPOS ANTIINSULINA
;;;;2280359;PESQUISA DE ANTICORPOS ANTILEPTOSPIRAS
;;;;2280360;PESQUISA DE ANTICORPOS ANTILISTERIA
;;;;2280361;PESQUISA DE ANTICORPOS ANTIMITOCONDRIA
;;;;2280362;PESQUISA DE ANTICORPOS ANTIMUSCULO ESTRIADO
;;;;2280363;PESQUISA DE ANTICORPOS ANTIMUSCULO LISO
;;;;2280364;PESQUISA DE ANTICORPOS ANTIPARIETAIS
;;;;2280365;PESQUISA DE ANTICORPOS ANTIPLASMODIOS
;;;;2280205;PESQUISA DE ANTICORPOS ANTI-RIBONUCLEOPROTEINA (RNP)
;;;;2280346;PESQUISA DE ANTICORPOS ANTI-SCHISTOSOMAS
;;;;2280206;PESQUISA DE ANTICORPOS ANTI-SM
;;;;2280189;PESQUISA DE ANTICORPOS ANTI-SS-A (RO)
;;;;2280190;PESQUISA DE ANTICORPOS ANTI-SS-B (LA)
;;;;2280277;PESQUISA DE ANTICORPOS ANTITIREOGLOBULINA
;;;;2280366;PESQUISA DE ANTICORPOS CONTRA HISTOPLASMA
;;;;2280367;PESQUISA DE ANTICORPOS CONTRA O SPOROTRIX SCHENKII
;;;;2280368;PESQUISA DE ANTICORPOS CONTRA O VIRUS DA HEPATITE D (ANTI-HDV)
;;;;2280369;PESQUISA DE ANTICORPOS CONTRA O VIRUS DO SARAMPO
;;;;2280158;PESQUISA DE ANTICORPOS CONTRA PARACOCCIDIOIDES BRASILIENSIS
;;;;2280370;PESQUISA DE ANTICORPOS E/OU ANTIGENO DO VIRUS SINCICIAL RESPIRATORIO
;;;;2280371;PESQUISA DE ANTICORPOS EIE ANTICLAMIDIA
;;;;2280170;PESQUISA DE ANTICORPOS HETEROFILOS CONTA O VIRUS EPSTEIN BARR (MONONUCLEOSE)
;;;;2280373;PESQUISA DE ANTICORPOS IGG ANTILEISHMANIAS
;;;;2280115;PESQUISA DE ANTICORPOS IGG ANTITRIPANOSOMA CRUZI
;;;;2280376;PESQUISA DE ANTICORPOS IGG CONTRA ARBOVIRUS
;;;;2280199;PESQUISA DE ANTICORPOS IGG CONTRA O VIRUS EPSTEIN-BARR
;;;;2280375;PESQUISA DE ANTICORPOS IGG E IGM CONTRA ANTIGENO CENTRAL DO VIRUS DA HEPATITE B (ANTI-HBC-TOTAL)
;;;;2280378;PESQUISA DE ANTICORPOS IGM ANTILEISHMANIAS
;;;;2280116;PESQUISA DE ANTICORPOS IGM ANTITRIPANOSOMA CRUZI
;;;;2280381;PESQUISA DE ANTICORPOS IGM CONTRA ARBOVIRUS
;;;;2280198;PESQUISA DE ANTICORPOS IGM CONTRA O VIRUS EPSTEIN-BARR
;;;;2280570;PESQUISA DE ANTICORPOS IRREGULARES PELO METODO DA ELUICAO
;;;;2280571;PESQUISA DE ANTICORPOS SERICOS IRREGULARES 37OC
;;;;2280572;PESQUISA DE ANTICORPOS SERICOS IRREGULARES A FRIO
;;;;2280331;PESQUISA DE ATIVIDADE DO COFATOR DE RISTOCETINA
;;;;2280452;PESQUISA DE BACILO DIFTERICO
;;;;2280425;PESQUISA DE BETA-MERCAPTO-LACTATO-DISSULFIDURIA
;;;;2280457;PESQUISA DE CADEIAS LEVES KAPPA E LAMBDA
;;;;2280552;PESQUISA DE CARACTERES FISICOS NO LIQUOR
;;;;2280553;PESQUISA DE CELULAS ORANGIOFILAS
;;;;2280458;PESQUISA DE CISTINA NA URINA
;;;;2280459;PESQUISA DE COPROPORFIRINA NA URINA
;;;;2280332;PESQUISA DE CORPUSCULOS DE HEINZ
;;;;2280383;PESQUISA DE CRIOGLOBULINAS
;;;;2280554;PESQUISA DE CRISTAIS C/ LUZ POLARIZADA
;;;;2280406;PESQUISA DE ENTEROBIUS VERMICULARES (OXIURUS OXIURA)
;;;;2280407;PESQUISA DE EOSINOFILOS
;;;;2280460;PESQUISA DE ERROS INATOS DO METABOLISMO NA URINA
;;;;2280195;PESQUISA DE ESPERMATOZOIDES (APOS VASECTOMIA)
;;;;2280453;PESQUISA DE ESTREPTOCOCOS BETA-HEMOLITICOS DO GRUPO A
;;;;2280629;PESQUISA DE FATOR REUMATOIDE (WAALER-ROSE)
;;;;2280461;PESQUISA DE FENIL-CETONA NA URINA
;;;;2280333;PESQUISA DE FILARIA
;;;;2280462;PESQUISA DE FRUTOSE NA URINA
;;;;2280463;PESQUISA DE GALACTOSE NA URINA
;;;;2280159;PESQUISA DE GORDURA FECAL
;;;;2280454;PESQUISA DE HAEMOPHILUS DUCREY
;;;;2280255;PESQUISA DE HELICOBACTER PYLORI
;;;;2280263;PESQUISA DE HEMOGLOBINA S
;;;;2280464;PESQUISA DE HOMOCISTINA NA URINA
;;;;2280625;PESQUISA DE IMUNOGLOBULINA E (IGE) ALERGENO- ESPECÍFICA - 07
;;;;2280626;PESQUISA DE IMUNOGLOBULINA E (IGE) ALERGENO- ESPECÍFICA - 08
;;;;2280628;PESQUISA DE IMUNOGLOBULINA E (IGE) ALERGENO- ESPECÍFICA - 10
;;;;2280385;PESQUISA DE IMUNOGLOBULINA E (IGE) ALERGENO-ESPECIFICA - 01
;;;;2280386;PESQUISA DE IMUNOGLOBULINA E (IGE) ALERGENO-ESPECIFICA - 02
;;;;2280387;PESQUISA DE IMUNOGLOBULINA E (IGE) ALERGENO-ESPECIFICA - 03
;;;;2280388;PESQUISA DE IMUNOGLOBULINA E (IGE) ALERGENO-ESPECIFICA - 04
;;;;2280389;PESQUISA DE IMUNOGLOBULINA E (IGE) ALERGENO-ESPECIFICA - 05
;;;;2280390;PESQUISA DE IMUNOGLOBULINA E (IGE) ALERGENO-ESPECIFICA - 06
;;;;2280465;PESQUISA DE LACTOSE NA URINA
;;;;2280279;PESQUISA DE LARVAS NAS FEZES
;;;;2280532;PESQUISA DE LEPTOSPIRAS
;;;;2280161;PESQUISA DE LEUCOCITOS FECAIS
;;;;2280408;PESQUISA DE LEVEDURAS NAS FEZES
;;;;2280504;PESQUISA DE MACROPROLACTINA
;;;;2280466;PESQUISA DE MUCOPOLISSACARIDEOS NA URINA
;;;;2280409;PESQUISA DE OVOS DE SCHISTOSOMAS (EM FRAGMENTO DE MUCOSA)
;;;;2280467;PESQUISA DE PORFOBILINOGENIO NA URINA
;;;;2280468;PESQUISA DE PROTEINAS URINARIAS (POR ELETROFORESE)
;;;;2280555;PESQUISA DE RAGOCITOS NO LIQUIDO SINOVIAL E DERRAMES
;;;;2280212;PESQUISA DE ROTAVIRUS NAS FEZES
;;;;2280117;PESQUISA DE SANGUE OCULTO NAS FEZES
;;;;2280410;PESQUISA DE SUBSTANCIAS REDUTORAS NAS FEZES
;;;;2280469;PESQUISA DE TIROSINA NA URINA
;;;;2280280;PESQUISA DE TREPONEMA PALLIDUM
;;;;2280334;PESQUISA DE TRIPANOSSOMA
;;;;2280411;PESQUISA DE TRIPSINA NAS FEZES
;;;;2280412;PESQUISA DE TROFOZOITAS NAS FEZES
;;;;2280685;PESQUISA LABORATORIAL ANTIGENO SUPERFICIE VIRUS HEPATITE B(HBSAG) EXCETO GESTANTE PARCEIRO
;;;;2280691;PESQUISA LABORATORIAL ANTIGENOS HIV-ANTICORPOS ANTI-HIV-1/ ANTI-HIV-2 EXCETO GESTANTE PARCEIRO
;;;;2280688;PESQUISA LABORATORIAL D/ ANTICORPOS CONTRA VIRUS D/HEPATITE C(ANTI-HCV) POP/GESTANTE E PARCEIROS
;;;;2280694;PESQUISA LABORATORIAL D/ANTICORPOS ANTI-HTLV-1+HTLV-2 P/POPULACAO EXCETO GESTANTE , PARCEIROS
;;;;2280118;PROGESTERONA
;;;;2280119;PROLACTINA
;;;;2280120;PROTEINA C REATIVA, DETERMINACAO QUANTITATIVA
;;;;2280121;PROTEINAS TOTAIS E FRACOES
;;;;2280455;PROVA CONFIRMATÓRIA DA PRESENÇA DE MICRO-ORGANISMOS COLIFORMES
;;;;2280310;PROVA DA D-XILOSE
;;;;2280335;PROVA DE CONSUMO DE PROTROMBINA
;;;;2280470;PROVA DE DILUICAO (URINA)
;;;;2280196;PROVA DE PROGRESSAO ESPERMATICA (CADA)
;;;;2280123;PROVA DO LACO
;;;;2280556;PROVA DO LATEX P/ HAEMOPHILLUS INFLUENZAE, STREPTOCOCCUS PNEUMONIAE, NEISSERIA MENINGITIDIS (SOROTIP
;;;;2280557;PROVA DO LATEX P/ PESQUISA DO FATOR REUMATOIDE
;;;;2280391;PROVAS DE PRAUSNITZ-KUSTNER (PK)
;;;;2280392;PROVAS IMUNO-ALERGICAS BACTERIANAS
;;;;2280124;PSA LIVRE
;;;;2280126;PSA TOTAL
;;;;2280566;QUANTIFICAÇÃO/AMPLIFICAÇÃO DO HER-2
;;;;2280336;RASTREIO P/ DEFICIENCIA DE ENZIMAS ERITROCITARIAS
;;;;2280394;REACAO DE MONTENEGRO ID
;;;;2280558;REACAO DE PANDY
;;;;2280559;REACAO DE RIVALTA NO LIQUIDO SINOVIAL E DERRAMES
;;;;2280162;RETICULOCITOS - CONTAGEM
;;;;2280127;RETRACAO DO COAGULO
;;;;2280128;RUBEOLA , ANTICORPOS IGG
;;;;2280129;RUBEOLA , ANTICORPOS IGM
;;;;2280599;SODIO ( NA URINA 24 HORAS)
;;;;2280703;TESTE CONFIRMATORIO C/ PESQUISA D/ ANTICORPOS ANTI-HTLV-1+ANTI-HTLV-2 EXCETO GESTANTE PARCEIRO
;;;;2280337;TESTE DE AGREGACAO DE PLAQUETAS
;;;;2280560;TESTE DE CLEMENTS
;;;;2280499;TESTE DE ESTIMULO COM GNRH OU COM AGONISTA GNRH
;;;;2280497;TESTE DE ESTIMULO DA PROLACTINA / TSH APOS TRH
;;;;2280498;TESTE DE ESTIMULO DA PROLACTINA APOS CLORPROMAZINA
;;;;2280500;TESTE DE ESTIMULO DO HGH APOS GLUCAGON
;;;;2280561;TESTE DE GASTROACIDOGRAMA - SECRECAO BASAL POR 60 EM 4 AMOSTRAS
;;;;2280338;TESTE DE HAM (HEMOLISE ACIDA)
;;;;2280562;TESTE DE HOLLANDER NO SUCO GASTRICO
;;;;2280501;TESTE DE SUPRESSAO DO CORTISOL APOS DEXAMETASONA
;;;;2280502;TESTE DE SUPRESSAO DO HGH APOS GLICOSE
;;;;2280311;TESTE DE TOLERANCIA A INSULINA / HIPOGLICEMIANTES ORAIS
;;;;2280130;TESTE DE VDRL P/ DETECCAO DE SIFILIS
;;;;2280503;TESTE P/ INVESTIGACAO DO DIABETES INSIPIDUS
;;;;2280395;TESTES ALERGICOS DE CONTATO
;;;;2280396;TESTES CUTANEOS DE LEITURA IMEDIATA
;;;;2280131;TESTOSTERONA LIVRE
;;;;2280132;TESTOSTERONA TOTAL
;;;;2280133;TGO
;;;;2280134;TGP
;;;;2280135;TIREOGLOBULINA
;;;;2280136;TIROXINA - T4
;;;;2280137;TIROXINA LIVRE (T4 LIVRE)
;;;;2280573;TITULACAO DE ANTICORPOS ANTI A E/OU ANTI B
;;;;2280138;TOXOPLASMOSE  IFI-IGG
;;;;2280139;TOXOPLASMOSE IFI (IGM)
;;;;2280140;TRANSFERRINA
;;;;2280141;TRIGLICERIDEOS
;;;;2280142;TRIIODOTIRONINA -  T3
;;;;2280143;TSH - HORMONIO ESTIMULANTE TIREOIDE
;;;;2280144;UREIA
;;;;2280145;UREIA, DOSAGEM EM URINA DE 24 HS
;;;;2280146;VDRL P/ DETECCAO DE SIFILIS EM GESTANTE
;;;;2280147;VELOCIDADE DE HEMOSSEDIMENTACAO (VHS)
;;;;2280148;VITAMINA B12
;;1101000;GRUPO - PATOLOGIA CLINICA (EXAMES DE LABORATORIO);;
;;2400000;GRUPO - PATOLOGIA CLINICA (REGULACAO);;
;;;;2400022;DETECCAO DE RNA DO VIRUS DA HEPATITE C (QUALITATIVO)
;;;;2400023;QUANTIFICACAO DE RNA DO VIRUS DA HEPATITE C
;MI MEDICOS IMAGENS;;;;
;;1313001;DENSITOMETRIA OSSEA - RADIODIAGNOSTICO;;
;;1706000;GRUPO - DIAGNOSE EM NEUROLOGIA;;
;;3513000;GRUPO - DIAGNOSTICO POR TOMOGRAFIA (SEDACAO);;
;;;;3513023;TOMOGRAFIA COMPUTADORIZADA DE ABDOMEN (AD C/ SED)
;;;;3513024;TOMOGRAFIA COMPUTADORIZADA DE ABDOMEN (INF C/ SED)
;;;;3513025;TOMOGRAFIA COMPUTADORIZADA DE ARTICULACOES DE MEMBRO INFERIOR (AD C/ SED)
;;;;3513026;TOMOGRAFIA COMPUTADORIZADA DE ARTICULACOES DE MEMBRO INFERIOR (INF C/ SED)
;;;;3513017;TOMOGRAFIA COMPUTADORIZADA DE ARTICULACOES DE MEMBRO SUPERIOR (AD C/ SED)
;;;;3513018;TOMOGRAFIA COMPUTADORIZADA DE ARTICULACOES DE MEMBRO SUPERIOR (INF C/ SED)
;;;;3513001;TOMOGRAFIA COMPUTADORIZADA DE COLUNA CERVICAL C/ OU S/ CONTRASTE (AD C/ SED)
;;;;3513002;TOMOGRAFIA COMPUTADORIZADA DE COLUNA CERVICAL C/ OU S/ CONTRASTE (INF C/ SED)
;;;;3513003;TOMOGRAFIA COMPUTADORIZADA DE COLUNA LOMBO-SACRA C/ OU S/ CONTRASTE (AD C/ SED)
;;;;3513004;TOMOGRAFIA COMPUTADORIZADA DE COLUNA LOMBO-SACRA C/ OU S/ CONTRASTE (INF C/ SED)
;;;;3513005;TOMOGRAFIA COMPUTADORIZADA DE COLUNA TORACICA C/ OU S/ CONTRASTE (AD C/ SED)
;;;;3513006;TOMOGRAFIA COMPUTADORIZADA DE COLUNA TORACICA C/ OU S/ CONTRASTE (INF C/ SED)
;;;;3513013;TOMOGRAFIA COMPUTADORIZADA DE CRANIO (AD C/ SED)
;;;;3513014;TOMOGRAFIA COMPUTADORIZADA DE CRANIO (INF C/ SED)
;;;;3513007;TOMOGRAFIA COMPUTADORIZADA DE FACE / SEIOS DA FACE / ARTICULACOES TEMPORO-MANDIBULARES (AD C/ SED)
;;;;3513008;TOMOGRAFIA COMPUTADORIZADA DE FACE / SEIOS DA FACE / ARTICULACOES TEMPORO-MANDIBULARES (INF C/ SED)
;;;;3513027;TOMOGRAFIA COMPUTADORIZADA DE PELVE / BACIA (AD C/ SED)
;;;;3513028;TOMOGRAFIA COMPUTADORIZADA DE PELVE / BACIA (INF C/ SED)
;;;;3513009;TOMOGRAFIA COMPUTADORIZADA DE PESCOCO (AD C/ SED)
;;;;3513010;TOMOGRAFIA COMPUTADORIZADA DE PESCOCO (INF C/ SED)
;;;;3513019;TOMOGRAFIA COMPUTADORIZADA DE SEGMENTOS APENDICULARES (AD C/ SED)
;;;;3513020;TOMOGRAFIA COMPUTADORIZADA DE SEGMENTOS APENDICULARES (INF C/ SED)
;;;;3513011;TOMOGRAFIA COMPUTADORIZADA DE SELA TURCICA (AD C/ SED)
;;;;3513012;TOMOGRAFIA COMPUTADORIZADA DE SELA TURCICA (INF C/ SED)
;;;;3513021;TOMOGRAFIA COMPUTADORIZADA DE TORAX (AD C/ SED)
;;;;3513022;TOMOGRAFIA COMPUTADORIZADA DE TORAX (INF C/ SED)
;;1401000;GRUPO - EXAMES ULTRA-SONOGRAFICOS;;
;;;;1401507;ULTRA-SONOGRAFIA  DE ARTICULACAO ANTEBRACO DIREITO
;;;;1401508;ULTRA-SONOGRAFIA  DE ARTICULACAO ANTEBRACO ESQUERDO
;;;;1401009;ULTRA-SONOGRAFIA  DE ARTICULACAO ATM
;;;;1401527;ULTRA-SONOGRAFIA  DE ARTICULACAO CLAVICULA
;;;;1401505;ULTRA-SONOGRAFIA  DE ARTICULACAO COTOVELO DIREITO
;;;;1401506;ULTRA-SONOGRAFIA  DE ARTICULACAO COTOVELO ESQUERDO
;;;;1401514;ULTRA-SONOGRAFIA  DE ARTICULACAO COXA DIREITA
;;;;1401515;ULTRA-SONOGRAFIA  DE ARTICULACAO COXA ESQUERDA
;;;;1401513;ULTRA-SONOGRAFIA  DE ARTICULACAO DEDOS
;;;;1401524;ULTRA-SONOGRAFIA  DE ARTICULACAO DEDOS DO PE
;;;;1401516;ULTRA-SONOGRAFIA  DE ARTICULACAO JOELHO DIREITO
;;;;1401517;ULTRA-SONOGRAFIA  DE ARTICULACAO JOELHO ESQUERDO
;;;;1401511;ULTRA-SONOGRAFIA  DE ARTICULACAO MAO DIREITA
;;;;1401512;ULTRA-SONOGRAFIA  DE ARTICULACAO MAO ESQUERDA
;;;;1401409;ULTRA-SONOGRAFIA  DE ARTICULACAO OMBRO DIREITO
;;;;1401500;ULTRA-SONOGRAFIA  DE ARTICULACAO OMBRO ESQUERDO
;;;;1401518;ULTRA-SONOGRAFIA  DE ARTICULACAO PANTURRILHA DIREITA
;;;;1401519;ULTRA-SONOGRAFIA  DE ARTICULACAO PANTURRILHA ESQUERDA
;;;;1401522;ULTRA-SONOGRAFIA  DE ARTICULACAO PE DIREITO
;;;;1401523;ULTRA-SONOGRAFIA  DE ARTICULACAO PE ESQUERDO
;;;;1401528;ULTRA-SONOGRAFIA  DE ARTICULACAO PERNA DIREITA
;;;;1401529;ULTRA-SONOGRAFIA  DE ARTICULACAO PERNA ESQUERDA
;;;;1401509;ULTRA-SONOGRAFIA  DE ARTICULACAO PUNHO DIREITO
;;;;1401510;ULTRA-SONOGRAFIA  DE ARTICULACAO PUNHO ESQUERDO
;;;;1401526;ULTRA-SONOGRAFIA  DE ARTICULACAO QUADRIL
;;;;1401530;ULTRA-SONOGRAFIA  DE ARTICULACAO TENDAO DE AQUILES
;;;;1401520;ULTRA-SONOGRAFIA  DE ARTICULACAO TORNOZELO DIREITO
;;;;1401521;ULTRA-SONOGRAFIA  DE ARTICULACAO TORNOZELO ESQUERDO
;;;;1401405;ULTRA-SONOGRAFIA  DO APARELHO URINARIO (RINS, BEXIGA)
;;;;1401930;ULTRA-SONOGRAFIA  TORAX ( EXTRACARDIACO )
;;;;1401999;ULTRA-SONOGRAFIA DE ABDOMEN SUPERIOR
;;;;1401998;ULTRA-SONOGRAFIA DE ABDOMEN TOTAL
;;;;1401978;ULTRA-SONOGRAFIA DE BOLSA ESCROTAL
;;;;1401977;ULTRA-SONOGRAFIA DE MAMAS (BILATERAL)
;;;;1401037;ULTRA-SONOGRAFIA DE PARTES MOLES
;;;;1401997;ULTRA-SONOGRAFIA DE PROSTATA (VIA ABDOMINAL)
;;;;1401981;ULTRA-SONOGRAFIA DE PROSTATA (VIA TRANSRETAL)
;;;;1401987;ULTRA-SONOGRAFIA DE REGIAO CERVICAL (PESCOCO)
;;;;1401980;ULTRA-SONOGRAFIA DE TIREOIDE
;;;;1401201;ULTRA-SONOGRAFIA OBSTETRICA
;;;;1401101;ULTRA-SONOGRAFIA PELVICA (GINECOLOGICA)
;;;;1401942;ULTRA-SONOGRAFIA TRANSFONTANELAR
;;;;1401202;ULTRA-SONOGRAFIA TRANSVAGINAL
;;1670000;GRUPO - EXAMES ULTRA-SONOGRAFICOS (DOPPLER) E ECOGRAFIAS;;
;;;;1670019;DOPPLER DE BOLSA ESCROTAL
;;;;1670012;ULTRA-SONOGRAFIA  DOPPLER ARTERIAL- M I D
;;;;1670013;ULTRA-SONOGRAFIA  DOPPLER ARTERIAL- M I E
;;;;1670014;ULTRA-SONOGRAFIA  DOPPLER ARTERIAL- M S D
;;;;1670015;ULTRA-SONOGRAFIA  DOPPLER ARTERIAL- M S E
;;;;1670006;ULTRA-SONOGRAFIA  DOPPLER DE CAROTIDAS
;;;;1670007;ULTRA-SONOGRAFIA  DOPPLER VENOSO - MID
;;;;1670009;ULTRA-SONOGRAFIA  DOPPLER VENOSO - MIE
;;;;1670010;ULTRA-SONOGRAFIA  DOPPLER VENOSO - MSD
;;;;1670011;ULTRA-SONOGRAFIA  DOPPLER VENOSO - MSE
;;;;1670030;ULTRA-SONOGRAFIA DOPPLER - ILIACA (3 VASOS)
;;;;1670035;ULTRA-SONOGRAFIA DOPPLER DE ABDOMEN TOTAL
;;;;1670016;ULTRA-SONOGRAFIA DOPPLER DE AORTA E VASOS ILIACOS
;;;;1670025;ULTRA-SONOGRAFIA DOPPLER DE ARTERIA AORTA ABDOMINAL
;;;;1670008;ULTRA-SONOGRAFIA DOPPLER DE ARTERIAS RENAIS
;;;;1670017;ULTRA-SONOGRAFIA DOPPLER DE ARTERIAS VERTEBRAIS
;;;;1670022;ULTRA-SONOGRAFIA DOPPLER DE TIREOIDE
;;1305000;GRUPO - MAMOGRAFIA;;
;;;;1305001;MAMOGRAFIA BILATERAL PARA RASTREAMENTO (ROTINA)
;;;;1305002;MAMOGRAFIA UNILATERAL MAMA D (DIAGNOSTICO)
;;;;1305003;MAMOGRAFIA UNILATERAL MAMA E (DIAGNOSTICO)
;;1301000;GRUPO - RADIODIAGNOSTICO;;
;;;;1301003;ABDOMEN  SIMPLES : AP
;;;;1301161;ABDOMEN : AP - LATERAL OU LOCALIZADA
;;;;1301002;ABDOMEN AGUDO (MINIMO DE 3 INCIDENCIAS)
;;;;1301126;ANTEBRACO DIREITO
;;;;1301127;ANTEBRACO ESQUERDO
;;;;1301109;ARCADA ZIGOMATICA -MALAR :  AP +  OBLIQUAS
;;;;1301009;ARTICULACAO ACROMIO-CLAVICULAR
;;;;1301128;ARTICULACAO COXO-FEMORAL DIREITO
;;;;1301129;ARTICULACAO COXO-FEMORAL ESQUERDO
;;;;1301114;ARTICULACAO ESCAPULO-UMERAL DIREITA
;;;;1301115;ARTICULACAO ESCAPULO-UMERAL ESQUERDO
;;;;1301012;ARTICULACAO ESTERNO-CLAVICULAR
;;;;1301013;ARTICULACAO SACRO ILIACA
;;;;1301014;ARTICULACAO TEMPORO MANDIBULAR BILATERAL
;;;;1301116;ARTICULACAO TIBIO-TARSICA DIREITA
;;;;1301117;ARTICULACAO TIBIO-TARSICA ESQUERDA
;;;;1301017;BACIA
;;;;1301118;BRACO DIREITO
;;;;1301119;BRACO ESQUERDO
;;;;1301130;CALCANEO DIREITO
;;;;1301131;CALCANEO ESQUERDO
;;;;1301133;CLAVICULA DIREITA
;;;;1301132;CLAVICULA ESQUERDO
;;;;1301026;COLUNA CERVICAL : AP + LATERAL + T.O OU FLEXAO
;;;;1301171;COLUNA CERVICAL: AP + LATERAL + TO + OBLIQUAS (AP E PERFIL)
;;;;1301028;COLUNA CERVICAL: FUNCIONAL OU DINAMICA
;;;;1301029;COLUNA DORSAL : AP + LATERAL
;;;;1301030;COLUNA DORSO - LOMBAR PARA ESCOLIOSE
;;;;1301031;COLUNA DORSO - LOMBAR PARA ESCOLIOSE DINAMICA
;;;;1301034;COLUNA LOMBO SACRA COM OBLIQUAS
;;;;1301032;COLUNA LOMBO SACRA FUNCIONAL OU DINAMICA
;;;;1301033;COLUNA LOMBO-SACRA
;;;;1301037;CORACAO E VASOS DA BASE PA + LAT. + OBLIQUAS
;;;;1301036;CORACAO E VASOS DA BASE PA + LATERAL
;;;;1301038;COSTELAS - POR HEMITORAX
;;;;1301134;COTOVELO DIREITO
;;;;1301135;COTOVELO ESQUERDO
;;;;1301136;COXA DIREITA
;;;;1301137;COXA ESQUERDA
;;;;1301043;CRANIO - PA + LAT. + OBLI. OU BRETTON + HIRTZ
;;;;1301042;CRANIO : PA + LATERAL
;;;;1301047;ESCANOMETRIA
;;;;1301048;ESOFAGO
;;;;1301050;ESTERNO
;;;;1301138;JOELHO : AP + LATERAL DIREITO
;;;;1301139;JOELHO : AP + LATERAL ESQUERDO
;;;;1301142;JOELHO OU ROTULA - AP + LAT. + AXIAL DIREITO
;;;;1301143;JOELHO OU ROTULA - AP + LAT. + AXIAL ESQUERDO
;;;;1301140;JOELHO OU ROTULA - AP + LAT.- OBLIQUAS + 3 AXIAIS - DIREITO
;;;;1301141;JOELHO OU ROTULA - AP + LAT.- OBLIQUAS + 3 AXIAIS - ESQUERDO
;;;;1301061;LARINGE
;;;;1301121;LOCALIZACAO TRIDIMENSIONAL CORPO ESTRANHO GLOBO OCULAR
;;;;1301144;MAO DIREITA ( DUAS INCIDENCIAS)
;;;;1301145;MAO ESQUERDA ( DUAS INCIDENCIAS)
;;;;1301065;MAOS E PUNHOS PARA IDADE OSSEA
;;;;1301066;MASTOIDE OU ROCHEDOS BILATERAL
;;;;1301067;MAXILAR INFERIOR : PA + OBLIQUAS
;;;;1301068;MEDIASTINO PA E PERFIL
;;;;1301235;OMBRO DIREITO (AP VERDADEIRO, PERFIL DE ESCAPULAR E AXILAR)
;;;;1301236;OMBRO ESQUERDO (AP VERDADEIRO, PERFIL DE ESCAPULAR E AXILAR)
;;;;1301148;ORBITAS DIREITA - P A + OBLIQUAS + HIRTZ
;;;;1301149;ORBITAS ESQUERDA- P A + OBLIQUAS + HIRTZ
;;;;1301071;OSSOS DA FACE - M.N. + LATERAL + HIRTZ
;;;;1301120;PANORAMICA DE MANDIBULA - ORTOPANTOGRAFIA
;;;;1301072;PANORAMICA DE MEMBROS INFERIORES
;;;;1301152;PE OU PODODACTILOS DIREITO
;;;;1301153;PE OU PODODACTILOS ESQUERDO
;;;;1301150;PERNA DIREITA
;;;;1301151;PERNA ESQUERDA
;;;;1301080;PLANIGRAFIA DE COLUNA VERTEBRAL ( DOIS PLANOS)
;;;;1301082;PLANIGRAFIA DE OSSO/SUBSIDIARIA A OUTROS EXAMES - POR PLANO
;;;;1301154;PUNHO DIREITO: AP + LATERAL + OBLIQUOS
;;;;1301155;PUNHO ESQUERDO: AP + LATERAL + OBLIQUOS
;;;;1301194;QUIRODACTILOS (DIREITO)
;;;;1301193;QUIRODACTILOS (ESQUERDO)
;;;;1301020;RADIOGRAFIA DE CAVUM (LATERAL + HIRTZ)
;;;;1301250;RADIOGRAFIA DE PNEUMOMEDIASTINO
;;;;1301248;RADIOGRAFIA OCLUSAL
;;;;1301314;RADIOGRAFIA PERI-APICAL INTERPROXIMAL (BITE-WING)
;;;;1301182;SACRO-COCCIX (AP E PERFIL)
;;;;1301091;SEIOS DA FACE : F.N. , M.N. , LATERAL - HIRTZ
;;;;1301092;SELA TURSICA : PA + LATERAL + BRETTON
;;;;1301249;TELERADIOGRAFIA COM TRACADOS E SEM TRACADOS
;;;;1301097;TORAX  PA + INSPIRACAO + EXPIRACAO + LATERAL
;;;;1301240;TORAX (PA PADRAO OIT)
;;;;1301100;TORAX : APICO - LORDORTICA
;;;;1301096;TORAX : PA E PERFIL
;;;;1301098;TORAX PA + LAT. + OBLIQUA
;;;;1301099;TORAX:  P.A
;;3100000;GRUPO - RESSONANCIA MAGNETICA;;
;;;;3100021;ANGIORESSONANCIA CEREBRAL
;;;;3100014;RESSONANCIA MAGNETICA DE ABDOMEN SUPERIOR
;;;;3100003;RESSONANCIA MAGNETICA DE ARTICULACAO COXO-FEMURAL (BILATERAL)
;;;;3100007;RESSONANCIA MAGNETICA DE ATM (BILATERAL)
;;;;3100019;RESSONANCIA MAGNETICA DE BACIA OU PELVE
;;;;3100004;RESSONANCIA MAGNETICA DE COLUNA CERVICAL
;;;;3100005;RESSONANCIA MAGNETICA DE COLUNA LOMBO-SACRA
;;;;3100006;RESSONANCIA MAGNETICA DE COLUNA TORACICA
;;;;3100025;RESSONANCIA MAGNETICA DE COTOVELO/PUNHO DIREITO
;;;;3100024;RESSONANCIA MAGNETICA DE COTOVELO/PUNHO ESQUERDO
;;;;3100034;RESSONANCIA MAGNETICA DE CRANIO
;;;;3100027;RESSONANCIA MAGNETICA DE OMBRO DIREITO
;;;;3100026;RESSONANCIA MAGNETICA DE OMBRO ESQUERDO
;;;;3100068;RESSONANCIA MAGNETICA DE PERNA DIREITA
;;;;3100069;RESSONANCIA MAGNETICA DE PERNA ESQUERDA
;;;;3100008;RESSONANCIA MAGNETICA DE PESCOCO E REGIAO CERVICAL
;;;;3100033;RESSONANCIA MAGNETICA DE PLEXO BRAQUIAL DIREITO
;;;;3100032;RESSONANCIA MAGNETICA DE PLEXO BRAQUIAL ESQUERDO
;;;;3100029;RESSONANCIA MAGNETICA DE SEGMENTO APENDICULAR DIREITO
;;;;3100028;RESSONANCIA MAGNETICA DE SEGMENTO APENDICULAR ESQUERDO
;;;;3100035;RESSONANCIA MAGNETICA DE SELA TURCICA
;;;;3100017;RESSONANCIA MAGNETICA DE TORAX
;;;;3100023;RESSONANCIA MAGNETICA DE TORNOZELO OU PE DIREITO
;;;;3100022;RESSONANCIA MAGNETICA DE TORNOZELO OU PE ESQUERDO
;;;;3100013;RESSONANCIA MAGNETICA DE VIAS BILIARES
;;;;3100031;RESSONANCIA MAGNETICA DO JOELHO DIREITO
;;;;3100030;RESSONANCIA MAGNETICA DO JOELHO ESQUERDO
;;3103000;GRUPO - RESSONANCIA MAGNETICA (SEDACAO);;
;;;;3103155;ANGIORESSONANCIA CEREBRAL (AD C/ SED)
;;;;3103156;ANGIORESSONANCIA CEREBRAL(INF C/ SED)
;;;;3103109;RESSONANCIA MAGNETICA DA ARTIC COXO-FEMURAL (BI)(AD C/ SED)
;;;;3103111;RESSONANCIA MAGNETICA DA ARTIC COXO-FEMURAL (BI)(INF C/ SED)
;;;;3103013;RESSONANCIA MAGNETICA DA COLUNA CERVICAL (AD C/ SED)
;;;;3103015;RESSONANCIA MAGNETICA DA COLUNA CERVICAL (INF C/ SED)
;;;;3103017;RESSONANCIA MAGNETICA DA COLUNA LOMBO-SACRA (AD C/ SED)
;;;;3103019;RESSONANCIA MAGNETICA DA COLUNA LOMBO-SACRA (INF C/ SED)
;;;;3103021;RESSONANCIA MAGNETICA DA COLUNA TORACICA (AD C/ SED)
;;;;3103023;RESSONANCIA MAGNETICA DA COLUNA TORACICA (INF C/ SED)
;;;;3103025;RESSONANCIA MAGNETICA DE ATM (BI)(AD C/ SED)
;;;;3103027;RESSONANCIA MAGNETICA DE ATM (BI)(INF C/ SED)
;;;;3103029;RESSONANCIA MAGNETICA DE BACIA OU PELVIS (AD C/ SED)
;;;;3103031;RESSONANCIA MAGNETICA DE BACIA OU PELVIS (INF C/ SED)
;;;;3103033;RESSONANCIA MAGNETICA DE COTOVELO/ PUNHO (UNI)(AD C/ SED)
;;;;3103035;RESSONANCIA MAGNETICA DE COTOVELO/ PUNHO (UNI)(INF C/ SED)
;;;;3103037;RESSONANCIA MAGNETICA DE CRANIO (AD C/ SED)
;;;;3103039;RESSONANCIA MAGNETICA DE CRANIO (INF C/ SED)
;;;;3103041;RESSONANCIA MAGNETICA DE OMBRO (UNI)(AD C/ SED)
;;;;3103043;RESSONANCIA MAGNETICA DE OMBRO (UNI)(INF C/ SED)
;;;;3103045;RESSONANCIA MAGNETICA DE SEG APENDICULAR (UNI)(AD C/ SED)
;;;;3103047;RESSONANCIA MAGNETICA DE SEG APENDICULAR (UNI)(INF C/ SED)
;;;;3103153;RESSONANCIA MAGNETICA DE SELA TURCICA (AD C/ SED)
;;;;3103154;RESSONANCIA MAGNETICA DE SELA TURCICA (INF C/ SED)
;;;;3103057;RESSONANCIA MAGNETICA DE VIAS BILIARES (AD C/ SED)
;;;;3103059;RESSONANCIA MAGNETICA DE VIAS BILIARES (INF C/ SED)
;;;;3103061;RESSONANCIA MAGNETICA DO ABDOMEN SUPERIOR (AD C/ SED)
;;;;3103063;RESSONANCIA MAGNETICA DO ABDOMEN SUPERIOR (INF C/ SED)
;;;;3103149;RESSONANCIA MAGNETICA DO JOELHO (UNI)(AD C/ SED)
;;;;3103151;RESSONANCIA MAGNETICA DO JOELHO (UNI)(INF C/ SED)
;;;;3103053;RESSONANCIA MAGNETICA DO PLEXO BRAQUIAL (UNI)(AD C/ SED)
;;;;3103055;RESSONANCIA MAGNETICA DO PLEXO BRAQUIAL (UNI)(INF C/ SED)
;;;;3103065;RESSONANCIA MAGNETICA DO TORAX (AD C/ SED)
;;;;3103067;RESSONANCIA MAGNETICA DO TORAX (INF C/ SED)
;;3500000;GRUPO - TOMOGRAFIA COMPUTADORIZADA;;
;;;;3500025;TOMOGRAFIA COMPUTADORIZADA  COLUNA CERVICAL
;;;;3500077;TOMOGRAFIA COMPUTADORIZADA  DE CRANIO
;;;;3500026;TOMOGRAFIA COMPUTADORIZADA COLUNA DORSAL
;;;;3500027;TOMOGRAFIA COMPUTADORIZADA COLUNA LOMBAR
;;;;3500013;TOMOGRAFIA COMPUTADORIZADA DAS ARTICULACOES COTOVELOS
;;;;3500016;TOMOGRAFIA COMPUTADORIZADA DAS ARTICULACOES COXO-FEMURAIS
;;;;3500011;TOMOGRAFIA COMPUTADORIZADA DAS ARTICULACOES EXTERNO-CLAVICULARES
;;;;3500017;TOMOGRAFIA COMPUTADORIZADA DAS ARTICULACOES JOELHOS
;;;;3500012;TOMOGRAFIA COMPUTADORIZADA DAS ARTICULACOES OMBROS
;;;;3500014;TOMOGRAFIA COMPUTADORIZADA DAS ARTICULACOES PUNHOS
;;;;3500015;TOMOGRAFIA COMPUTADORIZADA DAS ARTICULACOES SACRO-ILIACO
;;;;3500080;TOMOGRAFIA COMPUTADORIZADA DAS ARTICULACOES TORNOZELO
;;;;3500005;TOMOGRAFIA COMPUTADORIZADA DE FACE / SEIOS DA FACE / ARTICULACOES TEMPORO-MANDIBULARES
;;;;3500006;TOMOGRAFIA COMPUTADORIZADA DE MASTOIDES OU OUVIDOS
;;;;3500007;TOMOGRAFIA COMPUTADORIZADA DE PELVE OU BACIA
;;;;3500008;TOMOGRAFIA COMPUTADORIZADA DE PESCOCO (PARTES MOLES, LARINGE)
;;;;3500009;TOMOGRAFIA COMPUTADORIZADA DE SEGMENTOS APENDICULARES
;;;;3500078;TOMOGRAFIA COMPUTADORIZADA DE SELA TURCICA
;;;;3500004;TOMOGRAFIA COMPUTADORIZADA DO ABDOMEN  SUPERIOR
;;;;3500003;TOMOGRAFIA COMPUTADORIZADA DO TORAX
;;;;3500280;TOMOMIELOGRAFIA COMPUTADORIZADA
;MICRO LAB COMPLEXO DE DIAGNOSTICOS;;;;
;;1200000;GRUPO - ANATOMOPATOLOGIA E CITOPATOLOGIA;;
;;2280000;GRUPO - PATOLOGIA CLINICA (EXAMES DE LABORATORIO 2);;
;;;;2280219;17 ALFA HIDROXI PROGESTERONA
;;;;2280313;ACIDEZ TITULÁVEL NO LEITE HUMANO (DORNIC)
;;;;2280220;ACIDO ASCORBICO
;;;;2280001;ACIDO FOLICO
;;;;2280002;ACIDO URICO
;;;;2280534;ACIDO URICO LIQUIDO NO SINOVIAL E DERRAMES
;;;;2280003;ACIDO URICO URINARIO
;;;;2280535;ADENOGRAMA
;;;;2280004;ADRENOCORTICOTROFICO, HORMONIO - ACTH
;;;;2280225;ALFA 1 ANTITRIPSINA
;;;;2280005;ALFA 1 GLICOPROTEINA ACIDA
;;;;2280226;ALFA FETO PROTEINA
;;;;2280006;AMILASE
;;;;2280007;ANDROSTENEDIONA
;;;;2280011;ANTI HBE - ANTICORPOS CONTRA ANTIGENO E DA HEPATITE B
;;;;2280012;ANTI HBS - ANTICORPOS CONTRA ANTIGENO S DA HEPATITE B
;;;;2280015;ANTIBIOGRAMA
;;;;2280446;ANTIBIOGRAMA C/ CONCENTRACAO INIBITORIA MINIMA
;;;;2280181;ANTIBIOGRAMA P/ MICOBACTERIAS
;;;;2280613;ANTICORPOS ANTI-PLAQUETARIOS - DETERMINAÇÃO
;;;;2280018;ANTIPEROXIDASE /ANTI TPO
;;;;2280022;BACILOSCOPIA DIRETA P/ BAAR (HANSENIASE)
;;;;2280447;BACILOSCOPIA DIRETA P/ BAAR TUBERCULOS (CONTROLE)
;;;;2280023;BACILOSCOPIA DIRETA P/ BAAR TUBERCULOSE (DIAGNOSTICA)
;;;;2280024;BACTEROSCOPIA (GRAM)
;;;;2280221;BETA 2 MICROGLOBULINA
;;;;2280025;BILIRRUBINA TOTAL E FRACOES
;;;;2280029;CALCIO
;;;;2280030;CALCIO IONIZAVEL
;;;;2280031;CALCIO URINARIO
;;;;2280033;CEA (ANTIGENO CARCINOEMBRIOGENICO)
;;;;2280034;CELULAS LE - PESQUISA
;;;;2280035;CHAGAS , IFI
;;;;2280259;CHUMBO
;;;;2280260;CHUMBO URINARIO
;;;;2280536;CITOLOGIA P/ CLAMIDIA
;;;;2280537;CITOLOGIA P/ HERPESVIRUS
;;;;2280038;CITOMEGALOVIRUS , IFI (IGG)
;;;;2280039;CITOMEGALOVIRUS , IFI (IGM)
;;;;2280314;CITOQUIMICA HEMATOLOGICA
;;;;2280040;CLEARANCE DE CREATININA
;;;;2280413;CLEARANCE DE FOSFATO
;;;;2280414;CLEARANCE DE UREIA
;;;;2280281;CLEARANCE OSMOLAR
;;;;2280041;CLORETO
;;;;2280042;COLESTEROL ( LDL)
;;;;2280043;COLESTEROL (HDL)
;;;;2280045;COLESTEROL TOTAL
;;;;2280229;COMPLEMENTO ( CH50 ) , DOSAGEM
;;;;2280047;COMPLEMENTO C3 , IDR
;;;;2280048;COMPLEMENTO C4 , IDR
;;;;2280415;CONTAGEM DE ADDIS
;;;;2280432;CONTAGEM DE LINFOCITOS T TOTAIS
;;;;2280049;CONTAGEM DE PLAQUETAS
;;;;2280538;CONTAGEM ESPECIFICA DE CELULAS NO LIQUOR
;;;;2280539;CONTAGEM GLOBAL DE CELULAS NO LIQUOR
;;;;2280050;COOMBS  INDIRETO (INCLUI QUANTITATIVO)
;;;;2280051;COOMBS DIRETO
;;;;2280053;CREATININA
;;;;2280054;CREATININA, DOSAGEM EM URINA DE 24 HS
;;;;2280055;CREATINOFOSFOQUINASE - FRACAO MB
;;;;2280164;CULTURA DE BACTERIAS PARA INDENTIFICACAO
;;;;2280448;CULTURA DO LEITE HUMANO (POS-PASTEURIZAÇÃO)
;;;;2280449;CULTURA P/ HERPESVIRUS
;;;;2280210;CULTURA PARA BAAR
;;;;2280165;CULTURA PARA BACTERIAS ANAEROBICAS
;;;;2280057;CULTURA PARA IDENTIFICACAO DE FUNGOS
;;;;2280058;CURVA GLICEMICA CLASSICA 5 DOSAGENS-ORAL
;;;;2280059;DEHIDROEPIANDROSTERONA - DHEA
;;;;2280697;DETECCAO D/ DNA PROVIRAL D/ HTLV-1 E D/ HTLV-2 P/ POPULACAO EXCETO GESTANTE , PARCEIRO E PARCERIA
;;;;2280339;DETECCAO DE ÁCIDOS NUCLEICOS DO HIV-1 (QUALITATIVO)
;;;;2280382;DETECÇÃO DE CLAMÍDIA E GONOCOCO POR BIOLOGIA MOLECULAR
;;;;2280203;DETERMINACAO DE CAPACIDADE DE FIXACAO DO FERRO
;;;;2280563;DETERMINACAO DE CARIOTIPO EM CULTURA DE LONGA DURACAO (C/ TECNICA DE BANDAS)
;;;;2280564;DETERMINACAO DE CARIOTIPO EM MEDULA OSSEA E VILOSIDADES CORIONICAS (C/ TECNICA DE BANDAS)
;;;;2280565;DETERMINACAO DE CARIOTIPO EM SANGUE PERIFERICO (C/ TECNICA DE BANDAS)
;;;;2280312;DETERMINAÇÃO DE CREMATÓCRITO NO LEITE HUMANO ORDENHADO
;;;;2280282;DETERMINACAO DE CROMATOGRAFIA DE AMINOACIDOS
;;;;2280315;DETERMINACAO DE CURVA DE RESISTENCIA GLOBULAR
;;;;2280167;DETERMINACAO DE CURVA GLICEMICA (2 DOSAGENS)
;;;;2280283;DETERMINACAO DE CURVA GLICEMICA C/ INDUCAO POR CORTISONA ( 5 DOSAGENS)
;;;;2280284;DETERMINACAO DE CURVA GLICEMICA C/ INDUCAO POR CORTISONA (4 DOSAGENS)
;;;;2280316;DETERMINACAO DE ENZIMAS ERITROCITARIAS (CADA)
;;;;2280540;DETERMINACAO DE FOSFOLIPIDIOS RELACAO LECITINA - ESFINGOMIELINA NO LIQUIDO AMNIOTICO
;;;;2280485;DETERMINACAO DE INDICE DE TIROXINA LIVRE
;;;;2280416;DETERMINACAO DE OSMOLALIDADE
;;;;2280285;DETERMINACAO DE OSMOLARIDADE
;;;;2280486;DETERMINACAO DE RETENCAO DE T3
;;;;2280317;DETERMINACAO DE SULFO-HEMOGLOBINA
;;;;2280487;DETERMINACAO DE T3 REVERSO
;;;;2280060;DETERMINACAO DE TEMPO DE COAGULACAO
;;;;2280318;DETERMINACAO DE TEMPO DE LISE DA EUGLOBULINA
;;;;2280061;DETERMINACAO DE TEMPO DE SANGRAMENTO ( DUKE )
;;;;2280319;DETERMINACAO DE TEMPO DE SANGRAMENTO DE IVY
;;;;2280320;DETERMINACAO DE TEMPO DE SOBREVIDA DE HEMACIAS
;;;;2280168;DETERMINACAO DE TEMPO DE TROMBINA
;;;;2280062;DETERMINACAO DE TEMPO DE TROMBOPLASTINA PARCIAL  (TTP A)
;;;;2280063;DETERMINACAO DE TEMPO E ATIVIDADE DA PROTROMBINA (TAP)
;;;;2280235;DIHIDROTESTOSTERONA - DHT
;;;;2280398;DOSAGEM DA FRAÇÃO C1Q DO COMPLEMENTO
;;;;2280488;DOSAGEM DE 17-CETOSTEROIDES TOTAIS
;;;;2280489;DOSAGEM DE 17-HIDROXICORTICOSTEROIDES
;;;;2280177;DOSAGEM DE 25 HIDROXIVITAMINA D
;;;;2280286;DOSAGEM DE 5-NUCLEOTIDASE
;;;;2280287;DOSAGEM DE ACETONA
;;;;2280265;DOSAGEM DE ACIDO 5-HIDROXI-INDOL-ACETICO (SEROTONINA)
;;;;2280505;DOSAGEM DE ACIDO DELTA-AMINOLEVULINICO
;;;;2280506;DOSAGEM DE ACIDO HIPURICO
;;;;2280507;DOSAGEM DE ACIDO MANDELICO
;;;;2280508;DOSAGEM DE ACIDO METIL-HIPURICO
;;;;2280509;DOSAGEM DE ACIDO VALPROICO
;;;;2280288;DOSAGEM DE ACIDO VANILMANDELICO
;;;;2280289;DOSAGEM DE ALDOLASE
;;;;2280490;DOSAGEM DE ALDOSTERONA
;;;;2280290;DOSAGEM DE ALFA-2-MACROGLOBULINA
;;;;2280510;DOSAGEM DE ALUMINIO
;;;;2280291;DOSAGEM DE AMONIA
;;;;2280491;DOSAGEM DE AMP CICLICO
;;;;2280511;DOSAGEM DE ANFETAMINAS
;;;;2280321;DOSAGEM DE ANTICOAGULANTE CIRCULANTE
;;;;2280397;DOSAGEM DE ANTICORPOS ANTITRANSGLUTAMINAISE RECOMBINANTE HUMANO IGA
;;;;2280227;DOSAGEM DE ANTITROMBINA III
;;;;2280512;DOSAGEM DE BARBITURATOS
;;;;2280513;DOSAGEM DE CADMIO
;;;;2280492;DOSAGEM DE CALCITONINA
;;;;2280514;DOSAGEM DE CARBAMAZEPINA
;;;;2280515;DOSAGEM DE CARBOXI-HEMOGLOBINA
;;;;2280292;DOSAGEM DE CAROTENO
;;;;2280293;DOSAGEM DE CERULOPLASMINA
;;;;2280516;DOSAGEM DE CICLOSPORINA
;;;;2280418;DOSAGEM DE CITRATO
;;;;2280517;DOSAGEM DE COBRE
;;;;2280294;DOSAGEM DE COLINESTERASE
;;;;2280178;DOSAGEM DE CORTISOL
;;;;2280541;DOSAGEM DE CREATININA NO LIQUIDO AMNIOTICO
;;;;2280066;DOSAGEM DE CREATINOFOSFOQUINASE (CPK)
;;;;2280341;DOSAGEM DE CRIOAGLUTININA
;;;;2280295;DOSAGEM DE DESIDROGENASE ALFA-HIDROXIBUTIRICA
;;;;2280296;DOSAGEM DE DESIDROGENASE GLUTAMICA
;;;;2280067;DOSAGEM DE DESIDROGENASE LATICA
;;;;2280297;DOSAGEM DE DESIDROGENASE LATICA (ISOENZIMAS FRACIONADAS)
;;;;2280403;DOSAGEM DE ESTERCOBILINOGENIO FECAL
;;;;2280186;DOSAGEM DE ESTRIOL
;;;;2280187;DOSAGEM DE ESTRONA
;;;;2280322;DOSAGEM DE FATOR V
;;;;2280323;DOSAGEM DE FATOR VIII (INIBIDOR)
;;;;2280324;DOSAGEM DE FATOR VON WILLEBRAND (ANTIGENO)
;;;;2280325;DOSAGEM DE FATOR XIII
;;;;2280518;DOSAGEM DE FENITOINA
;;;;2280519;DOSAGEM DE FENOL
;;;;2280326;DOSAGEM DE FIBRINOGENIO
;;;;2280520;DOSAGEM DE FORMALDEIDO
;;;;2280551;DOSAGEM DE FOSFATASE ÁCIDA NO ESPERMA
;;;;2280298;DOSAGEM DE FOSFATASE ACIDA TOTAL
;;;;2280542;DOSAGEM DE FOSFATASE ALCALINA NO ESPERMA
;;;;2280299;DOSAGEM DE FRACAO PROSTATICA DA FOSFATASE ACIDA
;;;;2280252;DOSAGEM DE FRUTOSE
;;;;2280197;DOSAGEM DE FRUTOSE NO ESPERMA
;;;;2280300;DOSAGEM DE GALACTOSE
;;;;2280253;DOSAGEM DE GASTRINA
;;;;2280543;DOSAGEM DE GLICOSE NO LIQUIDO SINOVIAL E DERRAMES
;;;;2280301;DOSAGEM DE GLICOSE-6-FOSFATO DESIDROGENASE
;;;;2280493;DOSAGEM DE GLOBULINA TRANSPORTADORA DE TIROXINA
;;;;2280207;DOSAGEM DE GORDURA FECAL
;;;;2280254;DOSAGEM DE HAPTOGLOBINA
;;;;2280068;DOSAGEM DE HEMOGLOBINA
;;;;2280327;DOSAGEM DE HEMOGLOBINA - INSTABILIDADE A 37OC
;;;;2280328;DOSAGEM DE HEMOGLOBINA FETAL
;;;;2280329;DOSAGEM DE HEMOSSIDERINA
;;;;2280302;DOSAGEM DE HIDROXIPROLINA
;;;;2280175;DOSAGEM DE IMUNOGLOBULINA A (IGA)
;;;;2280174;DOSAGEM DE IMUNOGLOBULINA E (IGE)
;;;;2280176;DOSAGEM DE IMUNOGLOBULINA M (IGM)
;;;;2280257;DOSAGEM DE INIBIDOR DE C1-ESTERASE
;;;;2280303;DOSAGEM DE ISOMERASE-FOSFOHEXOSE
;;;;2280304;DOSAGEM DE LACTATO
;;;;2280305;DOSAGEM DE LEUCINO-AMINOPEPTIDASE
;;;;2280521;DOSAGEM DE MERCURIO
;;;;2280522;DOSAGEM DE META-HEMOGLOBINA
;;;;2280523;DOSAGEM DE METOTREXATO
;;;;2280194;DOSAGEM DE MICROALBUMINA NA URINA
;;;;2280419;DOSAGEM DE OXALATO
;;;;2280202;DOSAGEM DE PEPTIDEO C
;;;;2280306;DOSAGEM DE PIRUVATO
;;;;2280330;DOSAGEM DE PLASMINOGENIO
;;;;2280307;DOSAGEM DE PORFIRINAS
;;;;2280069;DOSAGEM DE POTASSIO
;;;;2280273;DOSAGEM DE PROTEINA C REATIVA
;;;;2280070;DOSAGEM DE PROTEINAS ( URINA DE 24 HORAS )
;;;;2280544;DOSAGEM DE PROTEINAS NO LIQUIDO SINOVIAL E DERRAMES
;;;;2280169;DOSAGEM DE PROTEINAS TOTAIS
;;;;2280494;DOSAGEM DE RENINA
;;;;2280071;DOSAGEM DE SODIO
;;;;2280267;DOSAGEM DE SOMATOMEDINA C (IGF1)
;;;;2280495;DOSAGEM DE SULFATO DE HIDROEPIANDROSTERONA (DHEAS)
;;;;2280308;DOSAGEM DE TRIPTOFANO
;;;;2280211;DOSAGEM DE TROPONINA
;;;;2280185;DOSAGEM DE ZINCO
;;;;2280188;DOSAGEM DO  ANTIGENO  CA 125
;;;;2280420;DOSAGEM E/OU FRACIONAMENTO DE ACIDOS ORGANICOS
;;;;2280072;EAS - SUMARIO DE URINA
;;;;2280237;ELETROFORESE DE HEMOGLOBINA
;;;;2280238;ELETROFORESE DE LIPOPROTEINAS
;;;;2280236;ELETROFORESE DE PROTEINAS
;;;;2280545;ELETROFORESE DE PROTEINAS C/ CONCENTRACAO NO LIQUOR
;;;;2280154;ERITROGRAMA( ERITROCITOS, HEMOGLOBINA, HEMATOCRITO )
;;;;2280546;ESPECTROFOTOMETRIA NO LIQUIDO AMNIOTICO
;;;;2280547;ESPLENOGRAMA
;;;;2280073;ESTRADIOL
;;;;2280404;EXAME COPROLOGICO FUNCIONAL
;;;;2280548;EXAME DE CARACTERES FISICOS CONTAGEM GLOBAL E ESPECIFICA DE CELULAS
;;;;2280399;EXAME LABORATORIAL PARA DOENÇA DE GAUCHER I
;;;;2280400;EXAME LABORATORIAL PARA DOENÇA DE GAUCHER II
;;;;2280179;EXAME MICROBIOLOGICO A FRESCO ( MICOLOGICO DIRETO)
;;;;2280421;EXAME QUALITATIVO DE CALCULOS URINARIOS
;;;;2280074;FAN - ANTICORPOS ANTI-NUCLEO , IFI
;;;;2280240;FATOR II - DOSAGEM
;;;;2280245;FATOR IX - DOSAGEM
;;;;2280075;FATOR REUMATOIDE , TESTE DO LATEX
;;;;2280076;FATOR RH (INCLUI DO FRACO)
;;;;2280243;FATOR VII - DOSAGEM
;;;;2280244;FATOR VIII - DOSAGEM
;;;;2280246;FATOR X - DOSAGEM
;;;;2280247;FATOR XI - DOSAGEM
;;;;2280248;FATOR XII - DOSAGEM
;;;;2280568;FENOTIPAGEM DE SISTEMA RH - HR
;;;;2280077;FERRITINA
;;;;2280078;FERRO SERICO
;;;;2280079;FOLICULO ESTIMULANTE, HORMONIO - FSH
;;;;2280080;FOSFATASE ALCALINA
;;;;2280082;GAMA-GLUTAMIL TRANSFERASE - GAMA GT
;;;;2280309;GASOMETRIA (PH PCO2 PO2 BICARBONATO AS2 (EXCESSO OU DEFICIT BASE )
;;;;2280083;GLICEMIA DE JEJUM
;;;;2280084;GLICEMIA POS PRANDIAL
;;;;2280085;GONADOTROFINA CORIONICA - BETA  HCG
;;;;2280086;GRUPO ABO - DETERMINACAO
;;;;2280088;HAV- IGG  ANTICORPOS  IGG CONTRA O VIRUS DA HEPATITE A
;;;;2280089;HAV-IGM   ANTICORPOS  IGM CONTRA O VIRUS DA HEPATITE A
;;;;2280090;HBEAG - ANTIGENO E DA HEPATITE B
;;;;2280092;HEMATOCRITO
;;;;2280450;HEMOCULTURA
;;;;2280094;HEMOGLOBINA GLICOSILADA
;;;;2280095;HEMOGRAMA COMPLETO
;;;;2280096;HERPES SIMPLES , PESQUISA DE ANTICORPOS, IGG
;;;;2280097;HERPES SIMPLES , PESQUISA DE ANTICORPOS, IGM
;;;;2280098;HERPES ZOSTER , PESQUISA DE ANTICORPOS , IGM
;;;;2280099;HERPES ZOSTER , PESQUISA DE ANTICORPOS, IGG
;;;;2280160;HORMONIO DE CRESCIMENTO - HGH
;;;;2280180;IDENTIFICAÇAO AUTOMATIZADA DE MICRORGANISMOS
;;;;2280569;IDENTIFICACAO DE ANTICORPOS SERICOS IRREGULARES C/ PAINEL DE HEMACIAS
;;;;2280405;IDENTIFICACAO DE FRAGMENTOS DE HELMINTOS
;;;;2280204;IMUNOELETROFORESE DE PROTEINAS
;;;;2280343;IMUNOFENOTIPAGEM DE HEMOPATIAS MALIGNAS (POR MARCADOR)
;;;;2280101;INSULINA
;;;;2280156;LEUCOGRAMA
;;;;2280102;LH LUTEINIZANTE HORMONIO
;;;;2280232;LINFOCITOS B , CONTAGEM
;;;;2280103;LIPASE
;;;;2280104;LITIO SERICO
;;;;2280105;MAGNESIO
;;;;2280258;MAGNESIO URINARIO
;;;;2280549;MIELOGRAMA
;;;;2280106;MUCO PROTEINAS
;;;;2280107;PARASITOLOGICO (METODOS DE CONCENTRACAO)
;;;;2280111;PARATORMONIO - DOSAGEM
;;;;2280451;PEQUISA DE PNEUMOCYSTI CARINI
;;;;2280422;PESQUISA / DOSAGEM DE AMINOACIDOS (POR CROMATOGRAFIA)
;;;;2280423;PESQUISA DE ALCAPTONA NA URINA
;;;;2280424;PESQUISA DE AMINOACIDOS NA URINA
;;;;2280192;PESQUISA DE ANTICORPO IGG ANTICARDIOLIPINA
;;;;2280193;PESQUISA DE ANTICORPO IGM ANTICARDIOLIPINA
;;;;2280347;PESQUISA DE ANTICORPOS ANTIADENOVIRUS
;;;;2280348;PESQUISA DE ANTICORPOS ANTIAMEBAS
;;;;2280349;PESQUISA DE ANTICORPOS ANTIASPERGILLUS
;;;;2280440;PESQUISA DE ANTICORPOS ANTIBRUCELAS
;;;;2280350;PESQUISA DE ANTICORPOS ANTICISTICERCO
;;;;2280351;PESQUISA DE ANTICORPOS ANTICLAMIDIA (POR IMUNOFLUORESCENCIA)
;;;;2280352;PESQUISA DE ANTICORPOS ANTICORTEX SUPRARENAL
;;;;2280191;PESQUISA DE ANTICORPOS ANTI-DNA
;;;;2280353;PESQUISA DE ANTICORPOS ANTIEQUINOCOCOS
;;;;2280228;PESQUISA DE ANTICORPOS ANTIESCLERODERMA (SCL 70)
;;;;2280354;PESQUISA DE ANTICORPOS ANTIESPERMATOZOIDES
;;;;2280550;PESQUISA DE ANTICORPOS ANTIESPERMATOZOIDES ( ELISA )
;;;;2280441;PESQUISA DE ANTICORPOS ANTIESTREPTOLISINA O (ASLO)
;;;;2280355;PESQUISA DE ANTICORPOS ANTIFIGADO
;;;;2280356;PESQUISA DE ANTICORPOS ANTIGLOMERULO
;;;;2280344;PESQUISA DE ANTICORPOS ANTI-HELICOBACTER PYLORI
;;;;2280345;PESQUISA DE ANTICORPOS ANTI-HIV-1 (WESTERN BLOT)
;;;;2280357;PESQUISA DE ANTICORPOS ANTIILHOTA DE LANGERHANS
;;;;2280358;PESQUISA DE ANTICORPOS ANTIINSULINA
;;;;2280359;PESQUISA DE ANTICORPOS ANTILEPTOSPIRAS
;;;;2280360;PESQUISA DE ANTICORPOS ANTILISTERIA
;;;;2280361;PESQUISA DE ANTICORPOS ANTIMITOCONDRIA
;;;;2280362;PESQUISA DE ANTICORPOS ANTIMUSCULO ESTRIADO
;;;;2280363;PESQUISA DE ANTICORPOS ANTIMUSCULO LISO
;;;;2280364;PESQUISA DE ANTICORPOS ANTIPARIETAIS
;;;;2280365;PESQUISA DE ANTICORPOS ANTIPLASMODIOS
;;;;2280205;PESQUISA DE ANTICORPOS ANTI-RIBONUCLEOPROTEINA (RNP)
;;;;2280346;PESQUISA DE ANTICORPOS ANTI-SCHISTOSOMAS
;;;;2280206;PESQUISA DE ANTICORPOS ANTI-SM
;;;;2280189;PESQUISA DE ANTICORPOS ANTI-SS-A (RO)
;;;;2280190;PESQUISA DE ANTICORPOS ANTI-SS-B (LA)
;;;;2280277;PESQUISA DE ANTICORPOS ANTITIREOGLOBULINA
;;;;2280366;PESQUISA DE ANTICORPOS CONTRA HISTOPLASMA
;;;;2280367;PESQUISA DE ANTICORPOS CONTRA O SPOROTRIX SCHENKII
;;;;2280368;PESQUISA DE ANTICORPOS CONTRA O VIRUS DA HEPATITE D (ANTI-HDV)
;;;;2280369;PESQUISA DE ANTICORPOS CONTRA O VIRUS DO SARAMPO
;;;;2280158;PESQUISA DE ANTICORPOS CONTRA PARACOCCIDIOIDES BRASILIENSIS
;;;;2280370;PESQUISA DE ANTICORPOS E/OU ANTIGENO DO VIRUS SINCICIAL RESPIRATORIO
;;;;2280371;PESQUISA DE ANTICORPOS EIE ANTICLAMIDIA
;;;;2280170;PESQUISA DE ANTICORPOS HETEROFILOS CONTA O VIRUS EPSTEIN BARR (MONONUCLEOSE)
;;;;2280373;PESQUISA DE ANTICORPOS IGG ANTILEISHMANIAS
;;;;2280115;PESQUISA DE ANTICORPOS IGG ANTITRIPANOSOMA CRUZI
;;;;2280376;PESQUISA DE ANTICORPOS IGG CONTRA ARBOVIRUS
;;;;2280199;PESQUISA DE ANTICORPOS IGG CONTRA O VIRUS EPSTEIN-BARR
;;;;2280375;PESQUISA DE ANTICORPOS IGG E IGM CONTRA ANTIGENO CENTRAL DO VIRUS DA HEPATITE B (ANTI-HBC-TOTAL)
;;;;2280378;PESQUISA DE ANTICORPOS IGM ANTILEISHMANIAS
;;;;2280116;PESQUISA DE ANTICORPOS IGM ANTITRIPANOSOMA CRUZI
;;;;2280381;PESQUISA DE ANTICORPOS IGM CONTRA ARBOVIRUS
;;;;2280198;PESQUISA DE ANTICORPOS IGM CONTRA O VIRUS EPSTEIN-BARR
;;;;2280570;PESQUISA DE ANTICORPOS IRREGULARES PELO METODO DA ELUICAO
;;;;2280571;PESQUISA DE ANTICORPOS SERICOS IRREGULARES 37OC
;;;;2280572;PESQUISA DE ANTICORPOS SERICOS IRREGULARES A FRIO
;;;;2280331;PESQUISA DE ATIVIDADE DO COFATOR DE RISTOCETINA
;;;;2280452;PESQUISA DE BACILO DIFTERICO
;;;;2280425;PESQUISA DE BETA-MERCAPTO-LACTATO-DISSULFIDURIA
;;;;2280457;PESQUISA DE CADEIAS LEVES KAPPA E LAMBDA
;;;;2280552;PESQUISA DE CARACTERES FISICOS NO LIQUOR
;;;;2280553;PESQUISA DE CELULAS ORANGIOFILAS
;;;;2280458;PESQUISA DE CISTINA NA URINA
;;;;2280459;PESQUISA DE COPROPORFIRINA NA URINA
;;;;2280332;PESQUISA DE CORPUSCULOS DE HEINZ
;;;;2280383;PESQUISA DE CRIOGLOBULINAS
;;;;2280554;PESQUISA DE CRISTAIS C/ LUZ POLARIZADA
;;;;2280406;PESQUISA DE ENTEROBIUS VERMICULARES (OXIURUS OXIURA)
;;;;2280407;PESQUISA DE EOSINOFILOS
;;;;2280460;PESQUISA DE ERROS INATOS DO METABOLISMO NA URINA
;;;;2280195;PESQUISA DE ESPERMATOZOIDES (APOS VASECTOMIA)
;;;;2280453;PESQUISA DE ESTREPTOCOCOS BETA-HEMOLITICOS DO GRUPO A
;;;;2280629;PESQUISA DE FATOR REUMATOIDE (WAALER-ROSE)
;;;;2280461;PESQUISA DE FENIL-CETONA NA URINA
;;;;2280333;PESQUISA DE FILARIA
;;;;2280462;PESQUISA DE FRUTOSE NA URINA
;;;;2280463;PESQUISA DE GALACTOSE NA URINA
;;;;2280159;PESQUISA DE GORDURA FECAL
;;;;2280454;PESQUISA DE HAEMOPHILUS DUCREY
;;;;2280255;PESQUISA DE HELICOBACTER PYLORI
;;;;2280263;PESQUISA DE HEMOGLOBINA S
;;;;2280464;PESQUISA DE HOMOCISTINA NA URINA
;;;;2280625;PESQUISA DE IMUNOGLOBULINA E (IGE) ALERGENO- ESPECÍFICA - 07
;;;;2280626;PESQUISA DE IMUNOGLOBULINA E (IGE) ALERGENO- ESPECÍFICA - 08
;;;;2280628;PESQUISA DE IMUNOGLOBULINA E (IGE) ALERGENO- ESPECÍFICA - 10
;;;;2280385;PESQUISA DE IMUNOGLOBULINA E (IGE) ALERGENO-ESPECIFICA - 01
;;;;2280386;PESQUISA DE IMUNOGLOBULINA E (IGE) ALERGENO-ESPECIFICA - 02
;;;;2280387;PESQUISA DE IMUNOGLOBULINA E (IGE) ALERGENO-ESPECIFICA - 03
;;;;2280388;PESQUISA DE IMUNOGLOBULINA E (IGE) ALERGENO-ESPECIFICA - 04
;;;;2280389;PESQUISA DE IMUNOGLOBULINA E (IGE) ALERGENO-ESPECIFICA - 05
;;;;2280390;PESQUISA DE IMUNOGLOBULINA E (IGE) ALERGENO-ESPECIFICA - 06
;;;;2280465;PESQUISA DE LACTOSE NA URINA
;;;;2280279;PESQUISA DE LARVAS NAS FEZES
;;;;2280532;PESQUISA DE LEPTOSPIRAS
;;;;2280161;PESQUISA DE LEUCOCITOS FECAIS
;;;;2280408;PESQUISA DE LEVEDURAS NAS FEZES
;;;;2280504;PESQUISA DE MACROPROLACTINA
;;;;2280466;PESQUISA DE MUCOPOLISSACARIDEOS NA URINA
;;;;2280409;PESQUISA DE OVOS DE SCHISTOSOMAS (EM FRAGMENTO DE MUCOSA)
;;;;2280467;PESQUISA DE PORFOBILINOGENIO NA URINA
;;;;2280468;PESQUISA DE PROTEINAS URINARIAS (POR ELETROFORESE)
;;;;2280555;PESQUISA DE RAGOCITOS NO LIQUIDO SINOVIAL E DERRAMES
;;;;2280212;PESQUISA DE ROTAVIRUS NAS FEZES
;;;;2280117;PESQUISA DE SANGUE OCULTO NAS FEZES
;;;;2280410;PESQUISA DE SUBSTANCIAS REDUTORAS NAS FEZES
;;;;2280469;PESQUISA DE TIROSINA NA URINA
;;;;2280280;PESQUISA DE TREPONEMA PALLIDUM
;;;;2280334;PESQUISA DE TRIPANOSSOMA
;;;;2280411;PESQUISA DE TRIPSINA NAS FEZES
;;;;2280412;PESQUISA DE TROFOZOITAS NAS FEZES
;;;;2280685;PESQUISA LABORATORIAL ANTIGENO SUPERFICIE VIRUS HEPATITE B(HBSAG) EXCETO GESTANTE PARCEIRO
;;;;2280691;PESQUISA LABORATORIAL ANTIGENOS HIV-ANTICORPOS ANTI-HIV-1/ ANTI-HIV-2 EXCETO GESTANTE PARCEIRO
;;;;2280688;PESQUISA LABORATORIAL D/ ANTICORPOS CONTRA VIRUS D/HEPATITE C(ANTI-HCV) POP/GESTANTE E PARCEIROS
;;;;2280694;PESQUISA LABORATORIAL D/ANTICORPOS ANTI-HTLV-1+HTLV-2 P/POPULACAO EXCETO GESTANTE , PARCEIROS
;;;;2280118;PROGESTERONA
;;;;2280119;PROLACTINA
;;;;2280120;PROTEINA C REATIVA, DETERMINACAO QUANTITATIVA
;;;;2280121;PROTEINAS TOTAIS E FRACOES
;;;;2280455;PROVA CONFIRMATÓRIA DA PRESENÇA DE MICRO-ORGANISMOS COLIFORMES
;;;;2280310;PROVA DA D-XILOSE
;;;;2280335;PROVA DE CONSUMO DE PROTROMBINA
;;;;2280470;PROVA DE DILUICAO (URINA)
;;;;2280196;PROVA DE PROGRESSAO ESPERMATICA (CADA)
;;;;2280123;PROVA DO LACO
;;;;2280556;PROVA DO LATEX P/ HAEMOPHILLUS INFLUENZAE, STREPTOCOCCUS PNEUMONIAE, NEISSERIA MENINGITIDIS (SOROTIP
;;;;2280557;PROVA DO LATEX P/ PESQUISA DO FATOR REUMATOIDE
;;;;2280391;PROVAS DE PRAUSNITZ-KUSTNER (PK)
;;;;2280392;PROVAS IMUNO-ALERGICAS BACTERIANAS
;;;;2280124;PSA LIVRE
;;;;2280126;PSA TOTAL
;;;;2280566;QUANTIFICAÇÃO/AMPLIFICAÇÃO DO HER-2
;;;;2280336;RASTREIO P/ DEFICIENCIA DE ENZIMAS ERITROCITARIAS
;;;;2280394;REACAO DE MONTENEGRO ID
;;;;2280558;REACAO DE PANDY
;;;;2280559;REACAO DE RIVALTA NO LIQUIDO SINOVIAL E DERRAMES
;;;;2280162;RETICULOCITOS - CONTAGEM
;;;;2280127;RETRACAO DO COAGULO
;;;;2280128;RUBEOLA , ANTICORPOS IGG
;;;;2280129;RUBEOLA , ANTICORPOS IGM
;;;;2280599;SODIO ( NA URINA 24 HORAS)
;;;;2280703;TESTE CONFIRMATORIO C/ PESQUISA D/ ANTICORPOS ANTI-HTLV-1+ANTI-HTLV-2 EXCETO GESTANTE PARCEIRO
;;;;2280337;TESTE DE AGREGACAO DE PLAQUETAS
;;;;2280560;TESTE DE CLEMENTS
;;;;2280499;TESTE DE ESTIMULO COM GNRH OU COM AGONISTA GNRH
;;;;2280497;TESTE DE ESTIMULO DA PROLACTINA / TSH APOS TRH
;;;;2280498;TESTE DE ESTIMULO DA PROLACTINA APOS CLORPROMAZINA
;;;;2280500;TESTE DE ESTIMULO DO HGH APOS GLUCAGON
;;;;2280561;TESTE DE GASTROACIDOGRAMA - SECRECAO BASAL POR 60 EM 4 AMOSTRAS
;;;;2280338;TESTE DE HAM (HEMOLISE ACIDA)
;;;;2280562;TESTE DE HOLLANDER NO SUCO GASTRICO
;;;;2280501;TESTE DE SUPRESSAO DO CORTISOL APOS DEXAMETASONA
;;;;2280502;TESTE DE SUPRESSAO DO HGH APOS GLICOSE
;;;;2280311;TESTE DE TOLERANCIA A INSULINA / HIPOGLICEMIANTES ORAIS
;;;;2280130;TESTE DE VDRL P/ DETECCAO DE SIFILIS
;;;;2280503;TESTE P/ INVESTIGACAO DO DIABETES INSIPIDUS
;;;;2280395;TESTES ALERGICOS DE CONTATO
;;;;2280396;TESTES CUTANEOS DE LEITURA IMEDIATA
;;;;2280131;TESTOSTERONA LIVRE
;;;;2280132;TESTOSTERONA TOTAL
;;;;2280133;TGO
;;;;2280134;TGP
;;;;2280135;TIREOGLOBULINA
;;;;2280136;TIROXINA - T4
;;;;2280137;TIROXINA LIVRE (T4 LIVRE)
;;;;2280573;TITULACAO DE ANTICORPOS ANTI A E/OU ANTI B
;;;;2280138;TOXOPLASMOSE  IFI-IGG
;;;;2280139;TOXOPLASMOSE IFI (IGM)
;;;;2280140;TRANSFERRINA
;;;;2280141;TRIGLICERIDEOS
;;;;2280142;TRIIODOTIRONINA -  T3
;;;;2280143;TSH - HORMONIO ESTIMULANTE TIREOIDE
;;;;2280144;UREIA
;;;;2280145;UREIA, DOSAGEM EM URINA DE 24 HS
;;;;2280146;VDRL P/ DETECCAO DE SIFILIS EM GESTANTE
;;;;2280147;VELOCIDADE DE HEMOSSEDIMENTACAO (VHS)
;;;;2280148;VITAMINA B12
;;1101000;GRUPO - PATOLOGIA CLINICA (EXAMES DE LABORATORIO);;
;;2400000;GRUPO - PATOLOGIA CLINICA (REGULACAO);;
;;;;2400022;DETECCAO DE RNA DO VIRUS DA HEPATITE C (QUALITATIVO)
;;;;2400250;GENOTIPAGEM DE VIRUS DA HEPATITE C
;;;;2400023;QUANTIFICACAO DE RNA DO VIRUS DA HEPATITE C
;MULTIECHO MEDICINA DIAGNOSTICA;;;;
;;1401000;GRUPO - EXAMES ULTRA-SONOGRAFICOS;;
;;;;1401507;ULTRA-SONOGRAFIA  DE ARTICULACAO ANTEBRACO DIREITO
;;;;1401508;ULTRA-SONOGRAFIA  DE ARTICULACAO ANTEBRACO ESQUERDO
;;;;1401009;ULTRA-SONOGRAFIA  DE ARTICULACAO ATM
;;;;1401527;ULTRA-SONOGRAFIA  DE ARTICULACAO CLAVICULA
;;;;1401505;ULTRA-SONOGRAFIA  DE ARTICULACAO COTOVELO DIREITO
;;;;1401506;ULTRA-SONOGRAFIA  DE ARTICULACAO COTOVELO ESQUERDO
;;;;1401514;ULTRA-SONOGRAFIA  DE ARTICULACAO COXA DIREITA
;;;;1401515;ULTRA-SONOGRAFIA  DE ARTICULACAO COXA ESQUERDA
;;;;1401513;ULTRA-SONOGRAFIA  DE ARTICULACAO DEDOS
;;;;1401524;ULTRA-SONOGRAFIA  DE ARTICULACAO DEDOS DO PE
;;;;1401516;ULTRA-SONOGRAFIA  DE ARTICULACAO JOELHO DIREITO
;;;;1401517;ULTRA-SONOGRAFIA  DE ARTICULACAO JOELHO ESQUERDO
;;;;1401511;ULTRA-SONOGRAFIA  DE ARTICULACAO MAO DIREITA
;;;;1401512;ULTRA-SONOGRAFIA  DE ARTICULACAO MAO ESQUERDA
;;;;1401409;ULTRA-SONOGRAFIA  DE ARTICULACAO OMBRO DIREITO
;;;;1401500;ULTRA-SONOGRAFIA  DE ARTICULACAO OMBRO ESQUERDO
;;;;1401518;ULTRA-SONOGRAFIA  DE ARTICULACAO PANTURRILHA DIREITA
;;;;1401519;ULTRA-SONOGRAFIA  DE ARTICULACAO PANTURRILHA ESQUERDA
;;;;1401522;ULTRA-SONOGRAFIA  DE ARTICULACAO PE DIREITO
;;;;1401523;ULTRA-SONOGRAFIA  DE ARTICULACAO PE ESQUERDO
;;;;1401528;ULTRA-SONOGRAFIA  DE ARTICULACAO PERNA DIREITA
;;;;1401529;ULTRA-SONOGRAFIA  DE ARTICULACAO PERNA ESQUERDA
;;;;1401509;ULTRA-SONOGRAFIA  DE ARTICULACAO PUNHO DIREITO
;;;;1401510;ULTRA-SONOGRAFIA  DE ARTICULACAO PUNHO ESQUERDO
;;;;1401526;ULTRA-SONOGRAFIA  DE ARTICULACAO QUADRIL
;;;;1401530;ULTRA-SONOGRAFIA  DE ARTICULACAO TENDAO DE AQUILES
;;;;1401520;ULTRA-SONOGRAFIA  DE ARTICULACAO TORNOZELO DIREITO
;;;;1401521;ULTRA-SONOGRAFIA  DE ARTICULACAO TORNOZELO ESQUERDO
;;;;1401405;ULTRA-SONOGRAFIA  DO APARELHO URINARIO (RINS, BEXIGA)
;;;;1401930;ULTRA-SONOGRAFIA  TORAX ( EXTRACARDIACO )
;;;;1401999;ULTRA-SONOGRAFIA DE ABDOMEN SUPERIOR
;;;;1401998;ULTRA-SONOGRAFIA DE ABDOMEN TOTAL
;;;;1401978;ULTRA-SONOGRAFIA DE BOLSA ESCROTAL
;;;;1401977;ULTRA-SONOGRAFIA DE MAMAS (BILATERAL)
;;;;1401037;ULTRA-SONOGRAFIA DE PARTES MOLES
;;;;1401997;ULTRA-SONOGRAFIA DE PROSTATA (VIA ABDOMINAL)
;;;;1401981;ULTRA-SONOGRAFIA DE PROSTATA (VIA TRANSRETAL)
;;;;1401987;ULTRA-SONOGRAFIA DE REGIAO CERVICAL (PESCOCO)
;;;;1401980;ULTRA-SONOGRAFIA DE TIREOIDE
;;;;1401201;ULTRA-SONOGRAFIA OBSTETRICA
;;;;1401101;ULTRA-SONOGRAFIA PELVICA (GINECOLOGICA)
;;;;1401942;ULTRA-SONOGRAFIA TRANSFONTANELAR
;;;;1401202;ULTRA-SONOGRAFIA TRANSVAGINAL
;;1670000;GRUPO - EXAMES ULTRA-SONOGRAFICOS (DOPPLER) E ECOGRAFIAS;;
;;;;1670019;DOPPLER DE BOLSA ESCROTAL
;;;;1670012;ULTRA-SONOGRAFIA  DOPPLER ARTERIAL- M I D
;;;;1670013;ULTRA-SONOGRAFIA  DOPPLER ARTERIAL- M I E
;;;;1670014;ULTRA-SONOGRAFIA  DOPPLER ARTERIAL- M S D
;;;;1670015;ULTRA-SONOGRAFIA  DOPPLER ARTERIAL- M S E
;;;;1670006;ULTRA-SONOGRAFIA  DOPPLER DE CAROTIDAS
;;;;1670007;ULTRA-SONOGRAFIA  DOPPLER VENOSO - MID
;;;;1670009;ULTRA-SONOGRAFIA  DOPPLER VENOSO - MIE
;;;;1670010;ULTRA-SONOGRAFIA  DOPPLER VENOSO - MSD
;;;;1670011;ULTRA-SONOGRAFIA  DOPPLER VENOSO - MSE
;;;;1670030;ULTRA-SONOGRAFIA DOPPLER - ILIACA (3 VASOS)
;;;;1670016;ULTRA-SONOGRAFIA DOPPLER DE AORTA E VASOS ILIACOS
;;;;1670025;ULTRA-SONOGRAFIA DOPPLER DE ARTERIA AORTA ABDOMINAL
;;;;1670008;ULTRA-SONOGRAFIA DOPPLER DE ARTERIAS RENAIS
;;;;1670017;ULTRA-SONOGRAFIA DOPPLER DE ARTERIAS VERTEBRAIS
;NAHRO SERVICOS MEDICOS;;;;
;;0601000;GRUPO - ELETRONEUROMIOGRAFIA;;
;;;;0601002;ELETRONEUROMIOGRAFIA - MEMBROS INFERIORES (MID/MIE)
;;;;0601001;ELETRONEUROMIOGRAFIA - MEMBROS SUPERIORES (MSD/MSE)
;NOSSA CLINICA DE ACUPUNTURA FISIOTERAPIA E RPG;;;;
;;0701022;CONSULTA EM FISIOTERAPIA;;
;;0701428;CONSULTA EM FISIOTERAPIA - ACIMA DE 60 ANOS;;
;;0710368;CONSULTA EM FISIOTERAPIA - PEDIATRIA;;
;;1801000;GRUPO - FISIOTERAPIA (POR SESSAO);;
;;;;1801130;ATEND FISIOTERAPEUTICO EM PACIENTE C/ DISTURBIOS NEURO-CINETICO-FUNCIONAIS S/ COMPLI SIS - ADULTO
;;;;1801142;ATEND FISIOTERAPEUTICO EM PACIENTE C/ TRANSTORNO RESPIRATORIO C/ COMPLICACOES SISTEMICAS - ADULTO
;;;;1801021;ATENDIMENTO FISIOTERAPÊUTICO EM PAC.C/DISTÚRBIOS NEURO-CINÉTICO-FUNCIONAIS S/COMPLICAÇÕES SISTÊMICAS
;;;;1801022;ATENDIMENTO FISIOTERAPEUTICO EM PACIENTE C/ COMPROMETIMENTO COGNITIVO
;;;;1801020;ATENDIMENTO FISIOTERAPEUTICO EM PACIENTE C/ DISTURBIOS NEURO-CINETICO-FUNCIONAIS S/ COMPLICACOES SIS
;;;;1801017;ATENDIMENTO FISIOTERAPEUTICO EM PACIENTE C/ TRANSTORNO RESPIRATORIO C/ COMPLICACOES SISTEMICAS
;;;;1801018;ATENDIMENTO FISIOTERAPEUTICO EM PACIENTE C/ TRANSTORNO RESPIRATORIO S/ COMPLICACOES SISTEMICAS
;;;;1801030;ATENDIMENTO FISIOTERAPEUTICO EM PACIENTE COM TRANSTORNO CLINICO CARDIOVASCULAR
;;;;1801139;ATENDIMENTO FISIOTERAPEUTICO EM PACIENTE COM TRANSTORNO CLINICO CARDIOVASCULAR - ADULTO
;;;;1801023;ATENDIMENTO FISIOTERAPEUTICO EM PACIENTE NO PRE/POS CIRURGIAS UROGINECOLOGICAS
;;;;1801033;ATENDIMENTO FISIOTERAPEUTICO EM PACIENTE NO PRE/POS-OPERATORIO DE NEUROCIRURGIA
;;;;1801031;ATENDIMENTO FISIOTERAPEUTICO EM PACIENTE PRE/POS CIRURGIA CARDIOVASCULAR
;;;;1801024;ATENDIMENTO FISIOTERAPEUTICO EM PACIENTES C/ DISFUNCOES UROGINECOLOGICAS
;;;;1801032;ATENDIMENTO FISIOTERAPEUTICO EM PACIENTES C/ DISTURBIOS NEURO-CINETICO-FUNCIONAIS C/COMPLICACOES SIS
;;;;1801016;ATENDIMENTO FISIOTERAPEUTICO EM PACIENTES NO PRE E POS-OPERATORIO NAS DISFUNCOES MUSCULO ESQUELETICA
;;;;1801019;ATENDIMENTO FISIOTERAPEUTICO NAS ALTERACOES MOTORAS
;;;;1801037;ATENDIMENTO FISIOTERAPÊUTICO NAS DESORDENS DO DESEN. NEURO MOTOR
;;;;1801110;ATENDIMENTO FISIOTERAPEUTICO NAS DISFUNCOES VASCULARES PERIFERICAS
;NOSSA CLINICA SERVICO MEDICO ESPECIALIZADO;;;;
;;0701814;CONSULTA EM OFTALMOLOGIA - AVALIACAO CIRURGICA;;
;;0701225;CONSULTA EM OFTALMOLOGIA - GERAL;;
;;0031125;EXERCICIOS ORTOPTICOS;;
;;0814000;GRUPO - CIRURGIA AMB EM APARELHO VISUAL;;
;;0743000;GRUPO - CIRURGIA DE CATARATA;;
;;1428000;GRUPO - DIAGNOSTICO POR ULTRASSONOGRAFIA - OFTALMOLOGIA;;
;;1707000;GRUPO - OFTALMOLOGIA;;
;;0823000;GRUPO - PUNCAO / BIOPSIA;;
;;1703007;RETINOGRAFIA COLORIDA BINOCULAR;;
;;1712012;RETINOGRAFIA FLUORESCENTE;;
;NOVA CLINICA DA SAUDE;;;;
;;0701814;CONSULTA EM OFTALMOLOGIA - AVALIACAO CIRURGICA;;
;;0701225;CONSULTA EM OFTALMOLOGIA - GERAL;;
;;2018324;CONSULTA EM OFTALMOLOGIA - GERAL RETORNO;;
;;0118091;CONSULTA EM OFTALMOLOGIA - POS OPERATORIO;;
;;0703305;CONSULTA EM OFTALMOLOGIA - REFRACAO;;
;;0742011;CONSULTA EM OFTALMOLOGIA CATARATA;;
;;0031125;EXERCICIOS ORTOPTICOS;;
;;0743000;GRUPO - CIRURGIA DE CATARATA;;
;;;;0743011;FACOEMULSIFICACAO C/IMPL LENTE INTRA OCULAR DOBRAVEL- OE
;;;;0743010;FACOEMULSIFICACAO C/IMPL LENTE INTRA OCULAR DOBRAVEL-OD
;;;;0743039;FACOEMULSIFICACAO COM IMPLANTE DE LENTE INTRA - OCULAR RIGIDA - OLHO DIREITO
;;;;0743040;FACOEMULSIFICACAO COM IMPLANTE DE LENTE INTRA - OCULAR RIGIDA - OLHO ESQUERDO
;;1428000;GRUPO - DIAGNOSTICO POR ULTRASSONOGRAFIA - OFTALMOLOGIA;;
;;;;1428005;PAQUIMETRIA ULTRASSÔNICA  - OLHO DIREITO
;;;;1428006;PAQUIMETRIA ULTRASSÔNICA - OLHO ESQUERDO
;;;;1428004;ULTRASSONOGRAFIA DE GLOBO OCULAR / ORBITA  - OLHO ESQUERDO
;;;;1428003;ULTRASSONOGRAFIA DE GLOBO OCULAR / ORBITA - OLHO DIREITO
;;1707000;GRUPO - OFTALMOLOGIA;;
;;;;1707010;BIOMETRIA ULTRASSONICA - OLHO DIREITO
;;;;1707011;BIOMETRIA ULTRASSONICA - OLHO ESQUERDO
;;;;1707409;BIOMICROSCOPIA DE FUNDO DE OLHO
;;;;1707136;CAMPIMETRIA COMPUTADORIZADA OU MANUAL COM GRAFICO
;;;;1707159;CERATOMETRIA
;;;;1707002;CURVA DIARIA DE PRESSAO OCULAR CDPO (MINIMO 3 MEDIDAS)
;;;;1707473;ELETROOCULOGRAFIA
;;;;1707071;ELETRORETINOGRAFIA - OLHO DIREITO
;;;;1707072;ELETRORETINOGRAFIA - OLHO ESQUERDO
;;;;1707115;ESTESIOMETRIA
;;;;1707103;FUNDOSCOPIA
;;;;1707105;GONIOSCOPIA
;;;;1707434;MAPEAMENTO DE RETINA COM GRAFICO - OLHO DIREITO
;;;;1707435;MAPEAMENTO DE RETINA COM GRAFICO - OLHO ESQUERDO
;;;;1707013;MEDIDA DE OFUSCAMENTO E CONTRASTE
;;;;1707465;MICROSCOPIA ESPECULAR DE CORNEA - OD
;;;;1707466;MICROSCOPIA ESPECULAR DE CORNEA - OE
;;;;1707101;POTENCIAL DE ACUIDADE VISUAL
;;;;1707166;POTENCIAL EVOCADO
;;;;1707005;RETINOGRAFIA COLORIDA BINOCULAR
;;;;1707404;RETINOGRAFIA FLUORESCENTE
;;;;1707206;TESTE DE PROVOCACAO DE GLAUCOMA
;;;;1707107;TESTE DE SCHIRMER
;;;;1707108;TESTE DE VISAO DE CORES
;;;;1707302;TESTE ORTOPTICO
;;;;1707174;TESTE PARA ADAPTACAO DE LENTE DE CONTATO
;;;;1707102;TONOMETRIA
;;;;1707467;TOPOGRAFIA COMPUTADORIZADA DE CORNEA - OD
;;;;1707468;TOPOGRAFIA COMPUTADORIZADA DE CORNEA - OE
;;0145000;GRUPO - OFTALMOLOGIA (APAC);;
;;;;0145065;CAPSULECTOMIA POSTERIOR CIRURGICA  - OLHO DIREITO
;;;;0145066;CAPSULECTOMIA POSTERIOR CIRURGICA - OLHO ESQUERDO
;;;;0145007;CAPSULOTOMIA A YAG LASER - OD
;;;;0145008;CAPSULOTOMIA A YAG LASER - OE
;;;;0145067;CICLOCRIOCOAGULACAO / DIATERMIA - OLHO DIREITO
;;;;0145068;CICLOCRIOCOAGULACAO / DIATERMIA - OLHO ESQUERDO
;;;;0145009;EVISCERACAO DO GLOBO OCULAR - OD
;;;;0145010;EVISCERACAO DO GLOBO OCULAR - OE
;;;;0145024;EXERESE DE CALAZIO E OUTRAS PEQUENAS LESOES DA PALPEBRA E SUPERCILIOS - OLHO DIREITO
;;;;0145035;EXERESE DE CALAZIO E OUTRAS PEQUENAS LESOES DA PALPEBRA E SUPERCILIOS - OLHO ESQUERDO
;;;;0145025;EXPLANTE DE LENTE INTRA OCULAR - OLHO DIREITO
;;;;0145036;EXPLANTE DE LENTE INTRA OCULAR - OLHO ESQUERDO
;;;;0145001;FACECTOMIA C/ IMPLANTE DE LENTE INTRA-OCULAR - OD
;;;;0145002;FACECTOMIA C/ IMPLANTE DE LENTE INTRA-OCULAR - OE
;;;;0145017;FACECTOMIA S/ IMPLANTE DE LENTE INTRA-OCULAR - OD
;;;;0145018;FACECTOMIA S/ IMPLANTE DE LENTE INTRA-OCULAR - OE
;;;;0145069;FOTOTRABECULOPLASTIA A LASER - OLHO DIREITO
;;;;0145070;FOTOTRABECULOPLASTIA A LASER - OLHO ESQUERDO
;;;;0145071;IMPLANTE INTRA-ESTROMAL - OLHO DIREITO
;;;;0145072;IMPLANTE INTRA-ESTROMAL - OLHO ESQUERDO
;;;;0145020;IMPLANTE SECUNDARIO DE LENTE INTRA-OCULAR - LIO - OLHO DIREITO
;;;;0145032;IMPLANTE SECUNDARIO DE LENTE INTRA-OCULAR - LIO - OLHO ESQUERDO
;;;;0145011;IRIDOTOMIA A LASER - OD
;;;;0145012;IRIDOTOMIA A LASER - OE
;;;;0145028;RECOBRIMENTO CONJUNTIVAL - OLHO DIREITO
;;;;0145039;RECOBRIMENTO CONJUNTIVAL - OLHO ESQUERDO
;;;;0145029;RECONSTITUICAO DE FORNIX CONJUNTIVAL - OLHO DIREITO
;;;;0145040;RECONSTITUICAO DE FORNIX CONJUNTIVAL - OLHO ESQUERDO
;;;;0145027;REPOSICIONAMENTO DE LENTE INTRAOCULAR - OLHO DIREITO
;;;;0145033;REPOSICIONAMENTO DE LENTE INTRAOCULAR - OLHO ESQUERDO
;;;;0145015;VITRECTOMIA ANTERIOR - OD
;;;;0145016;VITRECTOMIA ANTERIOR - OE
;;0818000;GRUPO - PROCEDIMENTOS AMBULATORIAIS EM OFTALMOLOGIA;;
;;;;0818256;CAUTERIZACAO DE CORNEA - OLHO DIREITO
;;;;0818257;CAUTERIZACAO DE CORNEA - OLHO ESQUERDO
;;;;0818272;DRENAGEM DE ABSCESSO DE PALPEBRA - OLHO DIREITO
;;;;0818273;DRENAGEM DE ABSCESSO DE PALPEBRA - OLHO ESQUERDO
;;;;0818282;EXERESE DE TUMOR DE CONJUNTIVA - OLHO DIREITO
;;;;0818283;EXERESE DE TUMOR DE CONJUNTIVA - OLHO ESQUERDO
;;;;0818294;INJECAO RETROBULBAR/PERIBULBAR - OLHO DIREITO
;;;;0818295;INJECAO RETROBULBAR/PERIBULBAR - OLHO ESQUERDO
;;;;0818296;INJECAO SUBCONJUNTIVAL/SUBTENONIANA - OLHO DIREITO
;;;;0818297;INJECAO SUBCONJUNTIVAL/SUBTENONIANA - OLHO ESQUERDO
;;;;0818215;IRIDECTOMIA CIRURGICA - OD
;;;;0818216;IRIDECTOMIA CIRURGICA - OE
;;;;0818300;PARACENTESE DE CAMARA ANTERIOR - OLHO DIREITO
;;;;0818301;PARACENTESE DE CAMARA ANTERIOR - OLHO ESQUERDO
;;;;0818398;RADIAÇÃO PARA CROSS LINKING CORNEANO - OLHO DIREITO
;;;;0818399;RADIAÇÃO PARA CROSS LINKING CORNEANO - OLHO ESQUERDO
;;;;0818309;RETIRADA DE CORPO ESTRANHO DA CAMARA ANTERIOR - OLHO ESQUERDO
;;;;0818308;RETIRADA DE CORPO ESTRANHO DA CAMARA ANTERIOR- OLHO DIREITO
;;;;0818316;RETIRADA DE CORPO ESTRANHO DA CORNEA - OLHO DIREITO
;;;;0818317;RETIRADA DE CORPO ESTRANHO DA CORNEA - OLHO ESQUERDO
;;;;0818310;SINEQUIOLISE A YAG LASER - OLHO DIREITO
;;;;0818311;SINEQUIOLISE A YAG LASER- OLHO ESQUERDO
;;;;0818326;SUBSTITUICAO DE LENTE INTRA-OCULAR - OLHO DIREITO
;;;;0818379;SUBSTITUICAO DE LENTE INTRA-OCULAR - OLHO ESQUERDO
;;;;0818328;SUTURA DE CONJUNTIVA - OLHO DIREITO
;;;;0818329;SUTURA DE CONJUNTIVA - OLHO ESQUERDO
;;;;0818331;SUTURA DE CORNEA - OLHO DIREITO
;;;;0818332;SUTURA DE CORNEA - OLHO ESQUERDO
;;;;0818324;SUTURA DE ESCLERA - OLHO DIREITO
;;;;0818325;SUTURA DE ESCLERA - OLHO ESQUERDO
;;;;0818335;TRATAMENTO CIRURGICO DE DEISCENCIA DE SUTURA DE ESCLERA- OLHO DIREITO
;;;;0818336;TRATAMENTO CIRURGICO DE DEISCENCIA DE SUTURA DE ESCLERA- OLHO ESQUERDO
;;;;0818340;TRATAMENTO CIRURGICO DE MIIASE PALPEBRAL - OLHO DIREITO
;;;;0818364;TRATAMENTO CIRURGICO DE MIIASE PALPEBRAL - OLHO ESQUERDO
;;;;0818337;TRATAMENTO CIRURGICO DE PTERIGIO - OLHO DIREITO
;;;;0818338;TRATAMENTO CIRURGICO DE PTERIGIO - OLHO ESQUERDO
;;0823000;GRUPO - PUNCAO / BIOPSIA;;
;;;;0823010;BIOPSIA DA CORNEA
;;;;0823008;BIOPSIA DE CONJUNTIVA
;;;;0823017;BIOPSIA DE ESCLERA
;;;;0823023;BIOPSIA DE IRIS, CORPO CILIAR, RETINA, COROIDE E VITREO
;;1720013;TOMOGRAFIA DE COERÊNCIA ÓPTICA;;
;OCULISTAS ASSOCIADOS DE MANAUS;;;;
;;0818231;ACOMPANHAMENTO DE PACIENTE POS-TRANSPLANTE DE CORNEA;;
;;0701431;CONSULTA EM OFTALMOLOGIA - ACIMA DE 60 ANOS;;
;;0701814;CONSULTA EM OFTALMOLOGIA - AVALIACAO CIRURGICA;;
;;0703859;CONSULTA EM OFTALMOLOGIA - CATARATA - MUTIRAO;;
;;0701225;CONSULTA EM OFTALMOLOGIA - GERAL;;
;;2018324;CONSULTA EM OFTALMOLOGIA - GERAL RETORNO;;
;;0703283;CONSULTA EM OFTALMOLOGIA - GLAUCOMA - RETORNO;;
;;0118091;CONSULTA EM OFTALMOLOGIA - POS OPERATORIO;;
;;0701957;CONSULTA EM OFTALMOLOGIA - RETINA GERAL;;
;;0037014;CONSULTA EM OFTALMOLOGIA- ACIMA DE 60 ANOS- RETORNO;;
;;0742011;CONSULTA EM OFTALMOLOGIA CATARATA;;
;;0320142;CONSULTA EM OFTALMOLOGIA- TRANSPLANTE DE CORNEA;;
;;0031125;EXERCICIOS ORTOPTICOS;;
;;0814000;GRUPO - CIRURGIA AMB EM APARELHO VISUAL;;
;;0743000;GRUPO - CIRURGIA DE CATARATA;;
;;;;0743011;FACOEMULSIFICACAO C/IMPL LENTE INTRA OCULAR DOBRAVEL- OE
;;;;0743010;FACOEMULSIFICACAO C/IMPL LENTE INTRA OCULAR DOBRAVEL-OD
;;;;0743039;FACOEMULSIFICACAO COM IMPLANTE DE LENTE INTRA - OCULAR RIGIDA - OLHO DIREITO
;;;;0743040;FACOEMULSIFICACAO COM IMPLANTE DE LENTE INTRA - OCULAR RIGIDA - OLHO ESQUERDO
;;1428000;GRUPO - DIAGNOSTICO POR ULTRASSONOGRAFIA - OFTALMOLOGIA;;
;;;;1428005;PAQUIMETRIA ULTRASSÔNICA  - OLHO DIREITO
;;;;1428006;PAQUIMETRIA ULTRASSÔNICA - OLHO ESQUERDO
;;;;1428004;ULTRASSONOGRAFIA DE GLOBO OCULAR / ORBITA  - OLHO ESQUERDO
;;;;1428003;ULTRASSONOGRAFIA DE GLOBO OCULAR / ORBITA - OLHO DIREITO
;;1707000;GRUPO - OFTALMOLOGIA;;
;;;;1707010;BIOMETRIA ULTRASSONICA - OLHO DIREITO
;;;;1707011;BIOMETRIA ULTRASSONICA - OLHO ESQUERDO
;;;;1707409;BIOMICROSCOPIA DE FUNDO DE OLHO
;;;;1707136;CAMPIMETRIA COMPUTADORIZADA OU MANUAL COM GRAFICO
;;;;1707159;CERATOMETRIA
;;;;1707002;CURVA DIARIA DE PRESSAO OCULAR CDPO (MINIMO 3 MEDIDAS)
;;;;1707473;ELETROOCULOGRAFIA
;;;;1707071;ELETRORETINOGRAFIA - OLHO DIREITO
;;;;1707072;ELETRORETINOGRAFIA - OLHO ESQUERDO
;;;;1707115;ESTESIOMETRIA
;;;;1707103;FUNDOSCOPIA
;;;;1707105;GONIOSCOPIA
;;;;1707434;MAPEAMENTO DE RETINA COM GRAFICO - OLHO DIREITO
;;;;1707435;MAPEAMENTO DE RETINA COM GRAFICO - OLHO ESQUERDO
;;;;1707013;MEDIDA DE OFUSCAMENTO E CONTRASTE
;;;;1707465;MICROSCOPIA ESPECULAR DE CORNEA - OD
;;;;1707466;MICROSCOPIA ESPECULAR DE CORNEA - OE
;;;;1707101;POTENCIAL DE ACUIDADE VISUAL
;;;;1707166;POTENCIAL EVOCADO
;;;;1707005;RETINOGRAFIA COLORIDA BINOCULAR
;;;;1707404;RETINOGRAFIA FLUORESCENTE
;;;;1707206;TESTE DE PROVOCACAO DE GLAUCOMA
;;;;1707107;TESTE DE SCHIRMER
;;;;1707108;TESTE DE VISAO DE CORES
;;;;1707302;TESTE ORTOPTICO
;;;;1707174;TESTE PARA ADAPTACAO DE LENTE DE CONTATO
;;;;1707102;TONOMETRIA
;;;;1707467;TOPOGRAFIA COMPUTADORIZADA DE CORNEA - OD
;;;;1707468;TOPOGRAFIA COMPUTADORIZADA DE CORNEA - OE
;;0461000;GRUPO - OFTALMOLOGIA - CATARATA;;
;;;;0461005;BIOMETRIA ULTRASSONICA - OLHO DIREITO
;;;;0461006;BIOMETRIA ULTRASSONICA - OLHO ESQUERDO
;;;;0461007;CERATOMETRIA - OLHO DIREITO
;;;;0461008;CERATOMETRIA - OLHO ESQUERDO
;;;;0461017;CONSULTA EM OFTALMOLOGIA - CIRURGIA DE CATARATA
;;;;0461009;MAPEAMENTO DE RETINA COM GRAFICO - OLHO DIREITO
;;;;0461010;MAPEAMENTO DE RETINA COM GRAFICO - OLHO ESQUERDO
;;;;0461011;MICROSCOPIA ESPECULAR DE CORNEA – OD
;;;;0461012;MICROSCOPIA ESPECULAR DE CORNEA – OE
;;;;0461003;PAQUIMETRIA ULTRASSÔNICA - OLHO DIREITO
;;;;0461004;PAQUIMETRIA ULTRASSÔNICA - OLHO ESQUERDO
;;;;0461013;TONOMETRIA - OLHO DIREITO
;;;;0461014;TONOMETRIA - OLHO ESQUERDO
;;;;0461015;TOPOGRAFIA COMPUTADORIZADA DE CORNEA – OD
;;;;0461016;TOPOGRAFIA COMPUTADORIZADA DE CORNEA – OE
;;;;0461001;ULTRASSONOGRAFIA DE GLOBO OCULAR / ORBITA - OLHO DIREITO
;;;;0461002;ULTRASSONOGRAFIA DE GLOBO OCULAR / ORBITA - OLHO ESQUERDO
;;0462000;GRUPO - OFTALMOLOGIA - GLAUCOMA;;
;;;;0462003;CAMPIMETRIA COMPUTADORIZADA OU MANUAL COM GRAFICO - OLHO DIREITO
;;;;0462004;CAMPIMETRIA COMPUTADORIZADA OU MANUAL COM GRAFICO - OLHO ESQUERDO
;;;;0462005;CURVA DIARIA DE PRESSAO OCULAR CDPO (MINIMO 3 MEDIDAS) - OLHO DIREITO
;;;;0462006;CURVA DIARIA DE PRESSAO OCULAR CDPO (MINIMO 3 MEDIDAS) - OLHO ESQUERDO
;;;;0462007;FUNDOSCOPIA - OLHO DIREITO
;;;;0462008;FUNDOSCOPIA - OLHO ESQUERDO
;;;;0462009;GONIOSCOPIA - OLHO DIREITO
;;;;0462010;GONIOSCOPIA - OLHO ESQUERDO
;;;;0462011;MAPEAMENTO DE RETINA COM GRAFICO - OLHO DIREITO
;;;;0462012;MAPEAMENTO DE RETINA COM GRAFICO - OLHO ESQUERDO
;;;;0462001;PAQUIMETRIA ULTRASSÔNICA - OLHO DIREITO
;;;;0462002;PAQUIMETRIA ULTRASSÔNICA - OLHO ESQUERDO
;;;;0462015;RETINOGRAFIA COLORIDA BINOCULAR
;;;;0462013;TONOMETRIA - OLHO DIREITO
;;;;0462014;TONOMETRIA - OLHO ESQUERDO
;;0238000;GRUPO - OFTALMOLOGIA - INJECAO INTRA-VITREO;;
;;;;0238001;INJECAO INTRA-VITREO - OLHO DIREITO
;;;;0238002;INJECAO INTRA-VITREO - OLHO ESQUERDO
;;;;0238003;INTRA-VITREO REAPLICACAO - OLHO DIRETO
;;;;0238004;INTRA-VITREO REAPLICACAO - OLHO ESQUERDO
;;0145000;GRUPO - OFTALMOLOGIA (APAC);;
;;;;0145065;CAPSULECTOMIA POSTERIOR CIRURGICA  - OLHO DIREITO
;;;;0145066;CAPSULECTOMIA POSTERIOR CIRURGICA - OLHO ESQUERDO
;;;;0145007;CAPSULOTOMIA A YAG LASER - OD
;;;;0145008;CAPSULOTOMIA A YAG LASER - OE
;;;;0145067;CICLOCRIOCOAGULACAO / DIATERMIA - OLHO DIREITO
;;;;0145068;CICLOCRIOCOAGULACAO / DIATERMIA - OLHO ESQUERDO
;;;;0145023;CORRECAO CIRURGICA DE ENTROPIO E ECTROPIO - OLHO DIREITO
;;;;0145034;CORRECAO CIRURGICA DE ENTROPIO E ECTROPIO - OLHO ESQUERDO
;;;;0145047;CORREÇÃO CIRÚRGICA DE EPICANTO E TELECANTO - OLHO DIREITO
;;;;0145048;CORREÇÃO CIRÚRGICA DE EPICANTO E TELECANTO - OLHO ESQUERDO
;;;;0145061;CORREÇÃO CIRURGICA DE LAGOFTALMO - OLHO DIREITO
;;;;0145062;CORREÇÃO CIRURGICA DE LAGOFTALMO - OLHO ESQUERDO
;;;;0145049;DACRIOCISTORRINOSTOMIA - OLHO DIREITO
;;;;0145050;DACRIOCISTORRINOSTOMIA - OLHO ESQUERDO
;;;;0145064;ENUCLEAÇÃO DE GLOBO OCULAR  - OLHO ESQUERDO
;;;;0145063;ENUCLEAÇÃO DE GLOBO OCULAR - OLHO DIREITO
;;;;0145009;EVISCERACAO DO GLOBO OCULAR - OD
;;;;0145010;EVISCERACAO DO GLOBO OCULAR - OE
;;;;0145024;EXERESE DE CALAZIO E OUTRAS PEQUENAS LESOES DA PALPEBRA E SUPERCILIOS - OLHO DIREITO
;;;;0145035;EXERESE DE CALAZIO E OUTRAS PEQUENAS LESOES DA PALPEBRA E SUPERCILIOS - OLHO ESQUERDO
;;;;0145025;EXPLANTE DE LENTE INTRA OCULAR - OLHO DIREITO
;;;;0145036;EXPLANTE DE LENTE INTRA OCULAR - OLHO ESQUERDO
;;;;0145001;FACECTOMIA C/ IMPLANTE DE LENTE INTRA-OCULAR - OD
;;;;0145002;FACECTOMIA C/ IMPLANTE DE LENTE INTRA-OCULAR - OE
;;;;0145017;FACECTOMIA S/ IMPLANTE DE LENTE INTRA-OCULAR - OD
;;;;0145018;FACECTOMIA S/ IMPLANTE DE LENTE INTRA-OCULAR - OE
;;;;0145013;FOTOCOAGULACAO A LASER - OLHO DIREITO
;;;;0145014;FOTOCOAGULACAO A LASER - OLHO ESQUERDO
;;;;0145069;FOTOTRABECULOPLASTIA A LASER - OLHO DIREITO
;;;;0145070;FOTOTRABECULOPLASTIA A LASER - OLHO ESQUERDO
;;;;0145071;IMPLANTE INTRA-ESTROMAL - OLHO DIREITO
;;;;0145072;IMPLANTE INTRA-ESTROMAL - OLHO ESQUERDO
;;;;0145020;IMPLANTE SECUNDARIO DE LENTE INTRA-OCULAR - LIO - OLHO DIREITO
;;;;0145032;IMPLANTE SECUNDARIO DE LENTE INTRA-OCULAR - LIO - OLHO ESQUERDO
;;;;0145011;IRIDOTOMIA A LASER - OD
;;;;0145012;IRIDOTOMIA A LASER - OE
;;;;0145042;PAN-FOTOCOAGULAÇÃO DE RETINA A LASER - OLHO DIREITO
;;;;0145043;PAN-FOTOCOAGULAÇÃO DE RETINA A LASER - OLHO ESQUERDO
;;;;0145028;RECOBRIMENTO CONJUNTIVAL - OLHO DIREITO
;;;;0145039;RECOBRIMENTO CONJUNTIVAL - OLHO ESQUERDO
;;;;0145051;RECONSTITUIÇÃO DE CANAL LACRIMAL - OLHO DIREITO
;;;;0145052;RECONSTITUIÇÃO DE CANAL LACRIMAL - OLHO ESQUERDO
;;;;0145029;RECONSTITUICAO DE FORNIX CONJUNTIVAL - OLHO DIREITO
;;;;0145040;RECONSTITUICAO DE FORNIX CONJUNTIVAL - OLHO ESQUERDO
;;;;0145053;RECONSTITUIÇAO PARCIAL DE PALPEBRA COM TARSORRAFIA - OLHO DIREITO
;;;;0145054;RECONSTITUIÇAO PARCIAL DE PALPEBRA COM TARSORRAFIA - OLHO ESQUERDO
;;;;0145027;REPOSICIONAMENTO DE LENTE INTRAOCULAR - OLHO DIREITO
;;;;0145033;REPOSICIONAMENTO DE LENTE INTRAOCULAR - OLHO ESQUERDO
;;;;0145059;RETINOPEXIA C/ INTROFLEXÃO ESCLERAL  - OLHO DIREITO
;;;;0145060;RETINOPEXIA C/ INTROFLEXAO ESCLERAL - OLHO ESQUERDO
;;;;0145030;TRABECULECTOMIA - OLHO DIREITO
;;;;0145041;TRABECULECTOMIA - OLHO ESQUERDO
;;;;0145026;TRATAMENTO DE PTOSE PALPEBRAL - OLHO DIREITO
;;;;0145037;TRATAMENTO DE PTOSE PALPEBRAL - OLHO ESQUERDO
;;;;0145015;VITRECTOMIA ANTERIOR - OD
;;;;0145016;VITRECTOMIA ANTERIOR - OE
;;0818000;GRUPO - PROCEDIMENTOS AMBULATORIAIS EM OFTALMOLOGIA;;
;;;;0818365;BIOPSIA DE TUMOR INTRA OCULAR - OLHO DIREITO
;;;;0818366;BIOPSIA DE TUMOR INTRA OCULAR - OLHO ESQUERDO
;;;;0818256;CAUTERIZACAO DE CORNEA - OLHO DIREITO
;;;;0818257;CAUTERIZACAO DE CORNEA - OLHO ESQUERDO
;;;;0818396;CRIOTERAPIA OCULAR - OLHO DIREITO
;;;;0818397;CRIOTERAPIA OCULAR - OLHO ESQUERDO
;;;;0818272;DRENAGEM DE ABSCESSO DE PALPEBRA - OLHO DIREITO
;;;;0818273;DRENAGEM DE ABSCESSO DE PALPEBRA - OLHO ESQUERDO
;;;;0818274;EPILACAO A LASER - OLHO DIREITO
;;;;0818275;EPILACAO A LASER - OLHO ESQUERDO
;;;;0818276;EPILACAO DE CILIOS - OLHO DIREITO
;;;;0818277;EPILACAO DE CILIOS - OLHO ESQUERDO
;;;;0818282;EXERESE DE TUMOR DE CONJUNTIVA - OLHO DIREITO
;;;;0818283;EXERESE DE TUMOR DE CONJUNTIVA - OLHO ESQUERDO
;;;;0818229;INJECAO INTRA-VITREO - OD
;;;;0818230;INJECAO INTRA-VITREO - OE
;;;;0818294;INJECAO RETROBULBAR/PERIBULBAR - OLHO DIREITO
;;;;0818295;INJECAO RETROBULBAR/PERIBULBAR - OLHO ESQUERDO
;;;;0818296;INJECAO SUBCONJUNTIVAL/SUBTENONIANA - OLHO DIREITO
;;;;0818297;INJECAO SUBCONJUNTIVAL/SUBTENONIANA - OLHO ESQUERDO
;;;;0818215;IRIDECTOMIA CIRURGICA - OD
;;;;0818216;IRIDECTOMIA CIRURGICA - OE
;;;;0818303;OCLUSAO DE PONTO LACRIMAL - OLHO DIREITO
;;;;0818304;OCLUSAO DE PONTO LACRIMAL - OLHO ESQUERDO
;;;;0818300;PARACENTESE DE CAMARA ANTERIOR - OLHO DIREITO
;;;;0818301;PARACENTESE DE CAMARA ANTERIOR - OLHO ESQUERDO
;;;;0818398;RADIAÇÃO PARA CROSS LINKING CORNEANO - OLHO DIREITO
;;;;0818399;RADIAÇÃO PARA CROSS LINKING CORNEANO - OLHO ESQUERDO
;;;;0818394;REMOÇÃO DE IMPLANTE EPISCLERAL - OLHO DIREITO
;;;;0818395;REMOÇÃO DE IMPLANTE EPISCLERAL - OLHO ESQUERDO
;;;;0818392;REMOÇÃO DE OLEO DE SILICONE - OLHO DIREITO
;;;;0818393;REMOÇÃO DE OLEO DE SILICONE - OLHO ESQUERDO
;;;;0818314;RETINOPEXIA PNEUMATICA - OLHO DIREITO
;;;;0818315;RETINOPEXIA PNEUMATICA - OLHO ESQUERDO
;;;;0818309;RETIRADA DE CORPO ESTRANHO DA CAMARA ANTERIOR - OLHO ESQUERDO
;;;;0818308;RETIRADA DE CORPO ESTRANHO DA CAMARA ANTERIOR- OLHO DIREITO
;;;;0818316;RETIRADA DE CORPO ESTRANHO DA CORNEA - OLHO DIREITO
;;;;0818317;RETIRADA DE CORPO ESTRANHO DA CORNEA - OLHO ESQUERDO
;;;;0818318;SIMBLEFAROPLASTIA - OLHO DIREITO
;;;;0818319;SIMBLEFAROPLASTIA - OLHO ESQUERDO
;;;;0818310;SINEQUIOLISE A YAG LASER - OLHO DIREITO
;;;;0818311;SINEQUIOLISE A YAG LASER- OLHO ESQUERDO
;;;;0818320;SONDAGEM DAS VIAS LACRIMAIS - OLHO DIREITO
;;;;0818321;SONDAGEM DAS VIAS LACRIMAIS - OLHO ESQUERDO
;;;;0818326;SUBSTITUICAO DE LENTE INTRA-OCULAR - OLHO DIREITO
;;;;0818379;SUBSTITUICAO DE LENTE INTRA-OCULAR - OLHO ESQUERDO
;;;;0818328;SUTURA DE CONJUNTIVA - OLHO DIREITO
;;;;0818329;SUTURA DE CONJUNTIVA - OLHO ESQUERDO
;;;;0818331;SUTURA DE CORNEA - OLHO DIREITO
;;;;0818332;SUTURA DE CORNEA - OLHO ESQUERDO
;;;;0818324;SUTURA DE ESCLERA - OLHO DIREITO
;;;;0818325;SUTURA DE ESCLERA - OLHO ESQUERDO
;;;;0818322;SUTURA DE PALPEBRA - OLHO DIREITO
;;;;0818323;SUTURA DE PALPEBRA - OLHO ESQUERDO
;;;;0818169;TRATAMENTO CIRURGICO DE BLEFAROCALASE - OD
;;;;0818170;TRATAMENTO CIRURGICO DE BLEFAROCALASE - OE
;;;;0818335;TRATAMENTO CIRURGICO DE DEISCENCIA DE SUTURA DE ESCLERA- OLHO DIREITO
;;;;0818336;TRATAMENTO CIRURGICO DE DEISCENCIA DE SUTURA DE ESCLERA- OLHO ESQUERDO
;;;;0818340;TRATAMENTO CIRURGICO DE MIIASE PALPEBRAL - OLHO DIREITO
;;;;0818364;TRATAMENTO CIRURGICO DE MIIASE PALPEBRAL - OLHO ESQUERDO
;;;;0818337;TRATAMENTO CIRURGICO DE PTERIGIO - OLHO DIREITO
;;;;0818338;TRATAMENTO CIRURGICO DE PTERIGIO - OLHO ESQUERDO
;;;;0818342;TRATAMENTO CIRURGICO DE TRIQUIASE C/ OU S/ENXERTO - OLHO DIREITO
;;;;0818343;TRATAMENTO CIRURGICO DE TRIQUIASE C/ OU S/ENXERTO - OLHO ESQUERDO
;;;;0818344;TRATAMENTO CIRURGICO DE XANTELASMA - OLHO DIREITO
;;;;0818345;TRATAMENTO CIRURGICO DE XANTELASMA - OLHO ESQUERDO
;;;;0818352;VITRIOLISE A YAG LASER - OLHO DIREITO
;;;;0818353;VITRIOLISE A YAG LASER - OLHO ESQUERDO
;;0823000;GRUPO - PUNCAO / BIOPSIA;;
;;;;0823010;BIOPSIA DA CORNEA
;;;;0823008;BIOPSIA DE CONJUNTIVA
;;;;0823017;BIOPSIA DE ESCLERA
;;;;0823023;BIOPSIA DE IRIS, CORPO CILIAR, RETINA, COROIDE E VITREO
;;;;0823034;BIOPSIA DE PALPEBRA
;;1903000;GRUPO - TERAPIA ESPECIALIZADA EM OFTALMOLOGIA;;
;;0385000;GRUPO OFTALMOLOGIA - TRANSPLANTE;;
;;;;0385008;TRANSPLANTE DE CORNEA - OLHO DIREITO
;;;;0385001;TRANSPLANTE DE CORNEA - OLHO ESQUERDO
;;;;0385009;TRANSPLANTE DE CÓRNEA (EM CIRURGIAS COMBINADAS OU EM REOPERAÇÕES)
;;;;0385006;TRANSPLANTE DE ESCLERA - OLHO DIREITO
;;;;0385007;TRANSPLANTE DE ESCLERA - OLHO ESQUERDO
;;1703007;RETINOGRAFIA COLORIDA BINOCULAR;;
;;1712012;RETINOGRAFIA FLUORESCENTE;;
;;1720013;TOMOGRAFIA DE COERÊNCIA ÓPTICA;;
;;1707164;TRATAMENTO MEDICAMENTOSO DA DOENÇA DA RETINA;;
;OFTALCENTER CENTRO OFTALMOLOGICO;;;;
;;0818231;ACOMPANHAMENTO DE PACIENTE POS-TRANSPLANTE DE CORNEA;;
;;0701431;CONSULTA EM OFTALMOLOGIA - ACIMA DE 60 ANOS;;
;;0701814;CONSULTA EM OFTALMOLOGIA - AVALIACAO CIRURGICA;;
;;0703859;CONSULTA EM OFTALMOLOGIA - CATARATA - MUTIRAO;;
;;0701225;CONSULTA EM OFTALMOLOGIA - GERAL;;
;;2018324;CONSULTA EM OFTALMOLOGIA - GERAL RETORNO;;
;;0703283;CONSULTA EM OFTALMOLOGIA - GLAUCOMA - RETORNO;;
;;0118091;CONSULTA EM OFTALMOLOGIA - POS OPERATORIO;;
;;0703305;CONSULTA EM OFTALMOLOGIA - REFRACAO;;
;;0701957;CONSULTA EM OFTALMOLOGIA - RETINA GERAL;;
;;0037014;CONSULTA EM OFTALMOLOGIA- ACIMA DE 60 ANOS- RETORNO;;
;;0742011;CONSULTA EM OFTALMOLOGIA CATARATA;;
;;0320142;CONSULTA EM OFTALMOLOGIA- TRANSPLANTE DE CORNEA;;
;;0031125;EXERCICIOS ORTOPTICOS;;
;;0814000;GRUPO - CIRURGIA AMB EM APARELHO VISUAL;;
;;0743000;GRUPO - CIRURGIA DE CATARATA;;
;;1428000;GRUPO - DIAGNOSTICO POR ULTRASSONOGRAFIA - OFTALMOLOGIA;;
;;;;1428005;PAQUIMETRIA ULTRASSÔNICA  - OLHO DIREITO
;;;;1428006;PAQUIMETRIA ULTRASSÔNICA - OLHO ESQUERDO
;;;;1428004;ULTRASSONOGRAFIA DE GLOBO OCULAR / ORBITA  - OLHO ESQUERDO
;;;;1428003;ULTRASSONOGRAFIA DE GLOBO OCULAR / ORBITA - OLHO DIREITO
;;1707000;GRUPO - OFTALMOLOGIA;;
;;0461000;GRUPO - OFTALMOLOGIA - CATARATA;;
;;;;0461005;BIOMETRIA ULTRASSONICA - OLHO DIREITO
;;;;0461006;BIOMETRIA ULTRASSONICA - OLHO ESQUERDO
;;;;0461007;CERATOMETRIA - OLHO DIREITO
;;;;0461008;CERATOMETRIA - OLHO ESQUERDO
;;;;0461017;CONSULTA EM OFTALMOLOGIA - CIRURGIA DE CATARATA
;;;;0461009;MAPEAMENTO DE RETINA COM GRAFICO - OLHO DIREITO
;;;;0461010;MAPEAMENTO DE RETINA COM GRAFICO - OLHO ESQUERDO
;;;;0461011;MICROSCOPIA ESPECULAR DE CORNEA – OD
;;;;0461012;MICROSCOPIA ESPECULAR DE CORNEA – OE
;;;;0461003;PAQUIMETRIA ULTRASSÔNICA - OLHO DIREITO
;;;;0461004;PAQUIMETRIA ULTRASSÔNICA - OLHO ESQUERDO
;;;;0461013;TONOMETRIA - OLHO DIREITO
;;;;0461014;TONOMETRIA - OLHO ESQUERDO
;;;;0461015;TOPOGRAFIA COMPUTADORIZADA DE CORNEA – OD
;;;;0461016;TOPOGRAFIA COMPUTADORIZADA DE CORNEA – OE
;;;;0461001;ULTRASSONOGRAFIA DE GLOBO OCULAR / ORBITA - OLHO DIREITO
;;;;0461002;ULTRASSONOGRAFIA DE GLOBO OCULAR / ORBITA - OLHO ESQUERDO
;;0462000;GRUPO - OFTALMOLOGIA - GLAUCOMA;;
;;;;0462003;CAMPIMETRIA COMPUTADORIZADA OU MANUAL COM GRAFICO - OLHO DIREITO
;;;;0462004;CAMPIMETRIA COMPUTADORIZADA OU MANUAL COM GRAFICO - OLHO ESQUERDO
;;;;0462005;CURVA DIARIA DE PRESSAO OCULAR CDPO (MINIMO 3 MEDIDAS) - OLHO DIREITO
;;;;0462006;CURVA DIARIA DE PRESSAO OCULAR CDPO (MINIMO 3 MEDIDAS) - OLHO ESQUERDO
;;;;0462007;FUNDOSCOPIA - OLHO DIREITO
;;;;0462008;FUNDOSCOPIA - OLHO ESQUERDO
;;;;0462009;GONIOSCOPIA - OLHO DIREITO
;;;;0462010;GONIOSCOPIA - OLHO ESQUERDO
;;;;0462011;MAPEAMENTO DE RETINA COM GRAFICO - OLHO DIREITO
;;;;0462012;MAPEAMENTO DE RETINA COM GRAFICO - OLHO ESQUERDO
;;;;0462001;PAQUIMETRIA ULTRASSÔNICA - OLHO DIREITO
;;;;0462002;PAQUIMETRIA ULTRASSÔNICA - OLHO ESQUERDO
;;;;0462015;RETINOGRAFIA COLORIDA BINOCULAR
;;;;0462013;TONOMETRIA - OLHO DIREITO
;;;;0462014;TONOMETRIA - OLHO ESQUERDO
;;0238000;GRUPO - OFTALMOLOGIA - INJECAO INTRA-VITREO;;
;;0145000;GRUPO - OFTALMOLOGIA (APAC);;
;;0818000;GRUPO - PROCEDIMENTOS AMBULATORIAIS EM OFTALMOLOGIA;;
;;0823000;GRUPO - PUNCAO / BIOPSIA;;
;;;;0823010;BIOPSIA DA CORNEA
;;;;0823008;BIOPSIA DE CONJUNTIVA
;;;;0823017;BIOPSIA DE ESCLERA
;;;;0823023;BIOPSIA DE IRIS, CORPO CILIAR, RETINA, COROIDE E VITREO
;;;;0823034;BIOPSIA DE PALPEBRA
;;3500000;GRUPO - TOMOGRAFIA COMPUTADORIZADA;;
;;0385000;GRUPO OFTALMOLOGIA - TRANSPLANTE;;
;;;;0385008;TRANSPLANTE DE CORNEA - OLHO DIREITO
;;;;0385001;TRANSPLANTE DE CORNEA - OLHO ESQUERDO
;;;;0385009;TRANSPLANTE DE CÓRNEA (EM CIRURGIAS COMBINADAS OU EM REOPERAÇÕES)
;;;;0385006;TRANSPLANTE DE ESCLERA - OLHO DIREITO
;;;;0385007;TRANSPLANTE DE ESCLERA - OLHO ESQUERDO
;;1703007;RETINOGRAFIA COLORIDA BINOCULAR;;
;;1712012;RETINOGRAFIA FLUORESCENTE;;
;;1720013;TOMOGRAFIA DE COERÊNCIA ÓPTICA;;
;OFTALCLIN;;;;
;;0701431;CONSULTA EM OFTALMOLOGIA - ACIMA DE 60 ANOS;;
;;0701814;CONSULTA EM OFTALMOLOGIA - AVALIACAO CIRURGICA;;
;;0701225;CONSULTA EM OFTALMOLOGIA - GERAL;;
;;2018324;CONSULTA EM OFTALMOLOGIA - GERAL RETORNO;;
;;0703283;CONSULTA EM OFTALMOLOGIA - GLAUCOMA - RETORNO;;
;;0118091;CONSULTA EM OFTALMOLOGIA - POS OPERATORIO;;
;;0701957;CONSULTA EM OFTALMOLOGIA - RETINA GERAL;;
;;0037014;CONSULTA EM OFTALMOLOGIA- ACIMA DE 60 ANOS- RETORNO;;
;;0742011;CONSULTA EM OFTALMOLOGIA CATARATA;;
;;0031125;EXERCICIOS ORTOPTICOS;;
;;0814000;GRUPO - CIRURGIA AMB EM APARELHO VISUAL;;
;;0743000;GRUPO - CIRURGIA DE CATARATA;;
;;;;0743011;FACOEMULSIFICACAO C/IMPL LENTE INTRA OCULAR DOBRAVEL- OE
;;;;0743010;FACOEMULSIFICACAO C/IMPL LENTE INTRA OCULAR DOBRAVEL-OD
;;;;0743039;FACOEMULSIFICACAO COM IMPLANTE DE LENTE INTRA - OCULAR RIGIDA - OLHO DIREITO
;;;;0743040;FACOEMULSIFICACAO COM IMPLANTE DE LENTE INTRA - OCULAR RIGIDA - OLHO ESQUERDO
;;1428000;GRUPO - DIAGNOSTICO POR ULTRASSONOGRAFIA - OFTALMOLOGIA;;
;;;;1428005;PAQUIMETRIA ULTRASSÔNICA  - OLHO DIREITO
;;;;1428006;PAQUIMETRIA ULTRASSÔNICA - OLHO ESQUERDO
;;;;1428004;ULTRASSONOGRAFIA DE GLOBO OCULAR / ORBITA  - OLHO ESQUERDO
;;;;1428003;ULTRASSONOGRAFIA DE GLOBO OCULAR / ORBITA - OLHO DIREITO
;;1707000;GRUPO - OFTALMOLOGIA;;
;;;;1707010;BIOMETRIA ULTRASSONICA - OLHO DIREITO
;;;;1707011;BIOMETRIA ULTRASSONICA - OLHO ESQUERDO
;;;;1707409;BIOMICROSCOPIA DE FUNDO DE OLHO
;;;;1707136;CAMPIMETRIA COMPUTADORIZADA OU MANUAL COM GRAFICO
;;;;1707159;CERATOMETRIA
;;;;1707002;CURVA DIARIA DE PRESSAO OCULAR CDPO (MINIMO 3 MEDIDAS)
;;;;1707473;ELETROOCULOGRAFIA
;;;;1707071;ELETRORETINOGRAFIA - OLHO DIREITO
;;;;1707072;ELETRORETINOGRAFIA - OLHO ESQUERDO
;;;;1707115;ESTESIOMETRIA
;;;;1707103;FUNDOSCOPIA
;;;;1707105;GONIOSCOPIA
;;;;1707434;MAPEAMENTO DE RETINA COM GRAFICO - OLHO DIREITO
;;;;1707435;MAPEAMENTO DE RETINA COM GRAFICO - OLHO ESQUERDO
;;;;1707013;MEDIDA DE OFUSCAMENTO E CONTRASTE
;;;;1707465;MICROSCOPIA ESPECULAR DE CORNEA - OD
;;;;1707466;MICROSCOPIA ESPECULAR DE CORNEA - OE
;;;;1707101;POTENCIAL DE ACUIDADE VISUAL
;;;;1707166;POTENCIAL EVOCADO
;;;;1707005;RETINOGRAFIA COLORIDA BINOCULAR
;;;;1707206;TESTE DE PROVOCACAO DE GLAUCOMA
;;;;1707107;TESTE DE SCHIRMER
;;;;1707108;TESTE DE VISAO DE CORES
;;;;1707302;TESTE ORTOPTICO
;;;;1707174;TESTE PARA ADAPTACAO DE LENTE DE CONTATO
;;;;1707102;TONOMETRIA
;;;;1707467;TOPOGRAFIA COMPUTADORIZADA DE CORNEA - OD
;;;;1707468;TOPOGRAFIA COMPUTADORIZADA DE CORNEA - OE
;;0461000;GRUPO - OFTALMOLOGIA - CATARATA;;
;;;;0461005;BIOMETRIA ULTRASSONICA - OLHO DIREITO
;;;;0461006;BIOMETRIA ULTRASSONICA - OLHO ESQUERDO
;;;;0461007;CERATOMETRIA - OLHO DIREITO
;;;;0461008;CERATOMETRIA - OLHO ESQUERDO
;;;;0461017;CONSULTA EM OFTALMOLOGIA - CIRURGIA DE CATARATA
;;;;0461009;MAPEAMENTO DE RETINA COM GRAFICO - OLHO DIREITO
;;;;0461010;MAPEAMENTO DE RETINA COM GRAFICO - OLHO ESQUERDO
;;;;0461011;MICROSCOPIA ESPECULAR DE CORNEA – OD
;;;;0461012;MICROSCOPIA ESPECULAR DE CORNEA – OE
;;;;0461003;PAQUIMETRIA ULTRASSÔNICA - OLHO DIREITO
;;;;0461004;PAQUIMETRIA ULTRASSÔNICA - OLHO ESQUERDO
;;;;0461013;TONOMETRIA - OLHO DIREITO
;;;;0461014;TONOMETRIA - OLHO ESQUERDO
;;;;0461015;TOPOGRAFIA COMPUTADORIZADA DE CORNEA – OD
;;;;0461016;TOPOGRAFIA COMPUTADORIZADA DE CORNEA – OE
;;;;0461001;ULTRASSONOGRAFIA DE GLOBO OCULAR / ORBITA - OLHO DIREITO
;;;;0461002;ULTRASSONOGRAFIA DE GLOBO OCULAR / ORBITA - OLHO ESQUERDO
;;0462000;GRUPO - OFTALMOLOGIA - GLAUCOMA;;
;;;;0462003;CAMPIMETRIA COMPUTADORIZADA OU MANUAL COM GRAFICO - OLHO DIREITO
;;;;0462004;CAMPIMETRIA COMPUTADORIZADA OU MANUAL COM GRAFICO - OLHO ESQUERDO
;;;;0462005;CURVA DIARIA DE PRESSAO OCULAR CDPO (MINIMO 3 MEDIDAS) - OLHO DIREITO
;;;;0462006;CURVA DIARIA DE PRESSAO OCULAR CDPO (MINIMO 3 MEDIDAS) - OLHO ESQUERDO
;;;;0462007;FUNDOSCOPIA - OLHO DIREITO
;;;;0462008;FUNDOSCOPIA - OLHO ESQUERDO
;;;;0462009;GONIOSCOPIA - OLHO DIREITO
;;;;0462010;GONIOSCOPIA - OLHO ESQUERDO
;;;;0462011;MAPEAMENTO DE RETINA COM GRAFICO - OLHO DIREITO
;;;;0462012;MAPEAMENTO DE RETINA COM GRAFICO - OLHO ESQUERDO
;;;;0462001;PAQUIMETRIA ULTRASSÔNICA - OLHO DIREITO
;;;;0462002;PAQUIMETRIA ULTRASSÔNICA - OLHO ESQUERDO
;;;;0462015;RETINOGRAFIA COLORIDA BINOCULAR
;;;;0462013;TONOMETRIA - OLHO DIREITO
;;;;0462014;TONOMETRIA - OLHO ESQUERDO
;;0145000;GRUPO - OFTALMOLOGIA (APAC);;
;;;;0145065;CAPSULECTOMIA POSTERIOR CIRURGICA  - OLHO DIREITO
;;;;0145066;CAPSULECTOMIA POSTERIOR CIRURGICA - OLHO ESQUERDO
;;;;0145007;CAPSULOTOMIA A YAG LASER - OD
;;;;0145008;CAPSULOTOMIA A YAG LASER - OE
;;;;0145067;CICLOCRIOCOAGULACAO / DIATERMIA - OLHO DIREITO
;;;;0145068;CICLOCRIOCOAGULACAO / DIATERMIA - OLHO ESQUERDO
;;;;0145009;EVISCERACAO DO GLOBO OCULAR - OD
;;;;0145010;EVISCERACAO DO GLOBO OCULAR - OE
;;;;0145024;EXERESE DE CALAZIO E OUTRAS PEQUENAS LESOES DA PALPEBRA E SUPERCILIOS - OLHO DIREITO
;;;;0145035;EXERESE DE CALAZIO E OUTRAS PEQUENAS LESOES DA PALPEBRA E SUPERCILIOS - OLHO ESQUERDO
;;;;0145025;EXPLANTE DE LENTE INTRA OCULAR - OLHO DIREITO
;;;;0145036;EXPLANTE DE LENTE INTRA OCULAR - OLHO ESQUERDO
;;;;0145001;FACECTOMIA C/ IMPLANTE DE LENTE INTRA-OCULAR - OD
;;;;0145002;FACECTOMIA C/ IMPLANTE DE LENTE INTRA-OCULAR - OE
;;;;0145017;FACECTOMIA S/ IMPLANTE DE LENTE INTRA-OCULAR - OD
;;;;0145018;FACECTOMIA S/ IMPLANTE DE LENTE INTRA-OCULAR - OE
;;;;0145069;FOTOTRABECULOPLASTIA A LASER - OLHO DIREITO
;;;;0145070;FOTOTRABECULOPLASTIA A LASER - OLHO ESQUERDO
;;;;0145071;IMPLANTE INTRA-ESTROMAL - OLHO DIREITO
;;;;0145072;IMPLANTE INTRA-ESTROMAL - OLHO ESQUERDO
;;;;0145020;IMPLANTE SECUNDARIO DE LENTE INTRA-OCULAR - LIO - OLHO DIREITO
;;;;0145032;IMPLANTE SECUNDARIO DE LENTE INTRA-OCULAR - LIO - OLHO ESQUERDO
;;;;0145011;IRIDOTOMIA A LASER - OD
;;;;0145012;IRIDOTOMIA A LASER - OE
;;;;0145028;RECOBRIMENTO CONJUNTIVAL - OLHO DIREITO
;;;;0145039;RECOBRIMENTO CONJUNTIVAL - OLHO ESQUERDO
;;;;0145029;RECONSTITUICAO DE FORNIX CONJUNTIVAL - OLHO DIREITO
;;;;0145040;RECONSTITUICAO DE FORNIX CONJUNTIVAL - OLHO ESQUERDO
;;;;0145030;TRABECULECTOMIA - OLHO DIREITO
;;;;0145041;TRABECULECTOMIA - OLHO ESQUERDO
;;;;0145015;VITRECTOMIA ANTERIOR - OD
;;;;0145016;VITRECTOMIA ANTERIOR - OE
;;0818000;GRUPO - PROCEDIMENTOS AMBULATORIAIS EM OFTALMOLOGIA;;
;;;;0818256;CAUTERIZACAO DE CORNEA - OLHO DIREITO
;;;;0818257;CAUTERIZACAO DE CORNEA - OLHO ESQUERDO
;;;;0818272;DRENAGEM DE ABSCESSO DE PALPEBRA - OLHO DIREITO
;;;;0818273;DRENAGEM DE ABSCESSO DE PALPEBRA - OLHO ESQUERDO
;;;;0818282;EXERESE DE TUMOR DE CONJUNTIVA - OLHO DIREITO
;;;;0818283;EXERESE DE TUMOR DE CONJUNTIVA - OLHO ESQUERDO
;;;;0818294;INJECAO RETROBULBAR/PERIBULBAR - OLHO DIREITO
;;;;0818295;INJECAO RETROBULBAR/PERIBULBAR - OLHO ESQUERDO
;;;;0818296;INJECAO SUBCONJUNTIVAL/SUBTENONIANA - OLHO DIREITO
;;;;0818297;INJECAO SUBCONJUNTIVAL/SUBTENONIANA - OLHO ESQUERDO
;;;;0818215;IRIDECTOMIA CIRURGICA - OD
;;;;0818216;IRIDECTOMIA CIRURGICA - OE
;;;;0818300;PARACENTESE DE CAMARA ANTERIOR - OLHO DIREITO
;;;;0818301;PARACENTESE DE CAMARA ANTERIOR - OLHO ESQUERDO
;;;;0818398;RADIAÇÃO PARA CROSS LINKING CORNEANO - OLHO DIREITO
;;;;0818399;RADIAÇÃO PARA CROSS LINKING CORNEANO - OLHO ESQUERDO
;;;;0818309;RETIRADA DE CORPO ESTRANHO DA CAMARA ANTERIOR - OLHO ESQUERDO
;;;;0818308;RETIRADA DE CORPO ESTRANHO DA CAMARA ANTERIOR- OLHO DIREITO
;;;;0818316;RETIRADA DE CORPO ESTRANHO DA CORNEA - OLHO DIREITO
;;;;0818317;RETIRADA DE CORPO ESTRANHO DA CORNEA - OLHO ESQUERDO
;;;;0818310;SINEQUIOLISE A YAG LASER - OLHO DIREITO
;;;;0818311;SINEQUIOLISE A YAG LASER- OLHO ESQUERDO
;;;;0818326;SUBSTITUICAO DE LENTE INTRA-OCULAR - OLHO DIREITO
;;;;0818379;SUBSTITUICAO DE LENTE INTRA-OCULAR - OLHO ESQUERDO
;;;;0818328;SUTURA DE CONJUNTIVA - OLHO DIREITO
;;;;0818329;SUTURA DE CONJUNTIVA - OLHO ESQUERDO
;;;;0818331;SUTURA DE CORNEA - OLHO DIREITO
;;;;0818332;SUTURA DE CORNEA - OLHO ESQUERDO
;;;;0818324;SUTURA DE ESCLERA - OLHO DIREITO
;;;;0818325;SUTURA DE ESCLERA - OLHO ESQUERDO
;;;;0818335;TRATAMENTO CIRURGICO DE DEISCENCIA DE SUTURA DE ESCLERA- OLHO DIREITO
;;;;0818336;TRATAMENTO CIRURGICO DE DEISCENCIA DE SUTURA DE ESCLERA- OLHO ESQUERDO
;;;;0818340;TRATAMENTO CIRURGICO DE MIIASE PALPEBRAL - OLHO DIREITO
;;;;0818364;TRATAMENTO CIRURGICO DE MIIASE PALPEBRAL - OLHO ESQUERDO
;;;;0818337;TRATAMENTO CIRURGICO DE PTERIGIO - OLHO DIREITO
;;;;0818338;TRATAMENTO CIRURGICO DE PTERIGIO - OLHO ESQUERDO
;;0823000;GRUPO - PUNCAO / BIOPSIA;;
;;;;0823010;BIOPSIA DA CORNEA
;;;;0823008;BIOPSIA DE CONJUNTIVA
;;;;0823017;BIOPSIA DE ESCLERA
;;;;0823023;BIOPSIA DE IRIS, CORPO CILIAR, RETINA, COROIDE E VITREO
;;1703007;RETINOGRAFIA COLORIDA BINOCULAR;;
;;1712012;RETINOGRAFIA FLUORESCENTE;;
;;1720013;TOMOGRAFIA DE COERÊNCIA ÓPTICA;;
;OLHOCLIN;;;;
;;0701431;CONSULTA EM OFTALMOLOGIA - ACIMA DE 60 ANOS;;
;;0701814;CONSULTA EM OFTALMOLOGIA - AVALIACAO CIRURGICA;;
;;0701225;CONSULTA EM OFTALMOLOGIA - GERAL;;
;;2018324;CONSULTA EM OFTALMOLOGIA - GERAL RETORNO;;
;;0703283;CONSULTA EM OFTALMOLOGIA - GLAUCOMA - RETORNO;;
;;0118091;CONSULTA EM OFTALMOLOGIA - POS OPERATORIO;;
;;0037014;CONSULTA EM OFTALMOLOGIA- ACIMA DE 60 ANOS- RETORNO;;
;;0031125;EXERCICIOS ORTOPTICOS;;
;;0743000;GRUPO - CIRURGIA DE CATARATA;;
;;1428000;GRUPO - DIAGNOSTICO POR ULTRASSONOGRAFIA - OFTALMOLOGIA;;
;;1707000;GRUPO - OFTALMOLOGIA;;
;;0461000;GRUPO - OFTALMOLOGIA - CATARATA;;
;;0462000;GRUPO - OFTALMOLOGIA - GLAUCOMA;;
;;0145000;GRUPO - OFTALMOLOGIA (APAC);;
;;0818000;GRUPO - PROCEDIMENTOS AMBULATORIAIS EM OFTALMOLOGIA;;
;;0823000;GRUPO - PUNCAO / BIOPSIA;;
;;1703007;RETINOGRAFIA COLORIDA BINOCULAR;;
;ONCOCLIN;;;;
;;3500000;GRUPO - TOMOGRAFIA COMPUTADORIZADA;;
;;;;3500210;TOMOGRAFIA POR EMISSÃO DE PÓSITRONS (PET-CT)
;OTOCLIN;;;;
;;0705269;AVALIACAO P/DIAG DE DEFICIENCIA AUDITIVA PAC.MAIOR TRES ANOS - SAUDE AUDITIVA;;
;;0705270;AVALIACAO P/DIAG DIFERENCIAL DE DEFIC.AUDITIVA - SAUDE AUDITIVA;;
;;0701227;CONSULTA EM OTORRINOLARINGOLOGIA - GERAL;;
;;0320173;CONSULTA EM OTORRINOLARINGOLOGIA - RETORNO;;
;;0705266;CONSULTA EM OTORRINOLARINGOLOGIA ( SAUDE AUDITIVA);;
;;1711110;EXAME DE VIDEOLARINGOSCOPIA(COM EQUIPAMENTO);;
;;1726000;GRUPO - ATENDIMENTO/ACOMPANHAMENTO SAUDE AUDITIVA;;
;;;;1726002;ACOMP.  PAC. ATE 3 ANOS P/ ADAPT.  APARELHO DE AMPLIF. SONORA INDIV. (AASI)  UNI/ BILATERAL
;;;;1726003;ACOMP.  PAC. MAIOR DE 3 ANOS P/ ADAPT. APARELHO DE AMPLIF. SONORA INDIV. (AASI) UNI/BILATERAL
;;;;1726001;ACOMP. PAC. A PARTIR  15 ANOS P/ ADAPT.  APARELHO DE AMPLIF. SONORA INDIV. (AASI) UNI/BILATERAL
;;;;1726006;ACOMPANHAMENTO NEUROPSICOLOGICO DE PACIENTE EM REABILITACAO
;;;;1726004;TERAPIA FONOAUDIOLOGICA INDIVIDUAL EM ADULTO A PARTIR DE 15 ANOS
;;;;1726005;TERAPIA FONOAUDIOLOGICA INDIVIDUAL EM CRIANCA DE 0 A 15 ANOS
;;1708000;GRUPO - DIAGNOSE EM OTORRINOLARINGOLOGIA;;
;;;;1708223;AUDIOMETRIA DE REFORCO VISUAL - VRA (VIA AEREA/OSSEA)
;;;;1708224;AUDIOMETRIA EM CAMPO LIVRE C/PESQ.DO GANHO FUNCIONAL
;;;;1708222;AUDIOMETRIA TONAL LIMIAR (VIA AREA/OSSEA)
;;;;1708020;AVALIACAO AUDITIVA COMPORTAMENTAL
;;;;1708021;AVALIACAO DE LINGUAGEM ESCRITA / LEITURA
;;;;1708022;AVALIACAO DE LINGUAGEM ORAL
;;;;1708023;AVALIACAO MIOFUNCIONAL DE SISTEMA ESTOMATOGNATICO
;;;;1708007;AVALIACAO P/ DIAGNOSTICO DE DEFICIENCIA AUDITIVA
;;;;1708008;AVALIACAO P/ DIAGNOSTICO DIFERENCIAL DE DEFICIENCIA AUDITIVA
;;;;1708227;AVALIACAO VOCAL (HABILIDADES VOCAIS, PADRAO, RITMO, TONALIDA
;;;;1708009;ELETROCOCLEOGRAFIA
;;;;1708236;EMISSOES OTOACUSTICA EVOCADAS TRANS.E PROD.DISTORC. EOA
;;;;1708208;EXAME DE OTOEMISSOES ACUSTICAS EVOCADAS TRANSIENTES
;;;;1708221;IMITANCIOMETRIA (TIMPANOMETRIA, COMPLAC.ESTAT.E REFL.ESTAPED
;;;;1708220;LOGOAUDIOMETRIA (LDV,IRF,LRF)
;;;;1708225;PESQ.DO GANHO DE INSERSAO(MEDIDA C/MICROFONE E SONDA)
;;;;1708014;PESQUISA DE FISTULA PERILINFATICA
;;;;1708210;PESQUISA DE POTENCIAIS AUDITIVOS DE TRONCO CEREBRAL (BERA)
;;;;1708032;POTENCIAL EVOCADO AUDITIVO
;;;;1708016;POTENCIAL EVOCADO AUDITIVO DE CURTA MEDIA E LONGA LATENCIA
;;;;1708017;PROVA DE FUNCAO TUBARIA
;;;;1708004;TESTES AUDITIVOS SUPRALIMINARES
;;;;1708240;TESTES DE PROCESSAMENTO AUDITIVO
;;;;1708018;TRIAGEM AUDITIVA DE ESCOLARES
;;1724000;GRUPO - EXAMES PARA DIAGNOSTICO DE DEFICIENCIA AUDITIVA;;
;;;;1724005;AUDIOMETRIA DE REFORCO VISUAL - VRA (VIA AEREA/OSSEA)
;;;;1724004;AUDIOMETRIA EM CAMPO LIVRE C/ PESQ. DO GANHO FUNCIONAL
;;;;1724002;AUDIOMETRIA TONAL - (AUDIOMETRIA TONAL LIMIAR (VIA AEREA / OSSEA))
;;;;1724003;AUDIOMETRIA VOCAL - (LOGOAUDIOMETRIA (LDV-IRF-LRF))
;;;;1724006;EMISSOES OTOACUSTICA EVOCADAS TRANS. E PROD.DISTORC. EOA
;;;;1724001;IMPEDANCIOMETRIA - (IMITANCIOMETRIA)
;;;;1724007;PESQ.DO GANHO DE INSERSAO(MEDIDA C/MICROFONE E SONDA)
;;;;1724008;POTENCIAL EVOCADO AUDITIVO DE CURTA,MEDIA,LONGA LATENCIA
;;;;1724009;REAVAL. DIAGNOSTICA DE DEFICIENCIA AUDITIVA PAC MAIOR DE 3 ANOS
;;;;1724010;REAVAL. DIAGNOSTICA DEFICIENCIA AUDITIVA PAC. MENOR DE 3 ANOS
;;;;1724011;SELECAO E VERIFICACAO DE BENEFICIO DO AASI
;;0124000;GRUPO - ORTESES PROTESES E MATERIAIS ESPECIAIS NAO RELACIONADOS AO ATO CIRURGICO SAUDE AUDITIVA;;
;;;;0124002;AASI EXTERNO INTRA-AURICULAR TIPO A
;;;;0124003;AASI EXTERNO INTRA-AURICULAR TIPO B
;;;;0124004;AASI EXTERNO INTRA-AURICULAR TIPO C
;;;;0124005;AASI EXTERNO RETROAURICULAR TIPO A
;;;;0124006;AASI EXTERNO RETROAURICULAR TIPO B
;;;;0124007;AASI EXTERNO RETROAURICULAR TIPO C
;;;;0124009;REPOSICAO DE AASI EXTERNO INTRA-AURICULAR TIPO A
;;;;0124010;REPOSICAO DE AASI EXTERNO INTRA-AURICULAR TIPO B
;;;;0124011;REPOSICAO DE AASI EXTERNO INTRA-AURICULAR TIPO C
;;;;0124012;REPOSICAO DE AASI EXTERNO RETROAURICULAR TIPO A
;;;;0124013;REPOSICAO DE AASI EXTERNO RETROAURICULAR TIPO B
;;;;0124015;REPOSICAO DE AASI EXTERNO RETROAURICULAR TIPO C
;;;;0124008;REPOSICAO DE MOLDE AURICULAR
;;1711109;LARINGOSCOPIA DIRETA;;
;PERFIL SAUDE;;;;
;;2280000;GRUPO - PATOLOGIA CLINICA (EXAMES DE LABORATORIO 2);;
;;2400000;GRUPO - PATOLOGIA CLINICA (REGULACAO);;
;PHYSIO LIFE;;;;
;;0701022;CONSULTA EM FISIOTERAPIA;;
;;1801000;GRUPO - FISIOTERAPIA (POR SESSAO);;
;POLICLINICA ANTONIO ALEIXO;;;;
;;0701438;CONSULTA EM CARDIOLOGIA - ACIMA DE 60 ANOS;;
;;0710459;CONSULTA EM CARDIOLOGIA - ACIMA DE 60 ANOS - RETORNO;;
;;0701205;CONSULTA EM CARDIOLOGIA - GERAL;;
;;0701380;CONSULTA EM CARDIOLOGIA - RETORNO;;
;;0701211;CONSULTA EM CIRURGIA VASCULAR - GERAL;;
;;0701116;CONSULTA EM CIRURGIA VASCULAR - RETORNO;;
;;0701212;CONSULTA EM DERMATOLOGIA - GERAL;;
;;0701052;CONSULTA EM DERMATOLOGIA - RETORNO;;
;;0701022;CONSULTA EM FISIOTERAPIA;;
;;0701428;CONSULTA EM FISIOTERAPIA - ACIMA DE 60 ANOS;;
;;0710368;CONSULTA EM FISIOTERAPIA - PEDIATRIA;;
;;0701431;CONSULTA EM OFTALMOLOGIA - ACIMA DE 60 ANOS;;
;;0701225;CONSULTA EM OFTALMOLOGIA - GERAL;;
;;2018324;CONSULTA EM OFTALMOLOGIA - GERAL RETORNO;;
;;0037014;CONSULTA EM OFTALMOLOGIA- ACIMA DE 60 ANOS- RETORNO;;
;;0701226;CONSULTA EM ORTOPEDIA - GERAL;;
;;9270003;CONSULTA EM ORTOPEDIA - GERAL - RETORNO;;
;;1703101;ELETROCARDIOGRAMA;;
;;0800000;GRUPO - CIRURGIAS AMBULATORIAIS ESPECIALIZADAS;;
;;1009000;GRUPO - ACOES ESPECIALIZADAS EM ODONTOLOGIA;;
;;1401000;GRUPO - EXAMES ULTRA-SONOGRAFICOS;;
;;;;1401405;ULTRA-SONOGRAFIA  DO APARELHO URINARIO (RINS, BEXIGA)
;;;;1401999;ULTRA-SONOGRAFIA DE ABDOMEN SUPERIOR
;;;;1401998;ULTRA-SONOGRAFIA DE ABDOMEN TOTAL
;;;;1401977;ULTRA-SONOGRAFIA DE MAMAS (BILATERAL)
;;;;1401997;ULTRA-SONOGRAFIA DE PROSTATA (VIA ABDOMINAL)
;;;;1401980;ULTRA-SONOGRAFIA DE TIREOIDE
;;;;1401201;ULTRA-SONOGRAFIA OBSTETRICA
;;;;1401101;ULTRA-SONOGRAFIA PELVICA (GINECOLOGICA)
;;1670000;GRUPO - EXAMES ULTRA-SONOGRAFICOS (DOPPLER) E ECOGRAFIAS;;
;;;;1670012;ULTRA-SONOGRAFIA  DOPPLER ARTERIAL- M I D
;;;;1670013;ULTRA-SONOGRAFIA  DOPPLER ARTERIAL- M I E
;;;;1670014;ULTRA-SONOGRAFIA  DOPPLER ARTERIAL- M S D
;;;;1670015;ULTRA-SONOGRAFIA  DOPPLER ARTERIAL- M S E
;;;;1670006;ULTRA-SONOGRAFIA  DOPPLER DE CAROTIDAS
;;;;1670007;ULTRA-SONOGRAFIA  DOPPLER VENOSO - MID
;;;;1670009;ULTRA-SONOGRAFIA  DOPPLER VENOSO - MIE
;;;;1670010;ULTRA-SONOGRAFIA  DOPPLER VENOSO - MSD
;;;;1670011;ULTRA-SONOGRAFIA  DOPPLER VENOSO - MSE
;;;;1670017;ULTRA-SONOGRAFIA DOPPLER DE ARTERIAS VERTEBRAIS
;;1801000;GRUPO - FISIOTERAPIA (POR SESSAO);;
;;;;1801022;ATENDIMENTO FISIOTERAPEUTICO EM PACIENTE C/ COMPROMETIMENTO COGNITIVO
;;;;1801020;ATENDIMENTO FISIOTERAPEUTICO EM PACIENTE C/ DISTURBIOS NEURO-CINETICO-FUNCIONAIS S/ COMPLICACOES SIS
;;;;1801017;ATENDIMENTO FISIOTERAPEUTICO EM PACIENTE C/ TRANSTORNO RESPIRATORIO C/ COMPLICACOES SISTEMICAS
;;;;1801018;ATENDIMENTO FISIOTERAPEUTICO EM PACIENTE C/ TRANSTORNO RESPIRATORIO S/ COMPLICACOES SISTEMICAS
;;;;1801035;ATENDIMENTO FISIOTERAPEUTICO EM PACIENTE COM SEQUELAS POR QUEIMADURAS (MEDIO E GRANDE QUEIMADOS)
;;;;1801030;ATENDIMENTO FISIOTERAPEUTICO EM PACIENTE COM TRANSTORNO CLINICO CARDIOVASCULAR
;;;;1801034;ATENDIMENTO FISIOTERAPEUTICO EM PACIENTE MEDIO QUEIMADO
;;;;1801033;ATENDIMENTO FISIOTERAPEUTICO EM PACIENTE NO PRE/POS-OPERATORIO DE NEUROCIRURGIA
;;;;1801031;ATENDIMENTO FISIOTERAPEUTICO EM PACIENTE PRE/POS CIRURGIA CARDIOVASCULAR
;;;;1801032;ATENDIMENTO FISIOTERAPEUTICO EM PACIENTES C/ DISTURBIOS NEURO-CINETICO-FUNCIONAIS C/COMPLICACOES SIS
;;;;1801016;ATENDIMENTO FISIOTERAPEUTICO EM PACIENTES NO PRE E POS-OPERATORIO NAS DISFUNCOES MUSCULO ESQUELETICA
;;;;1801019;ATENDIMENTO FISIOTERAPEUTICO NAS ALTERACOES MOTORAS
;;;;1801037;ATENDIMENTO FISIOTERAPÊUTICO NAS DESORDENS DO DESEN. NEURO MOTOR
;;;;1801110;ATENDIMENTO FISIOTERAPEUTICO NAS DISFUNCOES VASCULARES PERIFERICAS
;;0803000;GRUPO - PROCEDIMENTO E CIRURGIA EM GINECOLOGIA;;
;;1301000;GRUPO - RADIODIAGNOSTICO;;
;;1703204;HOLTER 24 HORAS;;
;;1703203;MONITORIZACAO AMBULATORIAL DE PRESSAO ARTERIAL;;
;POLICLINICA CARDOSO FONTES;;;;
;;0701246;CONSULTA EM PNEUMOLOGIA - PEDIATRIA;;
;;0204044;CONSULTA C/ IDENTIFICACAO DE CASOS NOVOS DE TUBERCULOSE;;
;;0701205;CONSULTA EM CARDIOLOGIA - GERAL;;
;;0701207;CONSULTA EM CIRURGIA GERAL - GERAL;;
;;0701215;CONSULTA EM GASTROENTEROLOGIA - GERAL;;
;;0816001;CONSULTA EM PEQUENA CIRURGIA;;
;;0701228;CONSULTA EM PNEUMOLOGIA - GERAL;;
;;0701067;CONSULTA EM PNEUMOLOGIA - RETORNO;;
;;0701339;CONSULTA EM PNEUMOLOGIA INFANTIL;;
;;1703101;ELETROCARDIOGRAMA;;
;;1709000;GRUPO - DIAGNOSE EM PNEUMOLOGIA;;
;;2280000;GRUPO - PATOLOGIA CLINICA (EXAMES DE LABORATORIO 2);;
;;;;2280447;BACILOSCOPIA DIRETA P/ BAAR TUBERCULOS (CONTROLE)
;;;;2280023;BACILOSCOPIA DIRETA P/ BAAR TUBERCULOSE (DIAGNOSTICA)
;;1101000;GRUPO - PATOLOGIA CLINICA (EXAMES DE LABORATORIO);;
;;1301000;GRUPO - RADIODIAGNOSTICO;;
;;;;1301096;TORAX : PA E PERFIL
;;;;1301099;TORAX:  P.A
;POLICLINICA CASTELO BRANCO;;;;
;;3372307;COLPOSCOPIA;;
;;0701240;CONSULTA EM CARDIOLOGIA - PEDIATRIA;;
;;0701438;CONSULTA EM CARDIOLOGIA - ACIMA DE 60 ANOS;;
;;0710459;CONSULTA EM CARDIOLOGIA - ACIMA DE 60 ANOS - RETORNO;;
;;0701205;CONSULTA EM CARDIOLOGIA - GERAL;;
;;0701380;CONSULTA EM CARDIOLOGIA - RETORNO;;
;;0701211;CONSULTA EM CIRURGIA VASCULAR - GERAL;;
;;0701116;CONSULTA EM CIRURGIA VASCULAR - RETORNO;;
;;0701212;CONSULTA EM DERMATOLOGIA - GERAL;;
;;0701052;CONSULTA EM DERMATOLOGIA - RETORNO;;
;;0701213;CONSULTA EM ENDOCRINOLOGIA E METABOLOGIA - GERAL;;
;;0701027;CONSULTA EM ENDOCRINOLOGIA E METABOLOGIA - RETORNO;;
;;0701022;CONSULTA EM FISIOTERAPIA;;
;;0701428;CONSULTA EM FISIOTERAPIA - ACIMA DE 60 ANOS;;
;;0710368;CONSULTA EM FISIOTERAPIA - PEDIATRIA;;
;;0701215;CONSULTA EM GASTROENTEROLOGIA - GERAL;;
;;0701055;CONSULTA EM GINECOLOGIA - RETORNO;;
;;0701252;CONSULTA EM MASTOLOGIA - GERAL;;
;;0701028;CONSULTA EM MASTOLOGIA - RETORNO;;
;;0701431;CONSULTA EM OFTALMOLOGIA - ACIMA DE 60 ANOS;;
;;0701225;CONSULTA EM OFTALMOLOGIA - GERAL;;
;;2018324;CONSULTA EM OFTALMOLOGIA - GERAL RETORNO;;
;;0037014;CONSULTA EM OFTALMOLOGIA- ACIMA DE 60 ANOS- RETORNO;;
;;0701226;CONSULTA EM ORTOPEDIA - GERAL;;
;;9270003;CONSULTA EM ORTOPEDIA - GERAL - RETORNO;;
;;0701381;CONSULTA EM OTORRINOLARINGOLOGIA;;
;;0701227;CONSULTA EM OTORRINOLARINGOLOGIA - GERAL;;
;;0709001;CONSULTA EM OTORRINOLARINGOLOGIA - PEDIATRICA;;
;;0709015;CONSULTA EM OTORRINOLARINGOLOGIA - PEDIATRICA - RETORNO;;
;;0320173;CONSULTA EM OTORRINOLARINGOLOGIA - RETORNO;;
;;0701228;CONSULTA EM PNEUMOLOGIA - GERAL;;
;;0701067;CONSULTA EM PNEUMOLOGIA - RETORNO;;
;;0701231;CONSULTA EM REUMATOLOGIA - GERAL;;
;;0701066;CONSULTA EM REUMATOLOGIA - RETORNO;;
;;0701233;CONSULTA EM UROLOGIA - GERAL;;
;;1703101;ELETROCARDIOGRAMA;;
;;1713021;ELETROCARDIOGRAMA - PEDIATRIA;;
;;1200000;GRUPO - ANATOMOPATOLOGIA E CITOPATOLOGIA;;
;;;;1200049;EXAME ANATOMOPATOLOGICO DE MAMA BIOPSIA 2
;;;;1200048;EXAME ANATOMOPATOLOGICO DE MAMA BIOPSIA1
;;;;1200013;EXAME ANATOMO-PATOLOGICO DO COLO UTERINO - BIOPSIA
;;1401000;GRUPO - EXAMES ULTRA-SONOGRAFICOS;;
;;1305000;GRUPO - MAMOGRAFIA;;
;;1707000;GRUPO - OFTALMOLOGIA;;
;;;;1707409;BIOMICROSCOPIA DE FUNDO DE OLHO
;;;;1707434;MAPEAMENTO DE RETINA COM GRAFICO - OLHO DIREITO
;;;;1707435;MAPEAMENTO DE RETINA COM GRAFICO - OLHO ESQUERDO
;;;;1707005;RETINOGRAFIA COLORIDA BINOCULAR
;;;;1707102;TONOMETRIA
;;2280000;GRUPO - PATOLOGIA CLINICA (EXAMES DE LABORATORIO 2);;
;;;;2280042;COLESTEROL ( LDL)
;;;;2280043;COLESTEROL (HDL)
;;;;2280045;COLESTEROL TOTAL
;;;;2280053;CREATININA
;;;;2280069;DOSAGEM DE POTASSIO
;;;;2280071;DOSAGEM DE SODIO
;;;;2280083;GLICEMIA DE JEJUM
;;;;2280094;HEMOGLOBINA GLICOSILADA
;;;;2280095;HEMOGRAMA COMPLETO
;;;;2280133;TGO
;;;;2280134;TGP
;;;;2280141;TRIGLICERIDEOS
;;;;2280144;UREIA
;;1101000;GRUPO - PATOLOGIA CLINICA (EXAMES DE LABORATORIO);;
;;0823000;GRUPO - PUNCAO / BIOPSIA;;
;;;;0823057;BIOPSIA DO COLO UTERINO
;;;;0823063;PUNCAO DE MAMA POR AGULHA GROSSA
;;1301000;GRUPO - RADIODIAGNOSTICO;;
;;;;1301126;ANTEBRACO DIREITO
;;;;1301127;ANTEBRACO ESQUERDO
;;;;1301114;ARTICULACAO ESCAPULO-UMERAL DIREITA
;;;;1301115;ARTICULACAO ESCAPULO-UMERAL ESQUERDO
;;;;1301017;BACIA
;;;;1301118;BRACO DIREITO
;;;;1301119;BRACO ESQUERDO
;;;;1301130;CALCANEO DIREITO
;;;;1301131;CALCANEO ESQUERDO
;;;;1301133;CLAVICULA DIREITA
;;;;1301132;CLAVICULA ESQUERDO
;;;;1301026;COLUNA CERVICAL : AP + LATERAL + T.O OU FLEXAO
;;;;1301171;COLUNA CERVICAL: AP + LATERAL + TO + OBLIQUAS (AP E PERFIL)
;;;;1301029;COLUNA DORSAL : AP + LATERAL
;;;;1301033;COLUNA LOMBO-SACRA
;;;;1301038;COSTELAS - POR HEMITORAX
;;;;1301134;COTOVELO DIREITO
;;;;1301135;COTOVELO ESQUERDO
;;;;1301138;JOELHO : AP + LATERAL DIREITO
;;;;1301139;JOELHO : AP + LATERAL ESQUERDO
;;;;1301144;MAO DIREITA ( DUAS INCIDENCIAS)
;;;;1301145;MAO ESQUERDA ( DUAS INCIDENCIAS)
;;;;1301235;OMBRO DIREITO (AP VERDADEIRO, PERFIL DE ESCAPULAR E AXILAR)
;;;;1301236;OMBRO ESQUERDO (AP VERDADEIRO, PERFIL DE ESCAPULAR E AXILAR)
;;;;1301152;PE OU PODODACTILOS DIREITO
;;;;1301153;PE OU PODODACTILOS ESQUERDO
;;;;1301150;PERNA DIREITA
;;;;1301151;PERNA ESQUERDA
;;;;1301154;PUNHO DIREITO: AP + LATERAL + OBLIQUOS
;;;;1301155;PUNHO ESQUERDO: AP + LATERAL + OBLIQUOS
;;;;1301096;TORAX : PA E PERFIL
;;2033010;OCI AVALIAÇÃO CARDIOLÓGICA;;
;;2033025;OCI AVALIAÇÃO DE RETINOPATIA DIABÉTICA;;
;;2033009;OCI AVALIAÇÃO DE RISCO CIRÚRGICO;;
;;2033015;OCI AVALIAÇÃO DIAGNÓSTICA EM ORTOPEDIA COM RECURSOS DE RADIOLOGIA;;
;;2033011;OCI AVALIAÇÃO DIAGNÓSTICA INICIAL - SÍNDROME CORANIANA CRÔNICA;;
;;2033001;OCI AVALIACAO DIAGNOSTICA INICIAL DE CANCER DE MAMA;;
;;2033005;OCI INVESTIGAÇÃO DIAGNÓSTICA DE CÂNCER DE COLO DO ÚTERO;;
;;2033030;OCI PROGRESSÃO DA AVALIAÇÃO DIAGNÓSTICA DE CÂNCER DE MAMA-II;;
;;1703007;RETINOGRAFIA COLORIDA BINOCULAR;;
;POLICLINICA CODAJAS;;;;
;;3372307;COLPOSCOPIA;;
;;0701246;CONSULTA EM PNEUMOLOGIA - PEDIATRIA;;
;;0701296;CONSULTA EM ALERGIA E IMUNOLOGIA - PEDIATRICA;;
;;0701203;CONSULTA EM ANGIOLOGIA - GERAL;;
;;0701438;CONSULTA EM CARDIOLOGIA - ACIMA DE 60 ANOS;;
;;0710459;CONSULTA EM CARDIOLOGIA - ACIMA DE 60 ANOS - RETORNO;;
;;0701205;CONSULTA EM CARDIOLOGIA - GERAL;;
;;0701380;CONSULTA EM CARDIOLOGIA - RETORNO;;
;;0701230;CONSULTA EM CARDIOLOGIA - RISCO CIRURGICO;;
;;0701212;CONSULTA EM DERMATOLOGIA - GERAL;;
;;0701052;CONSULTA EM DERMATOLOGIA - RETORNO;;
;;0701236;CONSULTA EM ENDOCRINOLOGIA - PEDIATRIA;;
;;0701022;CONSULTA EM FISIOTERAPIA;;
;;0701428;CONSULTA EM FISIOTERAPIA - ACIMA DE 60 ANOS;;
;;0710368;CONSULTA EM FISIOTERAPIA - PEDIATRIA;;
;;0701243;CONSULTA EM FONOAUDIOLOGIA - INFANTIL;;
;;0701430;CONSULTA EM GASTROENTEROLOGIA - ACIMA DE 60 ANOS;;
;;0701215;CONSULTA EM GASTROENTEROLOGIA - GERAL;;
;;0701216;CONSULTA EM GASTROENTEROLOGIA - PEDIATRIA;;
;;0701090;CONSULTA EM GASTROENTEROLOGIA - PEDIATRIA - RETORNO;;
;;0701054;CONSULTA EM GASTROENTEROLOGIA - RETORNO;;
;;0724029;CONSULTA EM GASTROENTEROLOGIA > 60 ANOS- RETORNO;;
;;0009004;CONSULTA EM GINECOLOGIA - PRE NATAL ALTO RISCO;;
;;0723049;CONSULTA EM INFECTOLOGIA ­ - PEDIATRIA;;
;;0701062;CONSULTA EM INFECTOLOGIA PEDIATRIA - RETORNO;;
;;0701222;CONSULTA EM NEFROLOGIA - GERAL;;
;;0701046;CONSULTA EM NEFROLOGIA - RETORNO;;
;;0701224;CONSULTA EM NEUROLOGIA - GERAL;;
;;0701300;CONSULTA EM NEUROLOGIA - PEDIATRIA;;
;;0701030;CONSULTA EM NEUROLOGIA - RETORNO;;
;;0701244;CONSULTA EM NUTRICAO;;
;;0701365;CONSULTA EM NUTRICAO - RETORNO;;
;;0701225;CONSULTA EM OFTALMOLOGIA - GERAL;;
;;0701226;CONSULTA EM ORTOPEDIA - GERAL;;
;;9270003;CONSULTA EM ORTOPEDIA - GERAL - RETORNO;;
;;0703634;CONSULTA EM ORTOPEDIA - POS OPERATORIO;;
;;0710457;CONSULTA EM ORTOPEDIA - POS OPERATORIO - RETORNO;;
;;0701368;CONSULTA EM ORTOPEDIA - PROEME;;
;;0701227;CONSULTA EM OTORRINOLARINGOLOGIA - GERAL;;
;;0320173;CONSULTA EM OTORRINOLARINGOLOGIA - RETORNO;;
;;0703779;CONSULTA EM OTORRINOLARINGOLOGIA - TFD;;
;;0701228;CONSULTA EM PNEUMOLOGIA - GERAL;;
;;0701678;CONSULTA EM PNEUMOLOGIA - PEDIATRIA - RETORNO;;
;;0701067;CONSULTA EM PNEUMOLOGIA - RETORNO;;
;;0040001;CONSULTA EM PRE-NATAL DE ALTO RISCO;;
;;0040002;CONSULTA EM PRE-NATAL DE ALTO RISCO - RETORNO;;
;;0710001;CONSULTA EM PSICOLOGIA;;
;;0710402;CONSULTA EM PSICOLOGIA - PEDIATRICA;;
;;0701260;CONSULTA EM PSIQUIATRIA - GERAL;;
;;0701064;CONSULTA EM PSIQUIATRIA - RETORNO;;
;;0701231;CONSULTA EM REUMATOLOGIA - GERAL;;
;;0701421;CONSULTA EM REUMATOLOGIA - PEDIATRICA;;
;;0733009;CONSULTA EM REUMATOLOGIA - PEDIATRICA - RETORNO;;
;;0701066;CONSULTA EM REUMATOLOGIA - RETORNO;;
;;1407014;ECOCARDIOGRAFIA BI-DIMENSIONAL COM OU SEM DOPPLER;;
;;1703101;ELETROCARDIOGRAMA;;
;;1714781;ELETROENCEFALOGRAFIA;;
;;9000012;ESPINOGRAFIA;;
;;1711103;GASTRO-DUODENOSCOPIA (ENDOSCOPIA DIGESTIVA);;
;;1700000;GRUPO - DIAGNOSE;;
;;9500000;GRUPO - PROCEDIMENTOS TRAUMATO-ORTOPEDICOS;;
;;1706000;GRUPO - DIAGNOSE EM NEUROLOGIA;;
;;1708000;GRUPO - DIAGNOSE EM OTORRINOLARINGOLOGIA;;
;;1709000;GRUPO - DIAGNOSE EM PNEUMOLOGIA;;
;;;;1709002;PROVA DE FUNCAO PULMONAR SIMPLES
;;;;1709204;PROVA VENTILATORIA COMPLETA
;;1401000;GRUPO - EXAMES ULTRA-SONOGRAFICOS;;
;;1801000;GRUPO - FISIOTERAPIA (POR SESSAO);;
;;;;1801069;ATENDIMENTO EM ALTERACOES MOTORAS EM PEDIATRIA
;;;;1801021;ATENDIMENTO FISIOTERAPÊUTICO EM PAC.C/DISTÚRBIOS NEURO-CINÉTICO-FUNCIONAIS S/COMPLICAÇÕES SISTÊMICAS
;;;;1801022;ATENDIMENTO FISIOTERAPEUTICO EM PACIENTE C/ COMPROMETIMENTO COGNITIVO
;;;;1801020;ATENDIMENTO FISIOTERAPEUTICO EM PACIENTE C/ DISTURBIOS NEURO-CINETICO-FUNCIONAIS S/ COMPLICACOES SIS
;;;;1801017;ATENDIMENTO FISIOTERAPEUTICO EM PACIENTE C/ TRANSTORNO RESPIRATORIO C/ COMPLICACOES SISTEMICAS
;;;;1801018;ATENDIMENTO FISIOTERAPEUTICO EM PACIENTE C/ TRANSTORNO RESPIRATORIO S/ COMPLICACOES SISTEMICAS
;;;;1801033;ATENDIMENTO FISIOTERAPEUTICO EM PACIENTE NO PRE/POS-OPERATORIO DE NEUROCIRURGIA
;;;;1801032;ATENDIMENTO FISIOTERAPEUTICO EM PACIENTES C/ DISTURBIOS NEURO-CINETICO-FUNCIONAIS C/COMPLICACOES SIS
;;;;1801016;ATENDIMENTO FISIOTERAPEUTICO EM PACIENTES NO PRE E POS-OPERATORIO NAS DISFUNCOES MUSCULO ESQUELETICA
;;;;1801019;ATENDIMENTO FISIOTERAPEUTICO NAS ALTERACOES MOTORAS
;;0803000;GRUPO - PROCEDIMENTO E CIRURGIA EM GINECOLOGIA;;
;;1301000;GRUPO - RADIODIAGNOSTICO;;
;;;;1301003;ABDOMEN  SIMPLES : AP
;;;;1301002;ABDOMEN AGUDO (MINIMO DE 3 INCIDENCIAS)
;;;;1301126;ANTEBRACO DIREITO
;;;;1301127;ANTEBRACO ESQUERDO
;;;;1301128;ARTICULACAO COXO-FEMORAL DIREITO
;;;;1301129;ARTICULACAO COXO-FEMORAL ESQUERDO
;;;;1301014;ARTICULACAO TEMPORO MANDIBULAR BILATERAL
;;;;1301116;ARTICULACAO TIBIO-TARSICA DIREITA
;;;;1301117;ARTICULACAO TIBIO-TARSICA ESQUERDA
;;;;1301017;BACIA
;;;;1301118;BRACO DIREITO
;;;;1301119;BRACO ESQUERDO
;;;;1301130;CALCANEO DIREITO
;;;;1301131;CALCANEO ESQUERDO
;;;;1301171;COLUNA CERVICAL: AP + LATERAL + TO + OBLIQUAS (AP E PERFIL)
;;;;1301028;COLUNA CERVICAL: FUNCIONAL OU DINAMICA
;;;;1301029;COLUNA DORSAL : AP + LATERAL
;;;;1301034;COLUNA LOMBO SACRA COM OBLIQUAS
;;;;1301032;COLUNA LOMBO SACRA FUNCIONAL OU DINAMICA
;;;;1301033;COLUNA LOMBO-SACRA
;;;;1301134;COTOVELO DIREITO
;;;;1301135;COTOVELO ESQUERDO
;;;;1301136;COXA DIREITA
;;;;1301137;COXA ESQUERDA
;;;;1301043;CRANIO - PA + LAT. + OBLI. OU BRETTON + HIRTZ
;;;;1301138;JOELHO : AP + LATERAL DIREITO
;;;;1301139;JOELHO : AP + LATERAL ESQUERDO
;;;;1301142;JOELHO OU ROTULA - AP + LAT. + AXIAL DIREITO
;;;;1301143;JOELHO OU ROTULA - AP + LAT. + AXIAL ESQUERDO
;;;;1301140;JOELHO OU ROTULA - AP + LAT.- OBLIQUAS + 3 AXIAIS - DIREITO
;;;;1301141;JOELHO OU ROTULA - AP + LAT.- OBLIQUAS + 3 AXIAIS - ESQUERDO
;;;;1301144;MAO DIREITA ( DUAS INCIDENCIAS)
;;;;1301145;MAO ESQUERDA ( DUAS INCIDENCIAS)
;;;;1301065;MAOS E PUNHOS PARA IDADE OSSEA
;;;;1301067;MAXILAR INFERIOR : PA + OBLIQUAS
;;;;1301235;OMBRO DIREITO (AP VERDADEIRO, PERFIL DE ESCAPULAR E AXILAR)
;;;;1301236;OMBRO ESQUERDO (AP VERDADEIRO, PERFIL DE ESCAPULAR E AXILAR)
;;;;1301071;OSSOS DA FACE - M.N. + LATERAL + HIRTZ
;;;;1301152;PE OU PODODACTILOS DIREITO
;;;;1301153;PE OU PODODACTILOS ESQUERDO
;;;;1301150;PERNA DIREITA
;;;;1301151;PERNA ESQUERDA
;;;;1301154;PUNHO DIREITO: AP + LATERAL + OBLIQUOS
;;;;1301155;PUNHO ESQUERDO: AP + LATERAL + OBLIQUOS
;;;;1301194;QUIRODACTILOS (DIREITO)
;;;;1301193;QUIRODACTILOS (ESQUERDO)
;;;;1301020;RADIOGRAFIA DE CAVUM (LATERAL + HIRTZ)
;;;;1301182;SACRO-COCCIX (AP E PERFIL)
;;;;1301092;SELA TURSICA : PA + LATERAL + BRETTON
;;;;1301100;TORAX : APICO - LORDORTICA
;;;;1301096;TORAX : PA E PERFIL
;;;;1301098;TORAX PA + LAT. + OBLIQUA
;;;;1301099;TORAX:  P.A
;;1703204;HOLTER 24 HORAS;;
;;1703203;MONITORIZACAO AMBULATORIAL DE PRESSAO ARTERIAL;;
;;2033015;OCI AVALIAÇÃO DIAGNÓSTICA EM ORTOPEDIA COM RECURSOS DE RADIOLOGIA;;
;;0739131;TELECONSULTA EM ALERGIA E IMUNOLOGIA GERAL;;
;;0739135;TELECONSULTA EM CARDIOLOGIA GERAL;;
;;0739136;TELECONSULTA EM CARDIOLOGIA GERAL - RETORNO;;
;;0739148;TELECONSULTA EM DERMATOLOGIA GERAL;;
;;0739140;TELECONSULTA EM ENDOCRINOLOGIA E METABOLOGIA GERAL;;
;;0739152;TELECONSULTA EM GASTROENTEROLOGIA GERAL;;
;;0739144;TELECONSULTA EM NEUROLOGIA GERAL;;
;;0739220;TELECONSULTA EM NUTRICAO GERAL;;
;;0739182;TELECONSULTA EM ORTOPEDIA GERAL;;
;;0739224;TELECONSULTA EM PSICOLOGIA GERAL;;
;;0739226;TELECONSULTA EM PSICOLOGIA PEDIATRICA;;
;;0739212;TELECONSULTA EM UROLOGIA GERAL;;
;;0739213;TELECONSULTA EM UROLOGIA GERAL - RETORNO;;
;;1703205;TESTE DE ESFORCO OU TESTE ERGOMETRICO 2;;
;POLICLINICA DA POLICIA MILITAR TENENTE WEBER;;;;
;;0701438;CONSULTA EM CARDIOLOGIA - ACIMA DE 60 ANOS;;
;;0710459;CONSULTA EM CARDIOLOGIA - ACIMA DE 60 ANOS - RETORNO;;
;;0701205;CONSULTA EM CARDIOLOGIA - GERAL;;
;;0701380;CONSULTA EM CARDIOLOGIA - RETORNO;;
;;0701230;CONSULTA EM CARDIOLOGIA - RISCO CIRURGICO;;
;;0701207;CONSULTA EM CIRURGIA GERAL - GERAL;;
;;0701212;CONSULTA EM DERMATOLOGIA - GERAL;;
;;0701022;CONSULTA EM FISIOTERAPIA;;
;;0701224;CONSULTA EM NEUROLOGIA - GERAL;;
;;0701030;CONSULTA EM NEUROLOGIA - RETORNO;;
;;0816001;CONSULTA EM PEQUENA CIRURGIA;;
;;0800553;CONSULTA EM PEQUENA CIRURGIA - RETORNO;;
;;1703101;ELETROCARDIOGRAMA;;
;;1706000;GRUPO - DIAGNOSE EM NEUROLOGIA;;
;;;;1706001;ELETROENCEFALOGRAFIA EM VIGILIA C  OU S FOTO ESTIMULO
;;2280000;GRUPO - PATOLOGIA CLINICA (EXAMES DE LABORATORIO 2);;
;;1101000;GRUPO - PATOLOGIA CLINICA (EXAMES DE LABORATORIO);;
;;0817000;GRUPO - PROCEDIMENTOS AMBULATORIAIS EM DERMATOLOGIA;;
;;1703205;TESTE DE ESFORCO OU TESTE ERGOMETRICO 2;;
;POLICLINICA DR ANTONIO COMTE TELLES;;;;
;;3372307;COLPOSCOPIA;;
;;0701438;CONSULTA EM CARDIOLOGIA - ACIMA DE 60 ANOS;;
;;0710459;CONSULTA EM CARDIOLOGIA - ACIMA DE 60 ANOS - RETORNO;;
;;0701205;CONSULTA EM CARDIOLOGIA - GERAL;;
;;0701380;CONSULTA EM CARDIOLOGIA - RETORNO;;
;;0701211;CONSULTA EM CIRURGIA VASCULAR - GERAL;;
;;0701116;CONSULTA EM CIRURGIA VASCULAR - RETORNO;;
;;0701212;CONSULTA EM DERMATOLOGIA - GERAL;;
;;0701052;CONSULTA EM DERMATOLOGIA - RETORNO;;
;;0701213;CONSULTA EM ENDOCRINOLOGIA E METABOLOGIA - GERAL;;
;;0701027;CONSULTA EM ENDOCRINOLOGIA E METABOLOGIA - RETORNO;;
;;0701214;CONSULTA EM FISIATRIA - GERAL;;
;;0701022;CONSULTA EM FISIOTERAPIA;;
;;0701428;CONSULTA EM FISIOTERAPIA - ACIMA DE 60 ANOS;;
;;0710368;CONSULTA EM FISIOTERAPIA - PEDIATRIA;;
;;0701430;CONSULTA EM GASTROENTEROLOGIA - ACIMA DE 60 ANOS;;
;;0701215;CONSULTA EM GASTROENTEROLOGIA - GERAL;;
;;0701054;CONSULTA EM GASTROENTEROLOGIA - RETORNO;;
;;0701261;CONSULTA EM GERIATRIA - GERAL;;
;;0320095;CONSULTA EM GERIATRIA - RETORNO;;
;;0701055;CONSULTA EM GINECOLOGIA - RETORNO;;
;;0701059;CONSULTA EM HEMATOLOGIA - RETORNO;;
;;0701674;CONSULTA EM HEMATOLOGIA - TRIAGEM;;
;;0701220;CONSULTA EM INFECTOLOGIA - GERAL;;
;;0701252;CONSULTA EM MASTOLOGIA - GERAL;;
;;0701028;CONSULTA EM MASTOLOGIA - RETORNO;;
;;0701222;CONSULTA EM NEFROLOGIA - GERAL;;
;;0701046;CONSULTA EM NEFROLOGIA - RETORNO;;
;;0701224;CONSULTA EM NEUROLOGIA - GERAL;;
;;0701300;CONSULTA EM NEUROLOGIA - PEDIATRIA;;
;;0701030;CONSULTA EM NEUROLOGIA - RETORNO;;
;;0701029;CONSULTA EM NEUROLOGIA PEDIATRIA - RETORNO;;
;;0701244;CONSULTA EM NUTRICAO;;
;;0037006;CONSULTA EM NUTROLOGIA;;
;;0710938;CONSULTA EM NUTROLOGIA-RETORNO;;
;;0701225;CONSULTA EM OFTALMOLOGIA - GERAL;;
;;0701226;CONSULTA EM ORTOPEDIA - GERAL;;
;;9270003;CONSULTA EM ORTOPEDIA - GERAL - RETORNO;;
;;0701381;CONSULTA EM OTORRINOLARINGOLOGIA;;
;;0701227;CONSULTA EM OTORRINOLARINGOLOGIA - GERAL;;
;;0709001;CONSULTA EM OTORRINOLARINGOLOGIA - PEDIATRICA;;
;;0709015;CONSULTA EM OTORRINOLARINGOLOGIA - PEDIATRICA - RETORNO;;
;;0320173;CONSULTA EM OTORRINOLARINGOLOGIA - RETORNO;;
;;0701228;CONSULTA EM PNEUMOLOGIA - GERAL;;
;;0710001;CONSULTA EM PSICOLOGIA;;
;;1703101;ELETROCARDIOGRAMA;;
;;1713021;ELETROCARDIOGRAMA - PEDIATRIA;;
;;1200000;GRUPO - ANATOMOPATOLOGIA E CITOPATOLOGIA;;
;;;;1200013;EXAME ANATOMO-PATOLOGICO DO COLO UTERINO - BIOPSIA
;;1104000;GRUPO - EXAMES SOROLOGICOS E IMUNOLOGICOS;;
;;1401000;GRUPO - EXAMES ULTRA-SONOGRAFICOS;;
;;1305000;GRUPO - MAMOGRAFIA;;
;;;;1305001;MAMOGRAFIA BILATERAL PARA RASTREAMENTO (ROTINA)
;;;;1305002;MAMOGRAFIA UNILATERAL MAMA D (DIAGNOSTICO)
;;;;1305003;MAMOGRAFIA UNILATERAL MAMA E (DIAGNOSTICO)
;;1101000;GRUPO - PATOLOGIA CLINICA (EXAMES DE LABORATORIO);;
;;0823000;GRUPO - PUNCAO / BIOPSIA;;
;;;;0823057;BIOPSIA DO COLO UTERINO
;;1301000;GRUPO - RADIODIAGNOSTICO;;
;;2033010;OCI AVALIAÇÃO CARDIOLÓGICA;;
;;2033009;OCI AVALIAÇÃO DE RISCO CIRÚRGICO;;
;;2033015;OCI AVALIAÇÃO DIAGNÓSTICA EM ORTOPEDIA COM RECURSOS DE RADIOLOGIA;;
;;2033016;OCI AVALIAÇÃO DIAGNÓSTICA EM ORTOPEDIA COM RECURSOS DE RADIOLOGIA E ULTRASSONOGRAFIA;;
;;2033011;OCI AVALIAÇÃO DIAGNÓSTICA INICIAL - SÍNDROME CORANIANA CRÔNICA;;
;;2033005;OCI INVESTIGAÇÃO DIAGNÓSTICA DE CÂNCER DE COLO DO ÚTERO;;
;POLICLINICA DR DJALMA BATISTA;;;;
;;0701240;CONSULTA EM CARDIOLOGIA - PEDIATRIA;;
;;0701438;CONSULTA EM CARDIOLOGIA - ACIMA DE 60 ANOS;;
;;0710459;CONSULTA EM CARDIOLOGIA - ACIMA DE 60 ANOS - RETORNO;;
;;0701205;CONSULTA EM CARDIOLOGIA - GERAL;;
;;0320053;CONSULTA EM CARDIOLOGIA - PEDIATRIA - RETORNO;;
;;0701380;CONSULTA EM CARDIOLOGIA - RETORNO;;
;;0701207;CONSULTA EM CIRURGIA GERAL - GERAL;;
;;0701382;CONSULTA EM CIRURGIA GERAL - RETORNO;;
;;0701211;CONSULTA EM CIRURGIA VASCULAR - GERAL;;
;;0701116;CONSULTA EM CIRURGIA VASCULAR - RETORNO;;
;;0701212;CONSULTA EM DERMATOLOGIA - GERAL;;
;;0701052;CONSULTA EM DERMATOLOGIA - RETORNO;;
;;0701213;CONSULTA EM ENDOCRINOLOGIA E METABOLOGIA - GERAL;;
;;0701027;CONSULTA EM ENDOCRINOLOGIA E METABOLOGIA - RETORNO;;
;;0701059;CONSULTA EM HEMATOLOGIA - RETORNO;;
;;0701674;CONSULTA EM HEMATOLOGIA - TRIAGEM;;
;;0701252;CONSULTA EM MASTOLOGIA - GERAL;;
;;0701028;CONSULTA EM MASTOLOGIA - RETORNO;;
;;0701224;CONSULTA EM NEUROLOGIA - GERAL;;
;;0701300;CONSULTA EM NEUROLOGIA - PEDIATRIA;;
;;0701030;CONSULTA EM NEUROLOGIA - RETORNO;;
;;0701029;CONSULTA EM NEUROLOGIA PEDIATRIA - RETORNO;;
;;0701226;CONSULTA EM ORTOPEDIA - GERAL;;
;;9270003;CONSULTA EM ORTOPEDIA - GERAL - RETORNO;;
;;0701227;CONSULTA EM OTORRINOLARINGOLOGIA - GERAL;;
;;0709001;CONSULTA EM OTORRINOLARINGOLOGIA - PEDIATRICA;;
;;0709015;CONSULTA EM OTORRINOLARINGOLOGIA - PEDIATRICA - RETORNO;;
;;0320173;CONSULTA EM OTORRINOLARINGOLOGIA - RETORNO;;
;;0701228;CONSULTA EM PNEUMOLOGIA - GERAL;;
;;0701067;CONSULTA EM PNEUMOLOGIA - RETORNO;;
;;0710001;CONSULTA EM PSICOLOGIA;;
;;0701231;CONSULTA EM REUMATOLOGIA - GERAL;;
;;1703101;ELETROCARDIOGRAMA;;
;;1713021;ELETROCARDIOGRAMA - PEDIATRIA;;
;;1401000;GRUPO - EXAMES ULTRA-SONOGRAFICOS;;
;;1305000;GRUPO - MAMOGRAFIA;;
;;;;1305001;MAMOGRAFIA BILATERAL PARA RASTREAMENTO (ROTINA)
;;;;1305002;MAMOGRAFIA UNILATERAL MAMA D (DIAGNOSTICO)
;;;;1305003;MAMOGRAFIA UNILATERAL MAMA E (DIAGNOSTICO)
;;0823000;GRUPO - PUNCAO / BIOPSIA;;
;;;;0823063;PUNCAO DE MAMA POR AGULHA GROSSA
;;2033010;OCI AVALIAÇÃO CARDIOLÓGICA;;
;POLICLINICA DR JOSE ANTONIO DA SILVA;;;;
;;0701245;CONSULTA EM ORTOPEDIA - PEDIATRIA;;
;;0701438;CONSULTA EM CARDIOLOGIA - ACIMA DE 60 ANOS;;
;;0710459;CONSULTA EM CARDIOLOGIA - ACIMA DE 60 ANOS - RETORNO;;
;;0701205;CONSULTA EM CARDIOLOGIA - GERAL;;
;;0701380;CONSULTA EM CARDIOLOGIA - RETORNO;;
;;0701206;CONSULTA EM CIRURGIA DE CABECA E PESCOCO - GERAL;;
;;0701559;CONSULTA EM CIRURGIA DE CABECA E PESCOCO - RETORNO;;
;;0701207;CONSULTA EM CIRURGIA GERAL - GERAL;;
;;0701382;CONSULTA EM CIRURGIA GERAL - RETORNO;;
;;0701212;CONSULTA EM DERMATOLOGIA - GERAL;;
;;0701052;CONSULTA EM DERMATOLOGIA - RETORNO;;
;;0701022;CONSULTA EM FISIOTERAPIA;;
;;0701428;CONSULTA EM FISIOTERAPIA - ACIMA DE 60 ANOS;;
;;0710368;CONSULTA EM FISIOTERAPIA - PEDIATRIA;;
;;0701430;CONSULTA EM GASTROENTEROLOGIA - ACIMA DE 60 ANOS;;
;;0701215;CONSULTA EM GASTROENTEROLOGIA - GERAL;;
;;0701054;CONSULTA EM GASTROENTEROLOGIA - RETORNO;;
;;0724029;CONSULTA EM GASTROENTEROLOGIA > 60 ANOS- RETORNO;;
;;0701220;CONSULTA EM INFECTOLOGIA - GERAL;;
;;0701224;CONSULTA EM NEUROLOGIA - GERAL;;
;;0701225;CONSULTA EM OFTALMOLOGIA - GERAL;;
;;2018324;CONSULTA EM OFTALMOLOGIA - GERAL RETORNO;;
;;0701226;CONSULTA EM ORTOPEDIA - GERAL;;
;;9270003;CONSULTA EM ORTOPEDIA - GERAL - RETORNO;;
;;0320164;CONSULTA EM ORTOPEDIA - PEDIATRIA - RETORNO;;
;;0701227;CONSULTA EM OTORRINOLARINGOLOGIA - GERAL;;
;;0709001;CONSULTA EM OTORRINOLARINGOLOGIA - PEDIATRICA;;
;;0709015;CONSULTA EM OTORRINOLARINGOLOGIA - PEDIATRICA - RETORNO;;
;;0320173;CONSULTA EM OTORRINOLARINGOLOGIA - RETORNO;;
;;0701231;CONSULTA EM REUMATOLOGIA - GERAL;;
;;0701233;CONSULTA EM UROLOGIA - GERAL;;
;;0701039;CONSULTA EM UROLOGIA - RETORNO;;
;;1703101;ELETROCARDIOGRAMA;;
;;1713021;ELETROCARDIOGRAMA - PEDIATRIA;;
;;1401000;GRUPO - EXAMES ULTRA-SONOGRAFICOS;;
;;;;1401516;ULTRA-SONOGRAFIA  DE ARTICULACAO JOELHO DIREITO
;;;;1401517;ULTRA-SONOGRAFIA  DE ARTICULACAO JOELHO ESQUERDO
;;;;1401511;ULTRA-SONOGRAFIA  DE ARTICULACAO MAO DIREITA
;;;;1401512;ULTRA-SONOGRAFIA  DE ARTICULACAO MAO ESQUERDA
;;;;1401409;ULTRA-SONOGRAFIA  DE ARTICULACAO OMBRO DIREITO
;;;;1401500;ULTRA-SONOGRAFIA  DE ARTICULACAO OMBRO ESQUERDO
;;;;1401522;ULTRA-SONOGRAFIA  DE ARTICULACAO PE DIREITO
;;;;1401523;ULTRA-SONOGRAFIA  DE ARTICULACAO PE ESQUERDO
;;;;1401509;ULTRA-SONOGRAFIA  DE ARTICULACAO PUNHO DIREITO
;;;;1401510;ULTRA-SONOGRAFIA  DE ARTICULACAO PUNHO ESQUERDO
;;;;1401526;ULTRA-SONOGRAFIA  DE ARTICULACAO QUADRIL
;;1305000;GRUPO - MAMOGRAFIA;;
;;1301000;GRUPO - RADIODIAGNOSTICO;;
;;;;1301126;ANTEBRACO DIREITO
;;;;1301127;ANTEBRACO ESQUERDO
;;;;1301128;ARTICULACAO COXO-FEMORAL DIREITO
;;;;1301129;ARTICULACAO COXO-FEMORAL ESQUERDO
;;;;1301114;ARTICULACAO ESCAPULO-UMERAL DIREITA
;;;;1301115;ARTICULACAO ESCAPULO-UMERAL ESQUERDO
;;;;1301013;ARTICULACAO SACRO ILIACA
;;;;1301017;BACIA
;;;;1301118;BRACO DIREITO
;;;;1301119;BRACO ESQUERDO
;;;;1301130;CALCANEO DIREITO
;;;;1301131;CALCANEO ESQUERDO
;;;;1301133;CLAVICULA DIREITA
;;;;1301132;CLAVICULA ESQUERDO
;;;;1301026;COLUNA CERVICAL : AP + LATERAL + T.O OU FLEXAO
;;;;1301171;COLUNA CERVICAL: AP + LATERAL + TO + OBLIQUAS (AP E PERFIL)
;;;;1301028;COLUNA CERVICAL: FUNCIONAL OU DINAMICA
;;;;1301029;COLUNA DORSAL : AP + LATERAL
;;;;1301030;COLUNA DORSO - LOMBAR PARA ESCOLIOSE
;;;;1301034;COLUNA LOMBO SACRA COM OBLIQUAS
;;;;1301032;COLUNA LOMBO SACRA FUNCIONAL OU DINAMICA
;;;;1301033;COLUNA LOMBO-SACRA
;;;;1301134;COTOVELO DIREITO
;;;;1301135;COTOVELO ESQUERDO
;;;;1301136;COXA DIREITA
;;;;1301137;COXA ESQUERDA
;;;;1301138;JOELHO : AP + LATERAL DIREITO
;;;;1301139;JOELHO : AP + LATERAL ESQUERDO
;;;;1301142;JOELHO OU ROTULA - AP + LAT. + AXIAL DIREITO
;;;;1301143;JOELHO OU ROTULA - AP + LAT. + AXIAL ESQUERDO
;;;;1301140;JOELHO OU ROTULA - AP + LAT.- OBLIQUAS + 3 AXIAIS - DIREITO
;;;;1301141;JOELHO OU ROTULA - AP + LAT.- OBLIQUAS + 3 AXIAIS - ESQUERDO
;;;;1301144;MAO DIREITA ( DUAS INCIDENCIAS)
;;;;1301145;MAO ESQUERDA ( DUAS INCIDENCIAS)
;;;;1301235;OMBRO DIREITO (AP VERDADEIRO, PERFIL DE ESCAPULAR E AXILAR)
;;;;1301236;OMBRO ESQUERDO (AP VERDADEIRO, PERFIL DE ESCAPULAR E AXILAR)
;;;;1301152;PE OU PODODACTILOS DIREITO
;;;;1301153;PE OU PODODACTILOS ESQUERDO
;;;;1301150;PERNA DIREITA
;;;;1301151;PERNA ESQUERDA
;;;;1301154;PUNHO DIREITO: AP + LATERAL + OBLIQUOS
;;;;1301155;PUNHO ESQUERDO: AP + LATERAL + OBLIQUOS
;;;;1301194;QUIRODACTILOS (DIREITO)
;;;;1301193;QUIRODACTILOS (ESQUERDO)
;;;;1301182;SACRO-COCCIX (AP E PERFIL)
;;;;1301097;TORAX  PA + INSPIRACAO + EXPIRACAO + LATERAL
;;;;1301100;TORAX : APICO - LORDORTICA
;;;;1301096;TORAX : PA E PERFIL
;;;;1301098;TORAX PA + LAT. + OBLIQUA
;;;;1301099;TORAX:  P.A
;;2033010;OCI AVALIAÇÃO CARDIOLÓGICA;;
;;2033009;OCI AVALIAÇÃO DE RISCO CIRÚRGICO;;
;;2033015;OCI AVALIAÇÃO DIAGNÓSTICA EM ORTOPEDIA COM RECURSOS DE RADIOLOGIA;;
;;2033016;OCI AVALIAÇÃO DIAGNÓSTICA EM ORTOPEDIA COM RECURSOS DE RADIOLOGIA E ULTRASSONOGRAFIA;;
;;2033011;OCI AVALIAÇÃO DIAGNÓSTICA INICIAL - SÍNDROME CORANIANA CRÔNICA;;
;POLICLINICA GERONTOLOGICA DARLINDA ESTEVES RIBEIRO;;;;
;;0701022;CONSULTA EM FISIOTERAPIA;;
;;0701428;CONSULTA EM FISIOTERAPIA - ACIMA DE 60 ANOS;;
;;0701431;CONSULTA EM OFTALMOLOGIA - ACIMA DE 60 ANOS;;
;;0037014;CONSULTA EM OFTALMOLOGIA- ACIMA DE 60 ANOS- RETORNO;;
;;1801000;GRUPO - FISIOTERAPIA (POR SESSAO);;
;POLICLINICA GOVERNADOR GILBERTO MESTRINHO;;;;
;;0701242;CONSULTA EM NEFROLOGIA - PEDIATRIA;;
;;0701202;CONSULTA EM ALERGIA E IMUNOLOGIA - GERAL;;
;;0701438;CONSULTA EM CARDIOLOGIA - ACIMA DE 60 ANOS;;
;;0710459;CONSULTA EM CARDIOLOGIA - ACIMA DE 60 ANOS - RETORNO;;
;;0701205;CONSULTA EM CARDIOLOGIA - GERAL;;
;;0701380;CONSULTA EM CARDIOLOGIA - RETORNO;;
;;0701230;CONSULTA EM CARDIOLOGIA - RISCO CIRURGICO;;
;;0701206;CONSULTA EM CIRURGIA DE CABECA E PESCOCO - GERAL;;
;;0701559;CONSULTA EM CIRURGIA DE CABECA E PESCOCO - RETORNO;;
;;0701207;CONSULTA EM CIRURGIA GERAL - GERAL;;
;;0701382;CONSULTA EM CIRURGIA GERAL - RETORNO;;
;;0703593;CONSULTA EM CIRURGIA PLASTICA - FISSURA LABIO PALATAL - GERAL;;
;;2018082;CONSULTA EM CIRURGIA PLASTICA - FISSURA LABIO PALATAL - RETORNO;;
;;2300104;CONSULTA EM CLINICA MEDICA;;
;;0703756;CONSULTA EM CLINICA MEDICA - DIABETES;;
;;0701212;CONSULTA EM DERMATOLOGIA - GERAL;;
;;0701052;CONSULTA EM DERMATOLOGIA - RETORNO;;
;;0701213;CONSULTA EM ENDOCRINOLOGIA E METABOLOGIA - GERAL;;
;;0701027;CONSULTA EM ENDOCRINOLOGIA E METABOLOGIA - RETORNO;;
;;0701022;CONSULTA EM FISIOTERAPIA;;
;;0701215;CONSULTA EM GASTROENTEROLOGIA - GERAL;;
;;0701216;CONSULTA EM GASTROENTEROLOGIA - PEDIATRIA;;
;;0703772;CONSULTA EM GASTROENTEROLOGIA - TFD;;
;;0723049;CONSULTA EM INFECTOLOGIA ­ - PEDIATRIA;;
;;0701220;CONSULTA EM INFECTOLOGIA - GERAL;;
;;0701024;CONSULTA EM INFECTOLOGIA - RETORNO;;
;;0701062;CONSULTA EM INFECTOLOGIA PEDIATRIA - RETORNO;;
;;0701252;CONSULTA EM MASTOLOGIA - GERAL;;
;;0701222;CONSULTA EM NEFROLOGIA - GERAL;;
;;0701046;CONSULTA EM NEFROLOGIA - RETORNO;;
;;0701224;CONSULTA EM NEUROLOGIA - GERAL;;
;;0701030;CONSULTA EM NEUROLOGIA - RETORNO;;
;;0037006;CONSULTA EM NUTROLOGIA;;
;;0710938;CONSULTA EM NUTROLOGIA-RETORNO;;
;;0701431;CONSULTA EM OFTALMOLOGIA - ACIMA DE 60 ANOS;;
;;0701225;CONSULTA EM OFTALMOLOGIA - GERAL;;
;;2018324;CONSULTA EM OFTALMOLOGIA - GERAL RETORNO;;
;;0703774;CONSULTA EM OFTALMOLOGIA - TFD;;
;;0037014;CONSULTA EM OFTALMOLOGIA- ACIMA DE 60 ANOS- RETORNO;;
;;0701226;CONSULTA EM ORTOPEDIA - GERAL;;
;;9270003;CONSULTA EM ORTOPEDIA - GERAL - RETORNO;;
;;0701227;CONSULTA EM OTORRINOLARINGOLOGIA - GERAL;;
;;0320173;CONSULTA EM OTORRINOLARINGOLOGIA - RETORNO;;
;;0816001;CONSULTA EM PEQUENA CIRURGIA;;
;;0800553;CONSULTA EM PEQUENA CIRURGIA - RETORNO;;
;;0701229;CONSULTA EM PROCTOLOGIA - GERAL;;
;;0701079;CONSULTA EM PROCTOLOGIA - RETORNO;;
;;0701260;CONSULTA EM PSIQUIATRIA - GERAL;;
;;0701064;CONSULTA EM PSIQUIATRIA - RETORNO;;
;;0701233;CONSULTA EM UROLOGIA - GERAL;;
;;0701039;CONSULTA EM UROLOGIA - RETORNO;;
;;3517005;CONSULTA PEQUENA CIRURGIA - DERMATOLOGIA GERAL;;
;;2018087;CONSULTA PEQUENA CIRURGIA - DERMATOLOGIA GERAL - RETORNO;;
;;1407014;ECOCARDIOGRAFIA BI-DIMENSIONAL COM OU SEM DOPPLER;;
;;1407032;ECOCARDIOGRAFIA BI-DIMENSIONAL COM OU SEM DOPPLER - INFANTIL;;
;;1703101;ELETROCARDIOGRAMA;;
;;1711103;GASTRO-DUODENOSCOPIA (ENDOSCOPIA DIGESTIVA);;
;;1706000;GRUPO - DIAGNOSE EM NEUROLOGIA;;
;;;;1706001;ELETROENCEFALOGRAFIA EM VIGILIA C  OU S FOTO ESTIMULO
;;1708000;GRUPO - DIAGNOSE EM OTORRINOLARINGOLOGIA;;
;;;;1708222;AUDIOMETRIA TONAL LIMIAR (VIA AREA/OSSEA)
;;;;1708236;EMISSOES OTOACUSTICA EVOCADAS TRANS.E PROD.DISTORC. EOA
;;;;1708221;IMITANCIOMETRIA (TIMPANOMETRIA, COMPLAC.ESTAT.E REFL.ESTAPED
;;;;1708220;LOGOAUDIOMETRIA (LDV,IRF,LRF)
;;;;1708210;PESQUISA DE POTENCIAIS AUDITIVOS DE TRONCO CEREBRAL (BERA)
;;;;1708016;POTENCIAL EVOCADO AUDITIVO DE CURTA MEDIA E LONGA LATENCIA
;;1709000;GRUPO - DIAGNOSE EM PNEUMOLOGIA;;
;;0601000;GRUPO - ELETRONEUROMIOGRAFIA;;
;;;;0601002;ELETRONEUROMIOGRAFIA - MEMBROS INFERIORES (MID/MIE)
;;;;0601001;ELETRONEUROMIOGRAFIA - MEMBROS SUPERIORES (MSD/MSE)
;;1401000;GRUPO - EXAMES ULTRA-SONOGRAFICOS;;
;;1670000;GRUPO - EXAMES ULTRA-SONOGRAFICOS (DOPPLER) E ECOGRAFIAS;;
;;;;1670012;ULTRA-SONOGRAFIA  DOPPLER ARTERIAL- M I D
;;;;1670013;ULTRA-SONOGRAFIA  DOPPLER ARTERIAL- M I E
;;;;1670014;ULTRA-SONOGRAFIA  DOPPLER ARTERIAL- M S D
;;;;1670015;ULTRA-SONOGRAFIA  DOPPLER ARTERIAL- M S E
;;;;1670006;ULTRA-SONOGRAFIA  DOPPLER DE CAROTIDAS
;;;;1670007;ULTRA-SONOGRAFIA  DOPPLER VENOSO - MID
;;;;1670009;ULTRA-SONOGRAFIA  DOPPLER VENOSO - MIE
;;;;1670010;ULTRA-SONOGRAFIA  DOPPLER VENOSO - MSD
;;;;1670011;ULTRA-SONOGRAFIA  DOPPLER VENOSO - MSE
;;;;1670017;ULTRA-SONOGRAFIA DOPPLER DE ARTERIAS VERTEBRAIS
;;1801000;GRUPO - FISIOTERAPIA (POR SESSAO);;
;;;;1801021;ATENDIMENTO FISIOTERAPÊUTICO EM PAC.C/DISTÚRBIOS NEURO-CINÉTICO-FUNCIONAIS S/COMPLICAÇÕES SISTÊMICAS
;;;;1801022;ATENDIMENTO FISIOTERAPEUTICO EM PACIENTE C/ COMPROMETIMENTO COGNITIVO
;;;;1801020;ATENDIMENTO FISIOTERAPEUTICO EM PACIENTE C/ DISTURBIOS NEURO-CINETICO-FUNCIONAIS S/ COMPLICACOES SIS
;;;;1801017;ATENDIMENTO FISIOTERAPEUTICO EM PACIENTE C/ TRANSTORNO RESPIRATORIO C/ COMPLICACOES SISTEMICAS
;;;;1801018;ATENDIMENTO FISIOTERAPEUTICO EM PACIENTE C/ TRANSTORNO RESPIRATORIO S/ COMPLICACOES SISTEMICAS
;;;;1801033;ATENDIMENTO FISIOTERAPEUTICO EM PACIENTE NO PRE/POS-OPERATORIO DE NEUROCIRURGIA
;;;;1801032;ATENDIMENTO FISIOTERAPEUTICO EM PACIENTES C/ DISTURBIOS NEURO-CINETICO-FUNCIONAIS C/COMPLICACOES SIS
;;;;1801016;ATENDIMENTO FISIOTERAPEUTICO EM PACIENTES NO PRE E POS-OPERATORIO NAS DISFUNCOES MUSCULO ESQUELETICA
;;;;1801019;ATENDIMENTO FISIOTERAPEUTICO NAS ALTERACOES MOTORAS
;;1101000;GRUPO - PATOLOGIA CLINICA (EXAMES DE LABORATORIO);;
;;0823000;GRUPO - PUNCAO / BIOPSIA;;
;;;;0823062;PUNCAO ASPIRATIVA DE MAMA POR AGULHA FINA
;;;;0823063;PUNCAO DE MAMA POR AGULHA GROSSA
;;1301000;GRUPO - RADIODIAGNOSTICO;;
;;1703204;HOLTER 24 HORAS;;
;;1703203;MONITORIZACAO AMBULATORIAL DE PRESSAO ARTERIAL;;
;;0816002;PUNCAO ASPIRATIVA DA TIREOIDE;;
;;1703205;TESTE DE ESFORCO OU TESTE ERGOMETRICO 2;;
;POLICLINICA JOAO DOS SANTOS BRAGA;;;;
;;3372307;COLPOSCOPIA;;
;;0701205;CONSULTA EM CARDIOLOGIA - GERAL;;
;;0701212;CONSULTA EM DERMATOLOGIA - GERAL;;
;;0701052;CONSULTA EM DERMATOLOGIA - RETORNO;;
;;0701022;CONSULTA EM FISIOTERAPIA;;
;;0701428;CONSULTA EM FISIOTERAPIA - ACIMA DE 60 ANOS;;
;;0701055;CONSULTA EM GINECOLOGIA - RETORNO;;
;;0701252;CONSULTA EM MASTOLOGIA - GERAL;;
;;0701224;CONSULTA EM NEUROLOGIA - GERAL;;
;;0701300;CONSULTA EM NEUROLOGIA - PEDIATRIA;;
;;0701431;CONSULTA EM OFTALMOLOGIA - ACIMA DE 60 ANOS;;
;;0701225;CONSULTA EM OFTALMOLOGIA - GERAL;;
;;2018324;CONSULTA EM OFTALMOLOGIA - GERAL RETORNO;;
;;0037014;CONSULTA EM OFTALMOLOGIA- ACIMA DE 60 ANOS- RETORNO;;
;;0701227;CONSULTA EM OTORRINOLARINGOLOGIA - GERAL;;
;;0320173;CONSULTA EM OTORRINOLARINGOLOGIA - RETORNO;;
;;0701229;CONSULTA EM PROCTOLOGIA - GERAL;;
;;0710001;CONSULTA EM PSICOLOGIA;;
;;0701260;CONSULTA EM PSIQUIATRIA - GERAL;;
;;0701064;CONSULTA EM PSIQUIATRIA - RETORNO;;
;;3517005;CONSULTA PEQUENA CIRURGIA - DERMATOLOGIA GERAL;;
;;1703101;ELETROCARDIOGRAMA;;
;;1711103;GASTRO-DUODENOSCOPIA (ENDOSCOPIA DIGESTIVA);;
;;2033033;GIN1 - AVALIAÇÃO DIAGNÓSTICA INICIAL DE SAÚDE DA MULHER (GINECOLOGIA) I;;
;;1200000;GRUPO - ANATOMOPATOLOGIA E CITOPATOLOGIA;;
;;;;1200012;EXAME ANATOMOPATOLOGICO DE MAMA - PECA CIRURGICA
;;;;1200049;EXAME ANATOMOPATOLOGICO DE MAMA BIOPSIA 2
;;;;1200048;EXAME ANATOMOPATOLOGICO DE MAMA BIOPSIA1
;;;;1200098;EXAME ANATOMO-PATOLOGICO DE PECA CIRURGICA CONVENCIONAL (PC 1)
;;;;1200099;EXAME ANATOMO-PATOLOGICO DE PECA CIRURGICA CONVENCIONAL (PC 2)
;;;;1200100;EXAME ANATOMO-PATOLOGICO DE PECA CIRURGICA CONVENCIONAL (PC 3)
;;;;1200101;EXAME ANATOMO-PATOLOGICO DE PECA CIRURGICA CONVENCIONAL (PC 4)
;;;;1200102;EXAME ANATOMO-PATOLOGICO DE PECA CIRURGICA CONVENCIONAL (PC 5)
;;;;1200103;EXAME ANATOMO-PATOLOGICO DE PECA CIRURGICA CONVENCIONAL (PC 6)
;;;;1200104;EXAME ANATOMO-PATOLOGICO DE PECA CIRURGICA CONVENCIONAL (PC 7)
;;;;1200105;EXAME ANATOMO-PATOLOGICO DE PECA CIRURGICA CONVENCIONAL (PC 8)
;;;;1200013;EXAME ANATOMO-PATOLOGICO DO COLO UTERINO - BIOPSIA
;;;;1200010;EXAME ANATOMO-PATOLOGICO DO COLO UTERINO - PECA CIRURGICA
;;;;1200009;IMUNOHISTOQUIMICA  DE  NEOPLASIAS MALIGNAS (POR MARCADOR) -
;;;;1200069;IMUNOHISTOQUIMICA  DE  NEOPLASIAS MALIGNAS (POR MARCADOR) - QT.02
;;;;1200070;IMUNOHISTOQUIMICA  DE  NEOPLASIAS MALIGNAS (POR MARCADOR) - QT.03
;;;;1200071;IMUNOHISTOQUIMICA  DE  NEOPLASIAS MALIGNAS (POR MARCADOR) - QT.04
;;;;1200072;IMUNOHISTOQUIMICA  DE  NEOPLASIAS MALIGNAS (POR MARCADOR) - QT.05
;;;;1200073;IMUNOHISTOQUIMICA  DE  NEOPLASIAS MALIGNAS (POR MARCADOR) - QT.06
;;0830000;GRUPO - PROCEDIMENTOS AMBULATORIAIS EM GINECOLOGIA;;
;;;;0830004;BIOPSIA DE VAGINA
;;;;0830005;BIOPSIA DE VULVA
;;;;0830038;CAUTERIZAÇÃO QUÍMICA DE PEQUENAS LESÕES
;;;;0830040;DRENAGEM DE GLANDULA DE BARTHOLIN / SKENE
;;;;0830041;EXERESE DE CISTO VAGINAL
;;;;0830026;EXERESE DE PÓLIPO DE ÚTERO
;;;;0830042;EXTIRPACAO DE LESAO DE VULVA / PERINEO (POR ELETROCOAGULACAO OU FULGURACAO)
;;;;0830039;PUNÇÃO DE VAGINA
;;0210000;GRUPO - CONSULTA/ ATENDIMENTO/ ACOMPANHAMENTO (PSICOLOGIA);;
;;;;0210026;CONSULTA EM PSICOLOGIA
;;;;0210017;TERAPIA INDIVIDUAL - PSICOLOGIA
;;1706000;GRUPO - DIAGNOSE EM NEUROLOGIA;;
;;1401000;GRUPO - EXAMES ULTRA-SONOGRAFICOS;;
;;;;1401405;ULTRA-SONOGRAFIA  DO APARELHO URINARIO (RINS, BEXIGA)
;;;;1401997;ULTRA-SONOGRAFIA DE PROSTATA (VIA ABDOMINAL)
;;;;1401101;ULTRA-SONOGRAFIA PELVICA (GINECOLOGICA)
;;;;1401202;ULTRA-SONOGRAFIA TRANSVAGINAL
;;1801000;GRUPO - FISIOTERAPIA (POR SESSAO);;
;;;;1801021;ATENDIMENTO FISIOTERAPÊUTICO EM PAC.C/DISTÚRBIOS NEURO-CINÉTICO-FUNCIONAIS S/COMPLICAÇÕES SISTÊMICAS
;;;;1801022;ATENDIMENTO FISIOTERAPEUTICO EM PACIENTE C/ COMPROMETIMENTO COGNITIVO
;;;;1801020;ATENDIMENTO FISIOTERAPEUTICO EM PACIENTE C/ DISTURBIOS NEURO-CINETICO-FUNCIONAIS S/ COMPLICACOES SIS
;;;;1801017;ATENDIMENTO FISIOTERAPEUTICO EM PACIENTE C/ TRANSTORNO RESPIRATORIO C/ COMPLICACOES SISTEMICAS
;;;;1801018;ATENDIMENTO FISIOTERAPEUTICO EM PACIENTE C/ TRANSTORNO RESPIRATORIO S/ COMPLICACOES SISTEMICAS
;;;;1801016;ATENDIMENTO FISIOTERAPEUTICO EM PACIENTES NO PRE E POS-OPERATORIO NAS DISFUNCOES MUSCULO ESQUELETICA
;;;;1801019;ATENDIMENTO FISIOTERAPEUTICO NAS ALTERACOES MOTORAS
;;1707000;GRUPO - OFTALMOLOGIA;;
;;;;1707409;BIOMICROSCOPIA DE FUNDO DE OLHO
;;;;1707434;MAPEAMENTO DE RETINA COM GRAFICO - OLHO DIREITO
;;;;1707435;MAPEAMENTO DE RETINA COM GRAFICO - OLHO ESQUERDO
;;;;1707005;RETINOGRAFIA COLORIDA BINOCULAR
;;;;1707102;TONOMETRIA
;;2280000;GRUPO - PATOLOGIA CLINICA (EXAMES DE LABORATORIO 2);;
;;;;2280124;PSA LIVRE
;;;;2280126;PSA TOTAL
;;1101000;GRUPO - PATOLOGIA CLINICA (EXAMES DE LABORATORIO);;
;;0817000;GRUPO - PROCEDIMENTOS AMBULATORIAIS EM DERMATOLOGIA;;
;;;;0817027;BIOPSIA DA PELE, TECIDO CELULAR OU GANGLIO SUBCUTANEO
;;;;0817055;BIÓPSIA DE PELE E PARTES MOLES
;;;;0817009;ELETROCOAGULACAO
;;;;0817039;ELETROCOAGULACAO DE LESAO CUTANEA
;;;;0817042;EXCISÃO DE LESÃO E/OU SUTURAÇÃO DE FERIMENTO DE PELE, ANEXOS E MUCOSA
;;;;0817043;EXERESE TUMOR NA PELE ANEXOS, CISTO SEBÁCEO/LIPOMA
;;;;0817023;RETIRADA DE LESAO POR SHAVING
;;1301000;GRUPO - RADIODIAGNOSTICO;;
;;1703204;HOLTER 24 HORAS;;
;;1703203;MONITORIZACAO AMBULATORIAL DE PRESSAO ARTERIAL;;
;;2033034;OCI - GIN1 - AVALIAÇÃO DIAGNÓSTICA INICIAL DE SAÚDE DA MULHER (GINECOLOGIA) II;;
;;2033025;OCI AVALIAÇÃO DE RETINOPATIA DIABÉTICA;;
;;0739131;TELECONSULTA EM ALERGIA E IMUNOLOGIA GERAL;;
;;0739135;TELECONSULTA EM CARDIOLOGIA GERAL;;
;;0739136;TELECONSULTA EM CARDIOLOGIA GERAL - RETORNO;;
;;0739148;TELECONSULTA EM DERMATOLOGIA GERAL;;
;;0739140;TELECONSULTA EM ENDOCRINOLOGIA E METABOLOGIA GERAL;;
;;0739141;TELECONSULTA EM ENDOCRINOLOGIA E METABOLOGIA GERAL - RETORNO;;
;;0739152;TELECONSULTA EM GASTROENTEROLOGIA GERAL;;
;;0739216;TELECONSULTA EM GERIATRIA;;
;;0498197;TELECONSULTA EM GINECOLOGIA - GERAL;;
;;0739144;TELECONSULTA EM NEUROLOGIA GERAL;;
;;0739145;TELECONSULTA EM NEUROLOGIA GERAL - RETORNO;;
;;0739220;TELECONSULTA EM NUTRICAO GERAL;;
;;0739182;TELECONSULTA EM ORTOPEDIA GERAL;;
;;0739183;TELECONSULTA EM ORTOPEDIA GERAL - RETORNO;;
;;0739224;TELECONSULTA EM PSICOLOGIA GERAL;;
;;0739226;TELECONSULTA EM PSICOLOGIA PEDIATRICA;;
;;0739166;TELECONSULTA EM PSIQUIATRIA GERAL;;
;;0739212;TELECONSULTA EM UROLOGIA GERAL;;
;POLICLINICA ZENO LANZINI;;;;
;;0701245;CONSULTA EM ORTOPEDIA - PEDIATRIA;;
;;0701344;CONSULTA EM CARDIOLOGIA - ADULTO;;
;;0701205;CONSULTA EM CARDIOLOGIA - GERAL;;
;;0701207;CONSULTA EM CIRURGIA GERAL - GERAL;;
;;0703411;CONSULTA EM CIRURGIA GERAL - POS-OPERATORIO;;
;;2018080;CONSULTA EM CIRURGIA GERAL - POS-OPERATORIO - RETORNO;;
;;0701382;CONSULTA EM CIRURGIA GERAL - RETORNO;;
;;0701211;CONSULTA EM CIRURGIA VASCULAR - GERAL;;
;;0736035;CONSULTA EM CIRURGIA VASCULAR - GERAL - RETORNO;;
;;0701212;CONSULTA EM DERMATOLOGIA - GERAL;;
;;0701052;CONSULTA EM DERMATOLOGIA - RETORNO;;
;;1313038;CONSULTA EM ENDOCRINOLOGIA - BARIATRICA;;
;;0701213;CONSULTA EM ENDOCRINOLOGIA E METABOLOGIA - GERAL;;
;;0701027;CONSULTA EM ENDOCRINOLOGIA E METABOLOGIA - RETORNO;;
;;0701022;CONSULTA EM FISIOTERAPIA;;
;;0701215;CONSULTA EM GASTROENTEROLOGIA - GERAL;;
;;0701054;CONSULTA EM GASTROENTEROLOGIA - RETORNO;;
;;0701252;CONSULTA EM MASTOLOGIA - GERAL;;
;;0701028;CONSULTA EM MASTOLOGIA - RETORNO;;
;;0701431;CONSULTA EM OFTALMOLOGIA - ACIMA DE 60 ANOS;;
;;0701225;CONSULTA EM OFTALMOLOGIA - GERAL;;
;;2018324;CONSULTA EM OFTALMOLOGIA - GERAL RETORNO;;
;;0703283;CONSULTA EM OFTALMOLOGIA - GLAUCOMA - RETORNO;;
;;0037014;CONSULTA EM OFTALMOLOGIA- ACIMA DE 60 ANOS- RETORNO;;
;;0701226;CONSULTA EM ORTOPEDIA - GERAL;;
;;9270003;CONSULTA EM ORTOPEDIA - GERAL - RETORNO;;
;;0320164;CONSULTA EM ORTOPEDIA - PEDIATRIA - RETORNO;;
;;0703634;CONSULTA EM ORTOPEDIA - POS OPERATORIO;;
;;0710457;CONSULTA EM ORTOPEDIA - POS OPERATORIO - RETORNO;;
;;0816001;CONSULTA EM PEQUENA CIRURGIA;;
;;0701229;CONSULTA EM PROCTOLOGIA - GERAL;;
;;0701079;CONSULTA EM PROCTOLOGIA - RETORNO;;
;;0701260;CONSULTA EM PSIQUIATRIA - GERAL;;
;;0701064;CONSULTA EM PSIQUIATRIA - RETORNO;;
;;0701233;CONSULTA EM UROLOGIA - GERAL;;
;;3517005;CONSULTA PEQUENA CIRURGIA - DERMATOLOGIA GERAL;;
;;2018087;CONSULTA PEQUENA CIRURGIA - DERMATOLOGIA GERAL - RETORNO;;
;;1200061;CURATIVO GRAU II C/ OU S/ DEBRIDAMENTO;;
;;1703101;ELETROCARDIOGRAMA;;
;;1706202;ELETROENCEFALOGRAMA EM VIGILIA E SONO ESPONTANEO C/ OU S/ FOTOESTIMULO (EEG);;
;;1711103;GASTRO-DUODENOSCOPIA (ENDOSCOPIA DIGESTIVA);;
;;0800000;GRUPO - CIRURGIAS AMBULATORIAIS ESPECIALIZADAS;;
;;1706000;GRUPO - DIAGNOSE EM NEUROLOGIA;;
;;;;1706202;ELETROENCEFALOGRAMA EM VIGILIA E SONO ESPONTANEO C/ OU S/ FOTOESTIMULO (EEG)
;;1401000;GRUPO - EXAMES ULTRA-SONOGRAFICOS;;
;;1801000;GRUPO - FISIOTERAPIA (POR SESSAO);;
;;;;1801021;ATENDIMENTO FISIOTERAPÊUTICO EM PAC.C/DISTÚRBIOS NEURO-CINÉTICO-FUNCIONAIS S/COMPLICAÇÕES SISTÊMICAS
;;;;1801022;ATENDIMENTO FISIOTERAPEUTICO EM PACIENTE C/ COMPROMETIMENTO COGNITIVO
;;;;1801020;ATENDIMENTO FISIOTERAPEUTICO EM PACIENTE C/ DISTURBIOS NEURO-CINETICO-FUNCIONAIS S/ COMPLICACOES SIS
;;;;1801033;ATENDIMENTO FISIOTERAPEUTICO EM PACIENTE NO PRE/POS-OPERATORIO DE NEUROCIRURGIA
;;;;1801032;ATENDIMENTO FISIOTERAPEUTICO EM PACIENTES C/ DISTURBIOS NEURO-CINETICO-FUNCIONAIS C/COMPLICACOES SIS
;;;;1801016;ATENDIMENTO FISIOTERAPEUTICO EM PACIENTES NO PRE E POS-OPERATORIO NAS DISFUNCOES MUSCULO ESQUELETICA
;;;;1801019;ATENDIMENTO FISIOTERAPEUTICO NAS ALTERACOES MOTORAS
;;2280000;GRUPO - PATOLOGIA CLINICA (EXAMES DE LABORATORIO 2);;
;;;;2280124;PSA LIVRE
;;;;2280126;PSA TOTAL
;;1101000;GRUPO - PATOLOGIA CLINICA (EXAMES DE LABORATORIO);;
;;0803000;GRUPO - PROCEDIMENTO E CIRURGIA EM GINECOLOGIA;;
;;0817000;GRUPO - PROCEDIMENTOS AMBULATORIAIS EM DERMATOLOGIA;;
;;1301000;GRUPO - RADIODIAGNOSTICO;;
;;;;1301126;ANTEBRACO DIREITO
;;;;1301127;ANTEBRACO ESQUERDO
;;;;1301109;ARCADA ZIGOMATICA -MALAR :  AP +  OBLIQUAS
;;;;1301009;ARTICULACAO ACROMIO-CLAVICULAR
;;;;1301128;ARTICULACAO COXO-FEMORAL DIREITO
;;;;1301129;ARTICULACAO COXO-FEMORAL ESQUERDO
;;;;1301114;ARTICULACAO ESCAPULO-UMERAL DIREITA
;;;;1301115;ARTICULACAO ESCAPULO-UMERAL ESQUERDO
;;;;1301012;ARTICULACAO ESTERNO-CLAVICULAR
;;;;1301013;ARTICULACAO SACRO ILIACA
;;;;1301014;ARTICULACAO TEMPORO MANDIBULAR BILATERAL
;;;;1301116;ARTICULACAO TIBIO-TARSICA DIREITA
;;;;1301117;ARTICULACAO TIBIO-TARSICA ESQUERDA
;;;;1301017;BACIA
;;;;1301118;BRACO DIREITO
;;;;1301119;BRACO ESQUERDO
;;;;1301130;CALCANEO DIREITO
;;;;1301131;CALCANEO ESQUERDO
;;;;1301133;CLAVICULA DIREITA
;;;;1301132;CLAVICULA ESQUERDO
;;;;1301026;COLUNA CERVICAL : AP + LATERAL + T.O OU FLEXAO
;;;;1301171;COLUNA CERVICAL: AP + LATERAL + TO + OBLIQUAS (AP E PERFIL)
;;;;1301028;COLUNA CERVICAL: FUNCIONAL OU DINAMICA
;;;;1301029;COLUNA DORSAL : AP + LATERAL
;;;;1301030;COLUNA DORSO - LOMBAR PARA ESCOLIOSE
;;;;1301031;COLUNA DORSO - LOMBAR PARA ESCOLIOSE DINAMICA
;;;;1301034;COLUNA LOMBO SACRA COM OBLIQUAS
;;;;1301032;COLUNA LOMBO SACRA FUNCIONAL OU DINAMICA
;;;;1301033;COLUNA LOMBO-SACRA
;;;;1301038;COSTELAS - POR HEMITORAX
;;;;1301134;COTOVELO DIREITO
;;;;1301135;COTOVELO ESQUERDO
;;;;1301136;COXA DIREITA
;;;;1301137;COXA ESQUERDA
;;;;1301043;CRANIO - PA + LAT. + OBLI. OU BRETTON + HIRTZ
;;;;1301042;CRANIO : PA + LATERAL
;;;;1301138;JOELHO : AP + LATERAL DIREITO
;;;;1301139;JOELHO : AP + LATERAL ESQUERDO
;;;;1301142;JOELHO OU ROTULA - AP + LAT. + AXIAL DIREITO
;;;;1301143;JOELHO OU ROTULA - AP + LAT. + AXIAL ESQUERDO
;;;;1301140;JOELHO OU ROTULA - AP + LAT.- OBLIQUAS + 3 AXIAIS - DIREITO
;;;;1301141;JOELHO OU ROTULA - AP + LAT.- OBLIQUAS + 3 AXIAIS - ESQUERDO
;;;;1301121;LOCALIZACAO TRIDIMENSIONAL CORPO ESTRANHO GLOBO OCULAR
;;;;1301144;MAO DIREITA ( DUAS INCIDENCIAS)
;;;;1301145;MAO ESQUERDA ( DUAS INCIDENCIAS)
;;;;1301065;MAOS E PUNHOS PARA IDADE OSSEA
;;;;1301067;MAXILAR INFERIOR : PA + OBLIQUAS
;;;;1301235;OMBRO DIREITO (AP VERDADEIRO, PERFIL DE ESCAPULAR E AXILAR)
;;;;1301236;OMBRO ESQUERDO (AP VERDADEIRO, PERFIL DE ESCAPULAR E AXILAR)
;;;;1301148;ORBITAS DIREITA - P A + OBLIQUAS + HIRTZ
;;;;1301149;ORBITAS ESQUERDA- P A + OBLIQUAS + HIRTZ
;;;;1301071;OSSOS DA FACE - M.N. + LATERAL + HIRTZ
;;;;1301120;PANORAMICA DE MANDIBULA - ORTOPANTOGRAFIA
;;;;1301072;PANORAMICA DE MEMBROS INFERIORES
;;;;1301152;PE OU PODODACTILOS DIREITO
;;;;1301153;PE OU PODODACTILOS ESQUERDO
;;;;1301150;PERNA DIREITA
;;;;1301151;PERNA ESQUERDA
;;;;1301154;PUNHO DIREITO: AP + LATERAL + OBLIQUOS
;;;;1301155;PUNHO ESQUERDO: AP + LATERAL + OBLIQUOS
;;;;1301194;QUIRODACTILOS (DIREITO)
;;;;1301193;QUIRODACTILOS (ESQUERDO)
;;;;1301020;RADIOGRAFIA DE CAVUM (LATERAL + HIRTZ)
;;;;1301182;SACRO-COCCIX (AP E PERFIL)
;;;;1301091;SEIOS DA FACE : F.N. , M.N. , LATERAL - HIRTZ
;;;;1301092;SELA TURSICA : PA + LATERAL + BRETTON
;;;;1301097;TORAX  PA + INSPIRACAO + EXPIRACAO + LATERAL
;;;;1301240;TORAX (PA PADRAO OIT)
;;;;1301100;TORAX : APICO - LORDORTICA
;;;;1301096;TORAX : PA E PERFIL
;;;;1301098;TORAX PA + LAT. + OBLIQUA
;;;;1301099;TORAX:  P.A
;;1703204;HOLTER 24 HORAS;;
;;1703203;MONITORIZACAO AMBULATORIAL DE PRESSAO ARTERIAL;;
;;0739131;TELECONSULTA EM ALERGIA E IMUNOLOGIA GERAL;;
;;0739135;TELECONSULTA EM CARDIOLOGIA GERAL;;
;;0739148;TELECONSULTA EM DERMATOLOGIA GERAL;;
;;0739140;TELECONSULTA EM ENDOCRINOLOGIA E METABOLOGIA GERAL;;
;;0739141;TELECONSULTA EM ENDOCRINOLOGIA E METABOLOGIA GERAL - RETORNO;;
;;0739142;TELECONSULTA EM ENDOCRINOLOGIA E METABOLOGIA PEDIATRICA;;
;;0739152;TELECONSULTA EM GASTROENTEROLOGIA GERAL;;
;;0739144;TELECONSULTA EM NEUROLOGIA GERAL;;
;;0739145;TELECONSULTA EM NEUROLOGIA GERAL - RETORNO;;
;;0739220;TELECONSULTA EM NUTRICAO GERAL;;
;;0739182;TELECONSULTA EM ORTOPEDIA GERAL;;
;;0739183;TELECONSULTA EM ORTOPEDIA GERAL - RETORNO;;
;;0739224;TELECONSULTA EM PSICOLOGIA GERAL;;
;;0739226;TELECONSULTA EM PSICOLOGIA PEDIATRICA;;
;;0739166;TELECONSULTA EM PSIQUIATRIA GERAL;;
;;0739212;TELECONSULTA EM UROLOGIA GERAL;;
;POLO DE TELESSAUDE DO AMAZONAS;;;;
;;0701212;CONSULTA EM DERMATOLOGIA - GERAL;;
;PONTESCLIN;;;;
;;0701246;CONSULTA EM PNEUMOLOGIA - PEDIATRIA;;
;;0701227;CONSULTA EM OTORRINOLARINGOLOGIA - GERAL;;
;;0709001;CONSULTA EM OTORRINOLARINGOLOGIA - PEDIATRICA;;
;;0320173;CONSULTA EM OTORRINOLARINGOLOGIA - RETORNO;;
;;0701228;CONSULTA EM PNEUMOLOGIA - GERAL;;
;;0701067;CONSULTA EM PNEUMOLOGIA - RETORNO;;
;;1407014;ECOCARDIOGRAFIA BI-DIMENSIONAL COM OU SEM DOPPLER;;
;;1714781;ELETROENCEFALOGRAFIA;;
;;1711110;EXAME DE VIDEOLARINGOSCOPIA(COM EQUIPAMENTO);;
;;1200000;GRUPO - ANATOMOPATOLOGIA E CITOPATOLOGIA;;
;;1700000;GRUPO - DIAGNOSE;;
;;1706000;GRUPO - DIAGNOSE EM NEUROLOGIA;;
;;1708000;GRUPO - DIAGNOSE EM OTORRINOLARINGOLOGIA;;
;;1709000;GRUPO - DIAGNOSE EM PNEUMOLOGIA;;
;;;;1709002;PROVA DE FUNCAO PULMONAR SIMPLES
;;;;1709204;PROVA VENTILATORIA COMPLETA
;;1670000;GRUPO - EXAMES ULTRA-SONOGRAFICOS (DOPPLER) E ECOGRAFIAS;;
;;2280000;GRUPO - PATOLOGIA CLINICA (EXAMES DE LABORATORIO 2);;
;;;;2280219;17 ALFA HIDROXI PROGESTERONA
;;;;2280313;ACIDEZ TITULÁVEL NO LEITE HUMANO (DORNIC)
;;;;2280220;ACIDO ASCORBICO
;;;;2280001;ACIDO FOLICO
;;;;2280002;ACIDO URICO
;;;;2280534;ACIDO URICO LIQUIDO NO SINOVIAL E DERRAMES
;;;;2280535;ADENOGRAMA
;;;;2280004;ADRENOCORTICOTROFICO, HORMONIO - ACTH
;;;;2280225;ALFA 1 ANTITRIPSINA
;;;;2280005;ALFA 1 GLICOPROTEINA ACIDA
;;;;2280226;ALFA FETO PROTEINA
;;;;2280006;AMILASE
;;;;2280007;ANDROSTENEDIONA
;;;;2280009;ANTI HBC - IGM ANTICORPOS IGM CONTRA ANTIGENO C DA HEPATITE B (ANTI-HBC-IGM)
;;;;2280011;ANTI HBE - ANTICORPOS CONTRA ANTIGENO E DA HEPATITE B
;;;;2280012;ANTI HBS - ANTICORPOS CONTRA ANTIGENO S DA HEPATITE B
;;;;2280015;ANTIBIOGRAMA
;;;;2280446;ANTIBIOGRAMA C/ CONCENTRACAO INIBITORIA MINIMA
;;;;2280181;ANTIBIOGRAMA P/ MICOBACTERIAS
;;;;2280613;ANTICORPOS ANTI-PLAQUETARIOS - DETERMINAÇÃO
;;;;2280018;ANTIPEROXIDASE /ANTI TPO
;;;;2280022;BACILOSCOPIA DIRETA P/ BAAR (HANSENIASE)
;;;;2280447;BACILOSCOPIA DIRETA P/ BAAR TUBERCULOS (CONTROLE)
;;;;2280023;BACILOSCOPIA DIRETA P/ BAAR TUBERCULOSE (DIAGNOSTICA)
;;;;2280024;BACTEROSCOPIA (GRAM)
;;;;2280221;BETA 2 MICROGLOBULINA
;;;;2280025;BILIRRUBINA TOTAL E FRACOES
;;;;2280029;CALCIO
;;;;2280030;CALCIO IONIZAVEL
;;;;2280033;CEA (ANTIGENO CARCINOEMBRIOGENICO)
;;;;2280034;CELULAS LE - PESQUISA
;;;;2280035;CHAGAS , IFI
;;;;2280259;CHUMBO
;;;;2280260;CHUMBO URINARIO
;;;;2280536;CITOLOGIA P/ CLAMIDIA
;;;;2280537;CITOLOGIA P/ HERPESVIRUS
;;;;2280038;CITOMEGALOVIRUS , IFI (IGG)
;;;;2280039;CITOMEGALOVIRUS , IFI (IGM)
;;;;2280314;CITOQUIMICA HEMATOLOGICA
;;;;2280040;CLEARANCE DE CREATININA
;;;;2280413;CLEARANCE DE FOSFATO
;;;;2280414;CLEARANCE DE UREIA
;;;;2280281;CLEARANCE OSMOLAR
;;;;2280041;CLORETO
;;;;2280042;COLESTEROL ( LDL)
;;;;2280043;COLESTEROL (HDL)
;;;;2280045;COLESTEROL TOTAL
;;;;2280229;COMPLEMENTO ( CH50 ) , DOSAGEM
;;;;2280047;COMPLEMENTO C3 , IDR
;;;;2280048;COMPLEMENTO C4 , IDR
;;;;2280415;CONTAGEM DE ADDIS
;;;;2280432;CONTAGEM DE LINFOCITOS T TOTAIS
;;;;2280049;CONTAGEM DE PLAQUETAS
;;;;2280538;CONTAGEM ESPECIFICA DE CELULAS NO LIQUOR
;;;;2280539;CONTAGEM GLOBAL DE CELULAS NO LIQUOR
;;;;2280050;COOMBS  INDIRETO (INCLUI QUANTITATIVO)
;;;;2280051;COOMBS DIRETO
;;;;2280053;CREATININA
;;;;2280054;CREATININA, DOSAGEM EM URINA DE 24 HS
;;;;2280055;CREATINOFOSFOQUINASE - FRACAO MB
;;;;2280164;CULTURA DE BACTERIAS PARA INDENTIFICACAO
;;;;2280448;CULTURA DO LEITE HUMANO (POS-PASTEURIZAÇÃO)
;;;;2280449;CULTURA P/ HERPESVIRUS
;;;;2280210;CULTURA PARA BAAR
;;;;2280165;CULTURA PARA BACTERIAS ANAEROBICAS
;;;;2280057;CULTURA PARA IDENTIFICACAO DE FUNGOS
;;;;2280058;CURVA GLICEMICA CLASSICA 5 DOSAGENS-ORAL
;;;;2280059;DEHIDROEPIANDROSTERONA - DHEA
;;;;2280339;DETECCAO DE ÁCIDOS NUCLEICOS DO HIV-1 (QUALITATIVO)
;;;;2280382;DETECÇÃO DE CLAMÍDIA E GONOCOCO POR BIOLOGIA MOLECULAR
;;;;2280203;DETERMINACAO DE CAPACIDADE DE FIXACAO DO FERRO
;;;;2280563;DETERMINACAO DE CARIOTIPO EM CULTURA DE LONGA DURACAO (C/ TECNICA DE BANDAS)
;;;;2280564;DETERMINACAO DE CARIOTIPO EM MEDULA OSSEA E VILOSIDADES CORIONICAS (C/ TECNICA DE BANDAS)
;;;;2280565;DETERMINACAO DE CARIOTIPO EM SANGUE PERIFERICO (C/ TECNICA DE BANDAS)
;;;;2280312;DETERMINAÇÃO DE CREMATÓCRITO NO LEITE HUMANO ORDENHADO
;;;;2280282;DETERMINACAO DE CROMATOGRAFIA DE AMINOACIDOS
;;;;2280315;DETERMINACAO DE CURVA DE RESISTENCIA GLOBULAR
;;;;2280167;DETERMINACAO DE CURVA GLICEMICA (2 DOSAGENS)
;;;;2280283;DETERMINACAO DE CURVA GLICEMICA C/ INDUCAO POR CORTISONA ( 5 DOSAGENS)
;;;;2280284;DETERMINACAO DE CURVA GLICEMICA C/ INDUCAO POR CORTISONA (4 DOSAGENS)
;;;;2280316;DETERMINACAO DE ENZIMAS ERITROCITARIAS (CADA)
;;;;2280540;DETERMINACAO DE FOSFOLIPIDIOS RELACAO LECITINA - ESFINGOMIELINA NO LIQUIDO AMNIOTICO
;;;;2280485;DETERMINACAO DE INDICE DE TIROXINA LIVRE
;;;;2280416;DETERMINACAO DE OSMOLALIDADE
;;;;2280285;DETERMINACAO DE OSMOLARIDADE
;;;;2280486;DETERMINACAO DE RETENCAO DE T3
;;;;2280317;DETERMINACAO DE SULFO-HEMOGLOBINA
;;;;2280487;DETERMINACAO DE T3 REVERSO
;;;;2280060;DETERMINACAO DE TEMPO DE COAGULACAO
;;;;2280318;DETERMINACAO DE TEMPO DE LISE DA EUGLOBULINA
;;;;2280061;DETERMINACAO DE TEMPO DE SANGRAMENTO ( DUKE )
;;;;2280319;DETERMINACAO DE TEMPO DE SANGRAMENTO DE IVY
;;;;2280320;DETERMINACAO DE TEMPO DE SOBREVIDA DE HEMACIAS
;;;;2280168;DETERMINACAO DE TEMPO DE TROMBINA
;;;;2280062;DETERMINACAO DE TEMPO DE TROMBOPLASTINA PARCIAL  (TTP A)
;;;;2280063;DETERMINACAO DE TEMPO E ATIVIDADE DA PROTROMBINA (TAP)
;;;;2280235;DIHIDROTESTOSTERONA - DHT
;;;;2280398;DOSAGEM DA FRAÇÃO C1Q DO COMPLEMENTO
;;;;2280488;DOSAGEM DE 17-CETOSTEROIDES TOTAIS
;;;;2280489;DOSAGEM DE 17-HIDROXICORTICOSTEROIDES
;;;;2280177;DOSAGEM DE 25 HIDROXIVITAMINA D
;;;;2280286;DOSAGEM DE 5-NUCLEOTIDASE
;;;;2280287;DOSAGEM DE ACETONA
;;;;2280265;DOSAGEM DE ACIDO 5-HIDROXI-INDOL-ACETICO (SEROTONINA)
;;;;2280505;DOSAGEM DE ACIDO DELTA-AMINOLEVULINICO
;;;;2280506;DOSAGEM DE ACIDO HIPURICO
;;;;2280507;DOSAGEM DE ACIDO MANDELICO
;;;;2280508;DOSAGEM DE ACIDO METIL-HIPURICO
;;;;2280509;DOSAGEM DE ACIDO VALPROICO
;;;;2280288;DOSAGEM DE ACIDO VANILMANDELICO
;;;;2280289;DOSAGEM DE ALDOLASE
;;;;2280490;DOSAGEM DE ALDOSTERONA
;;;;2280290;DOSAGEM DE ALFA-2-MACROGLOBULINA
;;;;2280510;DOSAGEM DE ALUMINIO
;;;;2280291;DOSAGEM DE AMONIA
;;;;2280491;DOSAGEM DE AMP CICLICO
;;;;2280511;DOSAGEM DE ANFETAMINAS
;;;;2280321;DOSAGEM DE ANTICOAGULANTE CIRCULANTE
;;;;2280397;DOSAGEM DE ANTICORPOS ANTITRANSGLUTAMINAISE RECOMBINANTE HUMANO IGA
;;;;2280227;DOSAGEM DE ANTITROMBINA III
;;;;2280512;DOSAGEM DE BARBITURATOS
;;;;2280513;DOSAGEM DE CADMIO
;;;;2280492;DOSAGEM DE CALCITONINA
;;;;2280514;DOSAGEM DE CARBAMAZEPINA
;;;;2280515;DOSAGEM DE CARBOXI-HEMOGLOBINA
;;;;2280292;DOSAGEM DE CAROTENO
;;;;2280293;DOSAGEM DE CERULOPLASMINA
;;;;2280516;DOSAGEM DE CICLOSPORINA
;;;;2280418;DOSAGEM DE CITRATO
;;;;2280517;DOSAGEM DE COBRE
;;;;2280294;DOSAGEM DE COLINESTERASE
;;;;2280178;DOSAGEM DE CORTISOL
;;;;2280541;DOSAGEM DE CREATININA NO LIQUIDO AMNIOTICO
;;;;2280066;DOSAGEM DE CREATINOFOSFOQUINASE (CPK)
;;;;2280341;DOSAGEM DE CRIOAGLUTININA
;;;;2280295;DOSAGEM DE DESIDROGENASE ALFA-HIDROXIBUTIRICA
;;;;2280296;DOSAGEM DE DESIDROGENASE GLUTAMICA
;;;;2280067;DOSAGEM DE DESIDROGENASE LATICA
;;;;2280297;DOSAGEM DE DESIDROGENASE LATICA (ISOENZIMAS FRACIONADAS)
;;;;2280403;DOSAGEM DE ESTERCOBILINOGENIO FECAL
;;;;2280186;DOSAGEM DE ESTRIOL
;;;;2280187;DOSAGEM DE ESTRONA
;;;;2280322;DOSAGEM DE FATOR V
;;;;2280323;DOSAGEM DE FATOR VIII (INIBIDOR)
;;;;2280324;DOSAGEM DE FATOR VON WILLEBRAND (ANTIGENO)
;;;;2280325;DOSAGEM DE FATOR XIII
;;;;2280518;DOSAGEM DE FENITOINA
;;;;2280519;DOSAGEM DE FENOL
;;;;2280326;DOSAGEM DE FIBRINOGENIO
;;;;2280520;DOSAGEM DE FORMALDEIDO
;;;;2280551;DOSAGEM DE FOSFATASE ÁCIDA NO ESPERMA
;;;;2280298;DOSAGEM DE FOSFATASE ACIDA TOTAL
;;;;2280542;DOSAGEM DE FOSFATASE ALCALINA NO ESPERMA
;;;;2280299;DOSAGEM DE FRACAO PROSTATICA DA FOSFATASE ACIDA
;;;;2280252;DOSAGEM DE FRUTOSE
;;;;2280197;DOSAGEM DE FRUTOSE NO ESPERMA
;;;;2280300;DOSAGEM DE GALACTOSE
;;;;2280253;DOSAGEM DE GASTRINA
;;;;2280543;DOSAGEM DE GLICOSE NO LIQUIDO SINOVIAL E DERRAMES
;;;;2280301;DOSAGEM DE GLICOSE-6-FOSFATO DESIDROGENASE
;;;;2280493;DOSAGEM DE GLOBULINA TRANSPORTADORA DE TIROXINA
;;;;2280207;DOSAGEM DE GORDURA FECAL
;;;;2280254;DOSAGEM DE HAPTOGLOBINA
;;;;2280068;DOSAGEM DE HEMOGLOBINA
;;;;2280327;DOSAGEM DE HEMOGLOBINA - INSTABILIDADE A 37OC
;;;;2280328;DOSAGEM DE HEMOGLOBINA FETAL
;;;;2280329;DOSAGEM DE HEMOSSIDERINA
;;;;2280302;DOSAGEM DE HIDROXIPROLINA
;;;;2280175;DOSAGEM DE IMUNOGLOBULINA A (IGA)
;;;;2280174;DOSAGEM DE IMUNOGLOBULINA E (IGE)
;;;;2280176;DOSAGEM DE IMUNOGLOBULINA M (IGM)
;;;;2280257;DOSAGEM DE INIBIDOR DE C1-ESTERASE
;;;;2280303;DOSAGEM DE ISOMERASE-FOSFOHEXOSE
;;;;2280304;DOSAGEM DE LACTATO
;;;;2280305;DOSAGEM DE LEUCINO-AMINOPEPTIDASE
;;;;2280521;DOSAGEM DE MERCURIO
;;;;2280522;DOSAGEM DE META-HEMOGLOBINA
;;;;2280523;DOSAGEM DE METOTREXATO
;;;;2280194;DOSAGEM DE MICROALBUMINA NA URINA
;;;;2280419;DOSAGEM DE OXALATO
;;;;2280202;DOSAGEM DE PEPTIDEO C
;;;;2280306;DOSAGEM DE PIRUVATO
;;;;2280330;DOSAGEM DE PLASMINOGENIO
;;;;2280307;DOSAGEM DE PORFIRINAS
;;;;2280069;DOSAGEM DE POTASSIO
;;;;2280273;DOSAGEM DE PROTEINA C REATIVA
;;;;2280070;DOSAGEM DE PROTEINAS ( URINA DE 24 HORAS )
;;;;2280169;DOSAGEM DE PROTEINAS TOTAIS
;;;;2280494;DOSAGEM DE RENINA
;;;;2280071;DOSAGEM DE SODIO
;;;;2280267;DOSAGEM DE SOMATOMEDINA C (IGF1)
;;;;2280495;DOSAGEM DE SULFATO DE HIDROEPIANDROSTERONA (DHEAS)
;;;;2280308;DOSAGEM DE TRIPTOFANO
;;;;2280211;DOSAGEM DE TROPONINA
;;;;2280185;DOSAGEM DE ZINCO
;;;;2280188;DOSAGEM DO  ANTIGENO  CA 125
;;;;2280420;DOSAGEM E/OU FRACIONAMENTO DE ACIDOS ORGANICOS
;;;;2280072;EAS - SUMARIO DE URINA
;;;;2280237;ELETROFORESE DE HEMOGLOBINA
;;;;2280238;ELETROFORESE DE LIPOPROTEINAS
;;;;2280236;ELETROFORESE DE PROTEINAS
;;;;2280545;ELETROFORESE DE PROTEINAS C/ CONCENTRACAO NO LIQUOR
;;;;2280154;ERITROGRAMA( ERITROCITOS, HEMOGLOBINA, HEMATOCRITO )
;;;;2280546;ESPECTROFOTOMETRIA NO LIQUIDO AMNIOTICO
;;;;2280547;ESPLENOGRAMA
;;;;2280073;ESTRADIOL
;;;;2280404;EXAME COPROLOGICO FUNCIONAL
;;;;2280548;EXAME DE CARACTERES FISICOS CONTAGEM GLOBAL E ESPECIFICA DE CELULAS
;;;;2280399;EXAME LABORATORIAL PARA DOENÇA DE GAUCHER I
;;;;2280400;EXAME LABORATORIAL PARA DOENÇA DE GAUCHER II
;;;;2280179;EXAME MICROBIOLOGICO A FRESCO ( MICOLOGICO DIRETO)
;;;;2280421;EXAME QUALITATIVO DE CALCULOS URINARIOS
;;;;2280074;FAN - ANTICORPOS ANTI-NUCLEO , IFI
;;;;2280240;FATOR II - DOSAGEM
;;;;2280245;FATOR IX - DOSAGEM
;;;;2280075;FATOR REUMATOIDE , TESTE DO LATEX
;;;;2280076;FATOR RH (INCLUI DO FRACO)
;;;;2280243;FATOR VII - DOSAGEM
;;;;2280244;FATOR VIII - DOSAGEM
;;;;2280246;FATOR X - DOSAGEM
;;;;2280247;FATOR XI - DOSAGEM
;;;;2280248;FATOR XII - DOSAGEM
;;;;2280568;FENOTIPAGEM DE SISTEMA RH - HR
;;;;2280077;FERRITINA
;;;;2280078;FERRO SERICO
;;;;2280079;FOLICULO ESTIMULANTE, HORMONIO - FSH
;;;;2280080;FOSFATASE ALCALINA
;;;;2280082;GAMA-GLUTAMIL TRANSFERASE - GAMA GT
;;;;2280309;GASOMETRIA (PH PCO2 PO2 BICARBONATO AS2 (EXCESSO OU DEFICIT BASE )
;;;;2280083;GLICEMIA DE JEJUM
;;;;2280084;GLICEMIA POS PRANDIAL
;;;;2280085;GONADOTROFINA CORIONICA - BETA  HCG
;;;;2280086;GRUPO ABO - DETERMINACAO
;;;;2280088;HAV- IGG  ANTICORPOS  IGG CONTRA O VIRUS DA HEPATITE A
;;;;2280089;HAV-IGM   ANTICORPOS  IGM CONTRA O VIRUS DA HEPATITE A
;;;;2280092;HEMATOCRITO
;;;;2280450;HEMOCULTURA
;;;;2280094;HEMOGLOBINA GLICOSILADA
;;;;2280095;HEMOGRAMA COMPLETO
;;;;2280096;HERPES SIMPLES , PESQUISA DE ANTICORPOS, IGG
;;;;2280097;HERPES SIMPLES , PESQUISA DE ANTICORPOS, IGM
;;;;2280098;HERPES ZOSTER , PESQUISA DE ANTICORPOS , IGM
;;;;2280099;HERPES ZOSTER , PESQUISA DE ANTICORPOS, IGG
;;;;2280160;HORMONIO DE CRESCIMENTO - HGH
;;;;2280180;IDENTIFICAÇAO AUTOMATIZADA DE MICRORGANISMOS
;;;;2280569;IDENTIFICACAO DE ANTICORPOS SERICOS IRREGULARES C/ PAINEL DE HEMACIAS
;;;;2280405;IDENTIFICACAO DE FRAGMENTOS DE HELMINTOS
;;;;2280417;IDENTIFICAÇÃO DE GLICÍDIOS URINÁRIOS POR CROMATOGRAFIA (CAMADA DELGADA)
;;;;2280204;IMUNOELETROFORESE DE PROTEINAS
;;;;2280343;IMUNOFENOTIPAGEM DE HEMOPATIAS MALIGNAS (POR MARCADOR)
;;;;2280101;INSULINA
;;;;2280156;LEUCOGRAMA
;;;;2280102;LH LUTEINIZANTE HORMONIO
;;;;2280232;LINFOCITOS B , CONTAGEM
;;;;2280103;LIPASE
;;;;2280104;LITIO SERICO
;;;;2280105;MAGNESIO
;;;;2280258;MAGNESIO URINARIO
;;;;2280549;MIELOGRAMA
;;;;2280106;MUCO PROTEINAS
;;;;2280107;PARASITOLOGICO (METODOS DE CONCENTRACAO)
;;;;2280111;PARATORMONIO - DOSAGEM
;;;;2280451;PEQUISA DE PNEUMOCYSTI CARINI
;;;;2280422;PESQUISA / DOSAGEM DE AMINOACIDOS (POR CROMATOGRAFIA)
;;;;2280423;PESQUISA DE ALCAPTONA NA URINA
;;;;2280424;PESQUISA DE AMINOACIDOS NA URINA
;;;;2280192;PESQUISA DE ANTICORPO IGG ANTICARDIOLIPINA
;;;;2280193;PESQUISA DE ANTICORPO IGM ANTICARDIOLIPINA
;;;;2280347;PESQUISA DE ANTICORPOS ANTIADENOVIRUS
;;;;2280348;PESQUISA DE ANTICORPOS ANTIAMEBAS
;;;;2280349;PESQUISA DE ANTICORPOS ANTIASPERGILLUS
;;;;2280440;PESQUISA DE ANTICORPOS ANTIBRUCELAS
;;;;2280350;PESQUISA DE ANTICORPOS ANTICISTICERCO
;;;;2280351;PESQUISA DE ANTICORPOS ANTICLAMIDIA (POR IMUNOFLUORESCENCIA)
;;;;2280352;PESQUISA DE ANTICORPOS ANTICORTEX SUPRARENAL
;;;;2280191;PESQUISA DE ANTICORPOS ANTI-DNA
;;;;2280353;PESQUISA DE ANTICORPOS ANTIEQUINOCOCOS
;;;;2280228;PESQUISA DE ANTICORPOS ANTIESCLERODERMA (SCL 70)
;;;;2280354;PESQUISA DE ANTICORPOS ANTIESPERMATOZOIDES
;;;;2280550;PESQUISA DE ANTICORPOS ANTIESPERMATOZOIDES ( ELISA )
;;;;2280441;PESQUISA DE ANTICORPOS ANTIESTREPTOLISINA O (ASLO)
;;;;2280355;PESQUISA DE ANTICORPOS ANTIFIGADO
;;;;2280356;PESQUISA DE ANTICORPOS ANTIGLOMERULO
;;;;2280344;PESQUISA DE ANTICORPOS ANTI-HELICOBACTER PYLORI
;;;;2280345;PESQUISA DE ANTICORPOS ANTI-HIV-1 (WESTERN BLOT)
;;;;2280357;PESQUISA DE ANTICORPOS ANTIILHOTA DE LANGERHANS
;;;;2280358;PESQUISA DE ANTICORPOS ANTIINSULINA
;;;;2280359;PESQUISA DE ANTICORPOS ANTILEPTOSPIRAS
;;;;2280360;PESQUISA DE ANTICORPOS ANTILISTERIA
;;;;2280361;PESQUISA DE ANTICORPOS ANTIMITOCONDRIA
;;;;2280362;PESQUISA DE ANTICORPOS ANTIMUSCULO ESTRIADO
;;;;2280363;PESQUISA DE ANTICORPOS ANTIMUSCULO LISO
;;;;2280364;PESQUISA DE ANTICORPOS ANTIPARIETAIS
;;;;2280365;PESQUISA DE ANTICORPOS ANTIPLASMODIOS
;;;;2280205;PESQUISA DE ANTICORPOS ANTI-RIBONUCLEOPROTEINA (RNP)
;;;;2280346;PESQUISA DE ANTICORPOS ANTI-SCHISTOSOMAS
;;;;2280206;PESQUISA DE ANTICORPOS ANTI-SM
;;;;2280189;PESQUISA DE ANTICORPOS ANTI-SS-A (RO)
;;;;2280190;PESQUISA DE ANTICORPOS ANTI-SS-B (LA)
;;;;2280277;PESQUISA DE ANTICORPOS ANTITIREOGLOBULINA
;;;;2280366;PESQUISA DE ANTICORPOS CONTRA HISTOPLASMA
;;;;2280367;PESQUISA DE ANTICORPOS CONTRA O SPOROTRIX SCHENKII
;;;;2280368;PESQUISA DE ANTICORPOS CONTRA O VIRUS DA HEPATITE D (ANTI-HDV)
;;;;2280369;PESQUISA DE ANTICORPOS CONTRA O VIRUS DO SARAMPO
;;;;2280158;PESQUISA DE ANTICORPOS CONTRA PARACOCCIDIOIDES BRASILIENSIS
;;;;2280370;PESQUISA DE ANTICORPOS E/OU ANTIGENO DO VIRUS SINCICIAL RESPIRATORIO
;;;;2280371;PESQUISA DE ANTICORPOS EIE ANTICLAMIDIA
;;;;2280170;PESQUISA DE ANTICORPOS HETEROFILOS CONTA O VIRUS EPSTEIN BARR (MONONUCLEOSE)
;;;;2280373;PESQUISA DE ANTICORPOS IGG ANTILEISHMANIAS
;;;;2280115;PESQUISA DE ANTICORPOS IGG ANTITRIPANOSOMA CRUZI
;;;;2280376;PESQUISA DE ANTICORPOS IGG CONTRA ARBOVIRUS
;;;;2280199;PESQUISA DE ANTICORPOS IGG CONTRA O VIRUS EPSTEIN-BARR
;;;;2280375;PESQUISA DE ANTICORPOS IGG E IGM CONTRA ANTIGENO CENTRAL DO VIRUS DA HEPATITE B (ANTI-HBC-TOTAL)
;;;;2280378;PESQUISA DE ANTICORPOS IGM ANTILEISHMANIAS
;;;;2280116;PESQUISA DE ANTICORPOS IGM ANTITRIPANOSOMA CRUZI
;;;;2280381;PESQUISA DE ANTICORPOS IGM CONTRA ARBOVIRUS
;;;;2280198;PESQUISA DE ANTICORPOS IGM CONTRA O VIRUS EPSTEIN-BARR
;;;;2280570;PESQUISA DE ANTICORPOS IRREGULARES PELO METODO DA ELUICAO
;;;;2280571;PESQUISA DE ANTICORPOS SERICOS IRREGULARES 37OC
;;;;2280572;PESQUISA DE ANTICORPOS SERICOS IRREGULARES A FRIO
;;;;2280331;PESQUISA DE ATIVIDADE DO COFATOR DE RISTOCETINA
;;;;2280452;PESQUISA DE BACILO DIFTERICO
;;;;2280425;PESQUISA DE BETA-MERCAPTO-LACTATO-DISSULFIDURIA
;;;;2280457;PESQUISA DE CADEIAS LEVES KAPPA E LAMBDA
;;;;2280552;PESQUISA DE CARACTERES FISICOS NO LIQUOR
;;;;2280553;PESQUISA DE CELULAS ORANGIOFILAS
;;;;2280458;PESQUISA DE CISTINA NA URINA
;;;;2280459;PESQUISA DE COPROPORFIRINA NA URINA
;;;;2280332;PESQUISA DE CORPUSCULOS DE HEINZ
;;;;2280383;PESQUISA DE CRIOGLOBULINAS
;;;;2280554;PESQUISA DE CRISTAIS C/ LUZ POLARIZADA
;;;;2280406;PESQUISA DE ENTEROBIUS VERMICULARES (OXIURUS OXIURA)
;;;;2280407;PESQUISA DE EOSINOFILOS
;;;;2280460;PESQUISA DE ERROS INATOS DO METABOLISMO NA URINA
;;;;2280195;PESQUISA DE ESPERMATOZOIDES (APOS VASECTOMIA)
;;;;2280453;PESQUISA DE ESTREPTOCOCOS BETA-HEMOLITICOS DO GRUPO A
;;;;2280629;PESQUISA DE FATOR REUMATOIDE (WAALER-ROSE)
;;;;2280461;PESQUISA DE FENIL-CETONA NA URINA
;;;;2280333;PESQUISA DE FILARIA
;;;;2280462;PESQUISA DE FRUTOSE NA URINA
;;;;2280463;PESQUISA DE GALACTOSE NA URINA
;;;;2280159;PESQUISA DE GORDURA FECAL
;;;;2280454;PESQUISA DE HAEMOPHILUS DUCREY
;;;;2280255;PESQUISA DE HELICOBACTER PYLORI
;;;;2280263;PESQUISA DE HEMOGLOBINA S
;;;;2280464;PESQUISA DE HOMOCISTINA NA URINA
;;;;2280625;PESQUISA DE IMUNOGLOBULINA E (IGE) ALERGENO- ESPECÍFICA - 07
;;;;2280626;PESQUISA DE IMUNOGLOBULINA E (IGE) ALERGENO- ESPECÍFICA - 08
;;;;2280628;PESQUISA DE IMUNOGLOBULINA E (IGE) ALERGENO- ESPECÍFICA - 10
;;;;2280385;PESQUISA DE IMUNOGLOBULINA E (IGE) ALERGENO-ESPECIFICA - 01
;;;;2280386;PESQUISA DE IMUNOGLOBULINA E (IGE) ALERGENO-ESPECIFICA - 02
;;;;2280387;PESQUISA DE IMUNOGLOBULINA E (IGE) ALERGENO-ESPECIFICA - 03
;;;;2280388;PESQUISA DE IMUNOGLOBULINA E (IGE) ALERGENO-ESPECIFICA - 04
;;;;2280389;PESQUISA DE IMUNOGLOBULINA E (IGE) ALERGENO-ESPECIFICA - 05
;;;;2280390;PESQUISA DE IMUNOGLOBULINA E (IGE) ALERGENO-ESPECIFICA - 06
;;;;2280465;PESQUISA DE LACTOSE NA URINA
;;;;2280279;PESQUISA DE LARVAS NAS FEZES
;;;;2280532;PESQUISA DE LEPTOSPIRAS
;;;;2280161;PESQUISA DE LEUCOCITOS FECAIS
;;;;2280408;PESQUISA DE LEVEDURAS NAS FEZES
;;;;2280504;PESQUISA DE MACROPROLACTINA
;;;;2280466;PESQUISA DE MUCOPOLISSACARIDEOS NA URINA
;;;;2280409;PESQUISA DE OVOS DE SCHISTOSOMAS (EM FRAGMENTO DE MUCOSA)
;;;;2280467;PESQUISA DE PORFOBILINOGENIO NA URINA
;;;;2280468;PESQUISA DE PROTEINAS URINARIAS (POR ELETROFORESE)
;;;;2280555;PESQUISA DE RAGOCITOS NO LIQUIDO SINOVIAL E DERRAMES
;;;;2280212;PESQUISA DE ROTAVIRUS NAS FEZES
;;;;2280117;PESQUISA DE SANGUE OCULTO NAS FEZES
;;;;2280410;PESQUISA DE SUBSTANCIAS REDUTORAS NAS FEZES
;;;;2280469;PESQUISA DE TIROSINA NA URINA
;;;;2280280;PESQUISA DE TREPONEMA PALLIDUM
;;;;2280334;PESQUISA DE TRIPANOSSOMA
;;;;2280411;PESQUISA DE TRIPSINA NAS FEZES
;;;;2280412;PESQUISA DE TROFOZOITAS NAS FEZES
;;;;2280118;PROGESTERONA
;;;;2280119;PROLACTINA
;;;;2280120;PROTEINA C REATIVA, DETERMINACAO QUANTITATIVA
;;;;2280121;PROTEINAS TOTAIS E FRACOES
;;;;2280455;PROVA CONFIRMATÓRIA DA PRESENÇA DE MICRO-ORGANISMOS COLIFORMES
;;;;2280310;PROVA DA D-XILOSE
;;;;2280335;PROVA DE CONSUMO DE PROTROMBINA
;;;;2280470;PROVA DE DILUICAO (URINA)
;;;;2280196;PROVA DE PROGRESSAO ESPERMATICA (CADA)
;;;;2280123;PROVA DO LACO
;;;;2280556;PROVA DO LATEX P/ HAEMOPHILLUS INFLUENZAE, STREPTOCOCCUS PNEUMONIAE, NEISSERIA MENINGITIDIS (SOROTIP
;;;;2280557;PROVA DO LATEX P/ PESQUISA DO FATOR REUMATOIDE
;;;;2280391;PROVAS DE PRAUSNITZ-KUSTNER (PK)
;;;;2280392;PROVAS IMUNO-ALERGICAS BACTERIANAS
;;;;2280124;PSA LIVRE
;;;;2280126;PSA TOTAL
;;;;2280566;QUANTIFICAÇÃO/AMPLIFICAÇÃO DO HER-2
;;;;2280336;RASTREIO P/ DEFICIENCIA DE ENZIMAS ERITROCITARIAS
;;;;2280394;REACAO DE MONTENEGRO ID
;;;;2280558;REACAO DE PANDY
;;;;2280559;REACAO DE RIVALTA NO LIQUIDO SINOVIAL E DERRAMES
;;;;2280162;RETICULOCITOS - CONTAGEM
;;;;2280127;RETRACAO DO COAGULO
;;;;2280128;RUBEOLA , ANTICORPOS IGG
;;;;2280129;RUBEOLA , ANTICORPOS IGM
;;;;2280599;SODIO ( NA URINA 24 HORAS)
;;;;2280337;TESTE DE AGREGACAO DE PLAQUETAS
;;;;2280560;TESTE DE CLEMENTS
;;;;2280499;TESTE DE ESTIMULO COM GNRH OU COM AGONISTA GNRH
;;;;2280497;TESTE DE ESTIMULO DA PROLACTINA / TSH APOS TRH
;;;;2280498;TESTE DE ESTIMULO DA PROLACTINA APOS CLORPROMAZINA
;;;;2280500;TESTE DE ESTIMULO DO HGH APOS GLUCAGON
;;;;2280561;TESTE DE GASTROACIDOGRAMA - SECRECAO BASAL POR 60 EM 4 AMOSTRAS
;;;;2280338;TESTE DE HAM (HEMOLISE ACIDA)
;;;;2280562;TESTE DE HOLLANDER NO SUCO GASTRICO
;;;;2280501;TESTE DE SUPRESSAO DO CORTISOL APOS DEXAMETASONA
;;;;2280502;TESTE DE SUPRESSAO DO HGH APOS GLICOSE
;;;;2280311;TESTE DE TOLERANCIA A INSULINA / HIPOGLICEMIANTES ORAIS
;;;;2280130;TESTE DE VDRL P/ DETECCAO DE SIFILIS
;;;;2280503;TESTE P/ INVESTIGACAO DO DIABETES INSIPIDUS
;;;;2280395;TESTES ALERGICOS DE CONTATO
;;;;2280396;TESTES CUTANEOS DE LEITURA IMEDIATA
;;;;2280131;TESTOSTERONA LIVRE
;;;;2280132;TESTOSTERONA TOTAL
;;;;2280133;TGO
;;;;2280134;TGP
;;;;2280135;TIREOGLOBULINA
;;;;2280136;TIROXINA - T4
;;;;2280137;TIROXINA LIVRE (T4 LIVRE)
;;;;2280573;TITULACAO DE ANTICORPOS ANTI A E/OU ANTI B
;;;;2280138;TOXOPLASMOSE  IFI-IGG
;;;;2280139;TOXOPLASMOSE IFI (IGM)
;;;;2280140;TRANSFERRINA
;;;;2280141;TRIGLICERIDEOS
;;;;2280142;TRIIODOTIRONINA -  T3
;;;;2280143;TSH - HORMONIO ESTIMULANTE TIREOIDE
;;;;2280144;UREIA
;;;;2280145;UREIA, DOSAGEM EM URINA DE 24 HS
;;;;2280146;VDRL P/ DETECCAO DE SIFILIS EM GESTANTE
;;;;2280147;VELOCIDADE DE HEMOSSEDIMENTACAO (VHS)
;;;;2280148;VITAMINA B12
;;1101000;GRUPO - PATOLOGIA CLINICA (EXAMES DE LABORATORIO);;
;;2400000;GRUPO - PATOLOGIA CLINICA (REGULACAO);;
;;;;2400022;DETECCAO DE RNA DO VIRUS DA HEPATITE C (QUALITATIVO)
;;;;2400023;QUANTIFICACAO DE RNA DO VIRUS DA HEPATITE C
;;1301000;GRUPO - RADIODIAGNOSTICO;;
;;;;1301003;ABDOMEN  SIMPLES : AP
;;;;1301161;ABDOMEN : AP - LATERAL OU LOCALIZADA
;;;;1301126;ANTEBRACO DIREITO
;;;;1301127;ANTEBRACO ESQUERDO
;;;;1301109;ARCADA ZIGOMATICA -MALAR :  AP +  OBLIQUAS
;;;;1301009;ARTICULACAO ACROMIO-CLAVICULAR
;;;;1301128;ARTICULACAO COXO-FEMORAL DIREITO
;;;;1301129;ARTICULACAO COXO-FEMORAL ESQUERDO
;;;;1301114;ARTICULACAO ESCAPULO-UMERAL DIREITA
;;;;1301115;ARTICULACAO ESCAPULO-UMERAL ESQUERDO
;;;;1301012;ARTICULACAO ESTERNO-CLAVICULAR
;;;;1301013;ARTICULACAO SACRO ILIACA
;;;;1301014;ARTICULACAO TEMPORO MANDIBULAR BILATERAL
;;;;1301116;ARTICULACAO TIBIO-TARSICA DIREITA
;;;;1301117;ARTICULACAO TIBIO-TARSICA ESQUERDA
;;;;1301017;BACIA
;;;;1301118;BRACO DIREITO
;;;;1301119;BRACO ESQUERDO
;;;;1301130;CALCANEO DIREITO
;;;;1301131;CALCANEO ESQUERDO
;;;;1301133;CLAVICULA DIREITA
;;;;1301132;CLAVICULA ESQUERDO
;;;;1301026;COLUNA CERVICAL : AP + LATERAL + T.O OU FLEXAO
;;;;1301171;COLUNA CERVICAL: AP + LATERAL + TO + OBLIQUAS (AP E PERFIL)
;;;;1301028;COLUNA CERVICAL: FUNCIONAL OU DINAMICA
;;;;1301029;COLUNA DORSAL : AP + LATERAL
;;;;1301030;COLUNA DORSO - LOMBAR PARA ESCOLIOSE
;;;;1301031;COLUNA DORSO - LOMBAR PARA ESCOLIOSE DINAMICA
;;;;1301034;COLUNA LOMBO SACRA COM OBLIQUAS
;;;;1301032;COLUNA LOMBO SACRA FUNCIONAL OU DINAMICA
;;;;1301033;COLUNA LOMBO-SACRA
;;;;1301038;COSTELAS - POR HEMITORAX
;;;;1301134;COTOVELO DIREITO
;;;;1301135;COTOVELO ESQUERDO
;;;;1301136;COXA DIREITA
;;;;1301137;COXA ESQUERDA
;;;;1301043;CRANIO - PA + LAT. + OBLI. OU BRETTON + HIRTZ
;;;;1301042;CRANIO : PA + LATERAL
;;;;1301048;ESOFAGO
;;;;1301050;ESTERNO
;;;;1301138;JOELHO : AP + LATERAL DIREITO
;;;;1301139;JOELHO : AP + LATERAL ESQUERDO
;;;;1301142;JOELHO OU ROTULA - AP + LAT. + AXIAL DIREITO
;;;;1301143;JOELHO OU ROTULA - AP + LAT. + AXIAL ESQUERDO
;;;;1301140;JOELHO OU ROTULA - AP + LAT.- OBLIQUAS + 3 AXIAIS - DIREITO
;;;;1301141;JOELHO OU ROTULA - AP + LAT.- OBLIQUAS + 3 AXIAIS - ESQUERDO
;;;;1301061;LARINGE
;;;;1301121;LOCALIZACAO TRIDIMENSIONAL CORPO ESTRANHO GLOBO OCULAR
;;;;1301144;MAO DIREITA ( DUAS INCIDENCIAS)
;;;;1301145;MAO ESQUERDA ( DUAS INCIDENCIAS)
;;;;1301065;MAOS E PUNHOS PARA IDADE OSSEA
;;;;1301066;MASTOIDE OU ROCHEDOS BILATERAL
;;;;1301067;MAXILAR INFERIOR : PA + OBLIQUAS
;;;;1301235;OMBRO DIREITO (AP VERDADEIRO, PERFIL DE ESCAPULAR E AXILAR)
;;;;1301236;OMBRO ESQUERDO (AP VERDADEIRO, PERFIL DE ESCAPULAR E AXILAR)
;;;;1301148;ORBITAS DIREITA - P A + OBLIQUAS + HIRTZ
;;;;1301149;ORBITAS ESQUERDA- P A + OBLIQUAS + HIRTZ
;;;;1301071;OSSOS DA FACE - M.N. + LATERAL + HIRTZ
;;;;1301120;PANORAMICA DE MANDIBULA - ORTOPANTOGRAFIA
;;;;1301152;PE OU PODODACTILOS DIREITO
;;;;1301153;PE OU PODODACTILOS ESQUERDO
;;;;1301150;PERNA DIREITA
;;;;1301151;PERNA ESQUERDA
;;;;1301154;PUNHO DIREITO: AP + LATERAL + OBLIQUOS
;;;;1301155;PUNHO ESQUERDO: AP + LATERAL + OBLIQUOS
;;;;1301194;QUIRODACTILOS (DIREITO)
;;;;1301193;QUIRODACTILOS (ESQUERDO)
;;;;1301020;RADIOGRAFIA DE CAVUM (LATERAL + HIRTZ)
;;;;1301248;RADIOGRAFIA OCLUSAL
;;;;1301182;SACRO-COCCIX (AP E PERFIL)
;;;;1301091;SEIOS DA FACE : F.N. , M.N. , LATERAL - HIRTZ
;;;;1301092;SELA TURSICA : PA + LATERAL + BRETTON
;;;;1301249;TELERADIOGRAFIA COM TRACADOS E SEM TRACADOS
;;;;1301097;TORAX  PA + INSPIRACAO + EXPIRACAO + LATERAL
;;;;1301240;TORAX (PA PADRAO OIT)
;;;;1301100;TORAX : APICO - LORDORTICA
;;;;1301096;TORAX : PA E PERFIL
;;;;1301098;TORAX PA + LAT. + OBLIQUA
;;;;1301099;TORAX:  P.A
;;1711109;LARINGOSCOPIA DIRETA;;
;;1703205;TESTE DE ESFORCO OU TESTE ERGOMETRICO 2;;
;;0060055;TESTES VESTIBULARES / OTONEUROLOGICOS;;
;PRODIMAGEM;;;;
;;1313001;DENSITOMETRIA OSSEA - RADIODIAGNOSTICO;;
;;1407014;ECOCARDIOGRAFIA BI-DIMENSIONAL COM OU SEM DOPPLER;;
;;1407024;ECOCARDIOGRAFIA TRANSESOFAGICA;;
;;3513000;GRUPO - DIAGNOSTICO POR TOMOGRAFIA (SEDACAO);;
;;1305000;GRUPO - MAMOGRAFIA;;
;;3100000;GRUPO - RESSONANCIA MAGNETICA;;
;;3103000;GRUPO - RESSONANCIA MAGNETICA (SEDACAO);;
;;3500000;GRUPO - TOMOGRAFIA COMPUTADORIZADA;;
;;1300012;MAMOGRAFIA BILATERAL PARA RASTREAMENTO;;
;;1703205;TESTE DE ESFORCO OU TESTE ERGOMETRICO 2;;
;PRONEFRO;;;;
;;0766279;CONSULTA EM NEFROLOGIA - TERAPIA RENAL SUBSTITUTIVA;;
;PRONTO OLHOS;;;;
;;0701431;CONSULTA EM OFTALMOLOGIA - ACIMA DE 60 ANOS;;
;;0701814;CONSULTA EM OFTALMOLOGIA - AVALIACAO CIRURGICA;;
;;0701225;CONSULTA EM OFTALMOLOGIA - GERAL;;
;;2018324;CONSULTA EM OFTALMOLOGIA - GERAL RETORNO;;
;;0703283;CONSULTA EM OFTALMOLOGIA - GLAUCOMA - RETORNO;;
;;0118091;CONSULTA EM OFTALMOLOGIA - POS OPERATORIO;;
;;0701957;CONSULTA EM OFTALMOLOGIA - RETINA GERAL;;
;;0037014;CONSULTA EM OFTALMOLOGIA- ACIMA DE 60 ANOS- RETORNO;;
;;0031125;EXERCICIOS ORTOPTICOS;;
;;0814000;GRUPO - CIRURGIA AMB EM APARELHO VISUAL;;
;;1428000;GRUPO - DIAGNOSTICO POR ULTRASSONOGRAFIA - OFTALMOLOGIA;;
;;1707000;GRUPO - OFTALMOLOGIA;;
;;0461000;GRUPO - OFTALMOLOGIA - CATARATA;;
;;;;0461005;BIOMETRIA ULTRASSONICA - OLHO DIREITO
;;;;0461006;BIOMETRIA ULTRASSONICA - OLHO ESQUERDO
;;;;0461007;CERATOMETRIA - OLHO DIREITO
;;;;0461008;CERATOMETRIA - OLHO ESQUERDO
;;;;0461017;CONSULTA EM OFTALMOLOGIA - CIRURGIA DE CATARATA
;;;;0461009;MAPEAMENTO DE RETINA COM GRAFICO - OLHO DIREITO
;;;;0461010;MAPEAMENTO DE RETINA COM GRAFICO - OLHO ESQUERDO
;;;;0461011;MICROSCOPIA ESPECULAR DE CORNEA – OD
;;;;0461012;MICROSCOPIA ESPECULAR DE CORNEA – OE
;;;;0461003;PAQUIMETRIA ULTRASSÔNICA - OLHO DIREITO
;;;;0461004;PAQUIMETRIA ULTRASSÔNICA - OLHO ESQUERDO
;;;;0461013;TONOMETRIA - OLHO DIREITO
;;;;0461014;TONOMETRIA - OLHO ESQUERDO
;;;;0461015;TOPOGRAFIA COMPUTADORIZADA DE CORNEA – OD
;;;;0461016;TOPOGRAFIA COMPUTADORIZADA DE CORNEA – OE
;;;;0461001;ULTRASSONOGRAFIA DE GLOBO OCULAR / ORBITA - OLHO DIREITO
;;;;0461002;ULTRASSONOGRAFIA DE GLOBO OCULAR / ORBITA - OLHO ESQUERDO
;;0462000;GRUPO - OFTALMOLOGIA - GLAUCOMA;;
;;0238000;GRUPO - OFTALMOLOGIA - INJECAO INTRA-VITREO;;
;;0145000;GRUPO - OFTALMOLOGIA (APAC);;
;;0818000;GRUPO - PROCEDIMENTOS AMBULATORIAIS EM OFTALMOLOGIA;;
;;0823000;GRUPO - PUNCAO / BIOPSIA;;
;;1703007;RETINOGRAFIA COLORIDA BINOCULAR;;
;;1712012;RETINOGRAFIA FLUORESCENTE;;
;;1720013;TOMOGRAFIA DE COERÊNCIA ÓPTICA;;
;PULSAR CARDIOLOGIA E SAUDE;;;;
;;1407014;ECOCARDIOGRAFIA BI-DIMENSIONAL COM OU SEM DOPPLER;;
;;1407024;ECOCARDIOGRAFIA TRANSESOFAGICA;;
;;1703205;TESTE DE ESFORCO OU TESTE ERGOMETRICO 2;;
;RDB ANALISES CLINICAS;;;;
;;2280000;GRUPO - PATOLOGIA CLINICA (EXAMES DE LABORATORIO 2);;
;;1101000;GRUPO - PATOLOGIA CLINICA (EXAMES DE LABORATORIO);;
;;;;1101457;(PESQUISA/DOSAGEM) CROMATOGRAFIA DE AMINOACIDOS
;;;;1101957;17 ALFA HIDROXI PROGESTERONA
;;;;1101936;17 HIDROXICORTICOSTEROIDES
;;;;1101935;17-CETOSTEROIDES TOTAIS ( 17-CTS )
;;;;1101523;25 HIDROXIVITAMINA D (25 OHD)
;;;;1101815;5 NUCLEOTIDASE
;;;;1101001;ACETONA
;;;;1101700;ACIDO ASCORBICO
;;;;1101002;ACIDO CITRICO
;;;;1101446;ACIDO DELTA AMINOLEVULINICO
;;;;1101441;ACIDO HIPURICO
;;;;1101828;ACIDO LATICO
;;;;1101440;ACIDO MANDELICO
;;;;1101492;ACIDO METIL HIPURICO - PESQUISA (URINA)
;;;;1101829;ACIDO OXALICO
;;;;1101830;ACIDO PIRUVICO
;;;;1101003;ACIDO URICO
;;;;1101004;ACIDO URICO (LIQUIDO SINOVIAL E DERRAMES)
;;;;1101855;ACIDO VALPROICO
;;;;1101940;ACIDO VANIL MANDELICO
;;;;1101879;ACIDOS ORGANICOS, DOSAGEM
;;;;1101491;ADDIS , CONTAGEM
;;;;1101929;ADENOGRAMA
;;;;1101961;ADRENOCORTICOTROFICO, HORMONIO - ACTH
;;;;1101490;ALCAPTONURIA , PESQUISA
;;;;1101832;ALDOLASE
;;;;1101947;ALDOSTERONA
;;;;1101836;ALFA 1 ANTITRIPSINA
;;;;1101837;ALFA 1 GLICOPROTEINA ACIDA
;;;;1101838;ALFA 2 MACROGLOBULINA
;;;;1101701;ALFA FETO PROTEINA
;;;;1101702;ALUMINIO SERICO
;;;;1101005;AMILASE
;;;;1101468;AMINOACIDOS TOTAIS , PESQUISA
;;;;1101756;AMONIA
;;;;1101941;AMP  CICLICO
;;;;1101958;ANDROSTENEDIONA
;;;;1101857;ANFETAMINA
;;;;1101703;ANTI HBC - IGG ANTICORPOS IGG CONTRA ANTIGENO C DA HEPATITE B
;;;;1101704;ANTI HBC - IGM ANTICORPOS IGM CONTRA ANTIGENO C DA HEPATITE B
;;;;1101705;ANTI HBE - ANTICORPOS CONTRA ANTIGENO E DA HEPATITE B
;;;;1101006;ANTI HBS - ANTICORPOS CONTRA ANTIGENO S DA HEPATITE B
;;;;1101706;ANTI HCV  ANTICORPOS CONTRA O VIRUS DA HEPATITE C
;;;;1101007;ANTIBIOGRAMA
;;;;1101343;ANTIBIOGRAMA C/ CONCENTRACAO INIBITORIA MINIMA
;;;;1101344;ANTIBIOGRAMA P/ MICOBACTERIAS
;;;;1101707;ANTI-CARDIOLIPINA  IGG - EIE
;;;;1101708;ANTI-CARDIOLIPINA, IGM - EIE
;;;;1101898;ANTICOAGULANTE CIRCULANTE - DOSAGEM
;;;;1101180;ANTICORPOS  ANTI-CORTEX SUPRARENAL , IFI
;;;;1101284;ANTICORPOS  IGM CONTRA O VIRUS EPSTEIN-BARR
;;;;1101899;ANTICORPOS ANTI A E/OU ANTI B - PESQUISA
;;;;1101258;ANTICORPOS ANTI HIV  ( WESTERN BLOT)
;;;;1101009;ANTICORPOS ANTI MICROSSOMAL (TIREOIDEANO) - IFI
;;;;1101872;ANTICORPOS ANTIESPERMATOZOIDES ( ELISA )
;;;;1101177;ANTICORPOS ANTI-FIGADO , IFI
;;;;1101176;ANTICORPOS ANTI-GLOMERULO- IFI
;;;;1101175;ANTICORPOS ANTI-ILHOTA DE LANGHERANS- IFI
;;;;1101282;ANTICORPOS ANTI-INSULINA
;;;;1101281;ANTICORPOS ANTI-MUSCULO ESTRIADO
;;;;1101298;ANTICORPOS ANTI-MUSCULO LISO (IFI)
;;;;1101760;ANTICORPOS ANTI-PLAQUETARIOS - DETERMINACAO
;;;;1101709;ANTICORPOS ANTI-SM
;;;;1101280;ANTICORPOS ANTI-SS-A ( RO ) - EIE
;;;;1101279;ANTICORPOS ANTI-SS-B ( LA ) - EIE
;;;;1101010;ANTICORPOS ANTI-TIREOGLOBULINA, EIE
;;;;1101750;ANTICORPOS IGG  CONTRA O VIRUS EPSTEIN-BARR
;;;;1101932;ANTICORPOS IRREGULARES PELO METODO ELUICAO/PESQUISA
;;;;1101900;ANTICORPOS SERICOS  IRREGULARES - MEIO SALINO - 37ø - PESQUI
;;;;1101901;ANTICORPOS SERICOS IRREGULARES A FRIO - PESQUISA
;;;;1101933;ANTICORPOS SERICOS IRREGULARES COM PAINEL DE HEMACIAS - IDEN
;;;;1101012;ANTIESTREPTOLISINA O ( ASLO ) , DETERMINACAO QUANTITATIVA
;;;;1101267;ANTI-HDV - ANTICORPOS CONTRA O VIRUS DA HEPATITE D
;;;;1101295;ASPERGILUS , RFC
;;;;1101013;BACILO DUCREY (PESQUISA)
;;;;1101206;BACILOSCOPIA DIRETA P/ BAAR (HANSENIASE)
;;;;1101207;BACILOSCOPIA DIRETA P/ BAAR TUBERCULOS (CONTROLE)
;;;;1101205;BACILOSCOPIA DIRETA P/ BAAR TUBERCULOSE (DIAGNOSTICA)
;;;;1101389;BACTERIAS ANAEROBICAS , CULTURA
;;;;1101017;BACTEROSCOPIA (POR LAMINA)
;;;;1101871;BARBITURATOS
;;;;1101714;BETA 2 MICROGLOBULINA
;;;;1101489;BETA MERCAPTO-LACTATO-DISULFIDURIA , PESQUISA
;;;;1101018;BILIRRUBINA TOTAL E FRACOES
;;;;1101411;CA 125 (OV)
;;;;1101466;CADEIAS LEVES:  KAPA E LAMBDA, PESQUISA
;;;;1101599;CADMIO
;;;;1101200;CALCEMIA
;;;;1101019;CALCIO
;;;;1101020;CALCIO IONIZAVEL
;;;;1101327;CALCIO URINARIO
;;;;1101962;CALCITONINA
;;;;1101201;CALCIURIA 24H
;;;;1101465;CALCULOS URINARIOS , EXAME QUALITATIVO
;;;;1101021;CAPACIDADE DE FIXACAO DO FERRO
;;;;1101606;CARBAMAZEPINA
;;;;1101902;CARBOXIHEMOGLOBINA - DETERMINACAO
;;;;1101453;CARIOTIPO COM TECNICAS DE BANDA EM CULTURA DE LONGA DURACAO
;;;;1101454;CARIOTIPO EM MEDULA OSSEA E VILOSIDADES CORIONICAS  COM TECNICAS DE BANDA
;;;;1101455;CARIOTIPO EM SANGUE PERIFERICO COM TECNICAS DE BANDA
;;;;1101817;CAROTENO
;;;;1101264;CEA (ANTIGENO CARCINOEMBRIOGENICO)
;;;;1101107;CELULAS LE - PESQUISA
;;;;1101839;CERULOPLASMINA
;;;;1101023;CHAGAS , IFI
;;;;1101598;CHUMBO
;;;;1101860;CICLOSPORINA
;;;;1101064;CITOMEGALOVIRUS , IFI (IGG)
;;;;1101065;CITOMEGALOVIRUS , IFI (IGM)
;;;;1101919;CITOQUIMICA HEMATOLOGICA
;;;;1101027;CLAMIDIA (EIE)
;;;;1101388;CLAMIDIA,  CITOLOGIA
;;;;1101030;CLEARANCE DE CREATININA
;;;;1101820;CLEARANCE DE FOSFATO
;;;;1101031;CLEARANCE DE UREIA
;;;;1101821;CLEARANCE OSMOLAR
;;;;1101254;CLEMENTS , TESTE DE
;;;;1101032;CLORETO
;;;;1101597;COBRE
;;;;1101036;COLESTEROL ( LDL)
;;;;1101035;COLESTEROL (HDL)
;;;;1101038;COLESTEROL TOTAL
;;;;1101039;COLINESTERASE
;;;;1101783;COMPLEMENTO ( CH50 ) , DOSAGEM
;;;;1101742;COMPLEMENTO C3 , IDR
;;;;1101716;COMPLEMENTO C4 , IDR
;;;;1101903;CONSUMO DE PROTROMBINA
;;;;1101247;CONTAGEM ESPECIFICA DE CELULAS (LIQUOR)
;;;;1101246;CONTAGEM GLOBAL DE CELULAS (LIQUOR)
;;;;1101800;CORTISOL -  CADA AMOSTRA - MAXIMO 3 DOSAGENS
;;;;1101045;CREATININA
;;;;1101046;CREATININA - DOSAGEM - LIQUIDO AMNIOTICO
;;;;1101833;CREATINOFOSFOQUINASE - FRACAO MB
;;;;1101981;CRIOAGLUTININA - DOSAGEM
;;;;1101983;CRIOGLOBULINAS,  PESQUISA
;;;;1101250;CRISTAIS COM LUZ POLARIZADA, PESQUISA DE
;;;;1101458;CROMATOGRAFIA DE ACUCARES (MELITURIA)
;;;;1101399;CULTURA DE LEITE MATERNO POS PASTEURIZACAO
;;;;1101234;CULTURA PARA BAAR
;;;;1101051;CULTURA PARA IDENTIFICACAO DE BACTERIAS
;;;;1101063;CULTURA PARA IDENTIFICACAO DE FUNGOS
;;;;1101398;CULTURAS AUTOMATIZADAS
;;;;1101052;CURVA GLICEMICA -  2 DOSAGENS-ORAL
;;;;1101718;CURVA GLICEMICA  5 DOSAGENS INDUCAO POR CORTISONA
;;;;1101053;CURVA GLICEMICA CLASSICA 5 DOSAGENS-ORAL
;;;;1101849;CURVA GLICEMICA POR INDUCAO COM CORTISONA - 4 DOSAGENS
;;;;1101795;DEHIDROEPIANDROSTERONA - DHEA
;;;;1101948;DEHIDROEPIANDROSTERONA -SULFATO DE
;;;;1101840;DESIDROGENASE ALFA-HIDROXIBUTIRICA
;;;;1101841;DESIDROGENASE GLUTAMICA
;;;;1101054;DESIDROGENASE LATICA
;;;;1101834;DESIDROGENASE LATICA - ISOENZIMAS FRACIONADAS
;;;;1101354;DETECCAO DE RNA DO HIV-1 (QUALITATIVO)
;;;;1101853;DETERMINACAO DE CROMATOGRAFIA DE AMINOACIDOS
;;;;1101694;DETERMINACAO DE FOSFOLIPIDIOS RELACAO LECITINA - ESFINGOMIELINA NO LIQUIDO AMNIOTICO
;;;;1101346;DETERMINACAO DE RETENCAO DE T3
;;;;1101347;DETERMINACAO DE T3 REVERSO
;;;;1101614;DETERMINACAO DE TEMPO DE COAGULACAO
;;;;1101154;DETERMINACAO DO TEMPO DE SANGRAMENTO ( DUKE) )
;;;;1101878;DIGESTIBILIDADE - PROVA DE
;;;;1101949;DIHIDROTESTOTERONA - DHT
;;;;1101219;DOSAGEM DE ANTICORPOS ANTITRANSGLUTAMINAISE RECOMBINANTE HUMANO IGA
;;;;1101664;DOSAGEM DE ANTITROMBINA III
;;;;1101047;DOSAGEM DE CREATINOFOSFOQUINASE (CPK)
;;;;1101665;DOSAGEM DE FATOR V
;;;;1101666;DOSAGEM DE FATOR VII
;;;;1101313;DOSAGEM DE FATOR VON WILLEBRAND (ANTIGENO)
;;;;1101667;DOSAGEM DE FATOR X
;;;;1101501;DOSAGEM DE FOLATO
;;;;1101560;DOSAGEM DE GLOBULINA TRANSPORTADORA DE TIROXINA
;;;;1101056;DOSAGEM DE HEMOGLOBINA
;;;;1101332;DOSAGEM DE IMUNOGLOBULINA A (IGA)
;;;;1101209;DOSAGEM DE IMUNOGLOBULINA E (IGE)
;;;;1101212;DOSAGEM DE IMUNOGLOBULINA M (IGM)
;;;;1101757;DOSAGEM DE MICROALBUMINA NA URINA
;;;;1101520;DOSAGEM DE PEPTIDEO C
;;;;1101122;DOSAGEM DE POTASSIO
;;;;1101146;DOSAGEM DE SODIO
;;;;1101764;ELETROFORESE DE HEMOGLOBINA - FOCALIZACAO ISOELETRICA
;;;;1101844;ELETROFORESE DE LIPOPROTEINAS
;;;;1101765;ELETROFORESE DE PROTEINAS
;;;;1101239;ELETROFORESE DE PROTEINAS COM CONCENTRACAO (LIQUOR)
;;;;1101456;ELETROFORESE DE PROTEINAS URINARIAS COM CONCENTRACAO
;;;;1101904;ENZIMAS ERITROCITARIAS  DETERMINACAO - CADA
;;;;1101894;ENZIMAS ERITROCITARIAS - RASTREIO PARA DEFICIENCIA DE
;;;;1101057;EOSINOFILOS -  PESQUISA
;;;;1101058;ERITROGRAMA( ERITROCITOS, HEMOGLOBINA, HEMATOCRITO )
;;;;1101251;ESPECTROFOTOMETRIA (LIQUIDO AMNIOTICO)
;;;;1101060;ESPERMOGRAMA (CARACTERES FISICOS, MOBILIDADE, CONTAGEM E MOR
;;;;1101920;ESPLENOGRAMA
;;;;1101874;ESTERCOBILINOGENIO FECAL - DOSAGEM
;;;;1101190;ESTRADIOL
;;;;1101950;ESTRIOL
;;;;1101943;ESTRONA
;;;;1101062;EXAME CARACTERES FISICOS  CONTAGEM GLOBAL E ESPECIFICA DE CELULAS
;;;;1101719;EXAME DE FRAGMENTOS/PARTES DE HELMINTOS PARA IDENTIFICACAO
;;;;1101061;EXAME MICROBIOLOGICO A FRESCO (DIRETO)
;;;;1101743;FAN - ANTICORPOS ANTI-NUCLEO , IFI
;;;;1101905;FATOR II - DOSAGEM
;;;;1101911;FATOR IX - DOSAGEM
;;;;1101090;FATOR REUMATOIDE , TESTE DO LATEX
;;;;1101720;FATOR RH (INCLUI DO FRACO)
;;;;1101909;FATOR VIII - DOSAGEM
;;;;1101923;FATOR VIII - DOSAGEM DO INIBIDOR
;;;;1101913;FATOR XI - DOSAGEM
;;;;1101914;FATOR XII - DOSAGEM
;;;;1101915;FATOR XIII - DOSAGEM (UREIA 5M)
;;;;1101485;FENILCETONURIA, PESQUISA
;;;;1101612;FENITOINA
;;;;1101438;FENOL
;;;;1101934;FENOTIPAGEM DO SISTEMA RH-HR
;;;;1101721;FERRITINA
;;;;1101066;FERRO SERICO
;;;;1101055;FIBRINOGENIO - DOSAGEM
;;;;1101075;FOLICULO ESTIMULANTE, HORMONIO - FSH
;;;;1101722;FORMALDEIDO
;;;;1101067;FOSFATASE ACIDA (ESPERMA)
;;;;1101068;FOSFATASE ACIDA TOTAL
;;;;1101069;FOSFATASE ACIDA-FRACAO PROSTATICA
;;;;1101070;FOSFATASE ALCALINA
;;;;1101071;FOSFATASE ALCALINA (ESPERMA)
;;;;1101040;FRACAO DO HEMOGRAMA - PLAQUETAS - CONTAGEM
;;;;1101809;FRUTOSE
;;;;1101074;FRUTOSE (ESPERMA)
;;;;1101483;FRUTOSURIA , PESQUISA
;;;;1101744;FTA-ABS, PARA SIFILIS - IGG
;;;;1101745;FTA-ABS, PARA SIFILIS,  IGM
;;;;1101845;GALACTOSE (ENZIMATICA)
;;;;1101191;GALACTOSE (URINA)
;;;;1101078;GAMA-GLUTAMIL TRANSFERASE - GAMA GT
;;;;1101507;GASOMETRIA (PH, PCO2, PO2, BICARBONATO, SA, 02, EXC. BASE )
;;;;1101944;GASTRINA
;;;;1101773;GLICEMIA POS PRANDIAL
;;;;1101080;GLICOSE
;;;;1101079;GLICOSE (LIQUIDO SINOVIAL E DERRAMES)
;;;;1101767;GLICOSE-6-FOSFATO DESIDROGENASE
;;;;1101081;GONADOTROFINA CORIONICA - BETA  HCG
;;;;1101881;GORDURA FECAL, DOSAGEM DE
;;;;1101723;GRUPO ABO - DETERMINACAO
;;;;1101883;HAM, TESTE DE   ( HEMOLISE ACIDA )
;;;;1101846;HAPTOGLOBINA
;;;;1101724;HAV- IGG  ANTICORPOS  IGG CONTRA O VIRUS DA HEPATITE A
;;;;1101725;HAV-IGM   ANTICORPOS  IGM CONTRA O VIRUS DA HEPATITE A
;;;;1101726;HBEAG - ANTIGENO E DA HEPATITE B
;;;;1101085;HBSAG - ANTIGENO S (SUPERFICIE) DA HEPATITE B
;;;;1101884;HEINZ - PESQUISA DE CORPUSCULOS DE
;;;;1101274;HELICOBACTER  PYLORI -EIE
;;;;1101798;HELICOBACTER PYLORI, PESQUISA DIRETA
;;;;1101924;HEMACIAS- TEMPO DE SOBREVIDA
;;;;1101086;HEMATOCRITO
;;;;1101087;HEMOCULTURA (INCLUI ANTIBIOGRAMA QUANDO NECESSARIO) - POR AM
;;;;1101785;HEMOGLOBINA - INSTABILIDADE A 37 oC
;;;;1101886;HEMOGLOBINA FETAL - DOSAGEM POR DESNATURACAO ALCALINA
;;;;1101088;HEMOGLOBINA GLICOSILADA
;;;;1101089;HEMOGRAMA COMPLETO
;;;;1101887;HEMOSSIDERINA (SIDEROCITOS)  NO  SANGUE E URINA -  PESQUISA
;;;;1101728;HERPES SIMPLES , PESQUISA DE ANTICORPOS, IGG
;;;;1101729;HERPES SIMPLES , PESQUISA DE ANTICORPOS, IGM
;;;;1101397;HERPESVIRUS , CITOLOGIA
;;;;1101396;HERPESVIRUS, CULTURA
;;;;1101498;HOLLANDER , TESTE (SUCO GASTRICO)
;;;;1101480;HOMOCISTINA, PESQUISA (URINA)
;;;;1101945;HORMONIO DE CRESCIMENTO - HGH
;;;;1101289;IGE POR GRUPO ESPECIFICO (1101289)
;;;;1101695;IGE POR GRUPO ESPECIFICO (1101695)
;;;;1101696;IGE POR GRUPO ESPECIFICO (1101696)
;;;;1101697;IGE POR GRUPO ESPECIFICO (1101697)
;;;;1101698;IGE POR GRUPO ESPECIFICO (1101698)
;;;;1101699;IGE POR GRUPO ESPECIFICO (1101699)
;;;;1101266;IMUNOELETROFORESE ( ESTUDO DA GAMOPATIA MONOCLONAL )
;;;;1101265;IMUNOFLUORESCENCIA PARA HIV (IFI)
;;;;1101999;INIBIDOR DE C1 - ESTERASE
;;;;1101937;INSULINA
;;;;1101822;ISOMERASE FOSFOHEXOSE
;;;;1101479;LACTOSURIA , PESQUISA
;;;;1101245;LATEX ( H. INFLUENZAE, S. PNEUMONIEAE, N.MENINGIT. A, B E C)
;;;;1101237;LEPTOSPIRA  PESQUISA
;;;;1101823;LEUCINO AMINOPEPTIDASE
;;;;1101091;LEUCOGRAMA
;;;;1101188;LH LUTEINIZANTE HORMONIO
;;;;1101263;LINFOCITOS B , CONTAGEM
;;;;1101262;LINFOCITOS T , CONTAGEM
;;;;1101092;LIPASE
;;;;1101799;LISTERIA  IFD
;;;;1101095;LITIO SERICO
;;;;1101096;MAGNESIO
;;;;1101198;MALARIA , IFI
;;;;1101476;MERCURIO, PESQUISA (URINA)
;;;;1101916;META-HEMOGLOBINA - DETERMINACAO
;;;;1101867;METHOTREXATE
;;;;1101931;MIELOGRAMA
;;;;1101098;MONONUCLEOSE , SOROLOGIA ( MONOTESTE )
;;;;1101747;MONTENEGRO ( LEISCHMANIOSE ) , ID
;;;;1101099;MUCO PROTEINAS
;;;;1101461;MUCOPOLISSACARIDOSE, PESQUISA
;;;;1101460;OSMOLALIDADE , DETERMINACAO
;;;;1101835;OSMOLARIDADE
;;;;1101243;PANDY , REACAO DE
;;;;1101959;PARATORMONIO - DOSAGEM
;;;;1101104;PESQUISA  SCHISTOSOMA-OVOS-EM FRAGMENTO DE MUCOSA - SEM COLE
;;;;1101669;PESQUISA DE ANTICORPOS ANTIADENOVIRUS
;;;;1101670;PESQUISA DE ANTICORPOS ANTIAMEBAS
;;;;1101570;PESQUISA DE ANTICORPOS ANTIBRUCELAS
;;;;1101349;PESQUISA DE ANTICORPOS ANTICLAMIDIA (POR IMUNOFLUORESCENCIA)
;;;;1101686;PESQUISA DE ANTICORPOS ANTICORPOS ANTI-HTLV-1 (WESTERN-BLOT)
;;;;1101341;PESQUISA DE ANTICORPOS ANTI-DNA
;;;;1101572;PESQUISA DE ANTICORPOS ANTIESCLERODERMA (SCL 70)
;;;;1101008;PESQUISA DE ANTICORPOS ANTI-HIV-1 + HIV-2 (ELISA)
;;;;1101330;PESQUISA DE ANTICORPOS ANTI-HTLV-1 + HTLV-2
;;;;1101653;PESQUISA DE ANTICORPOS ANTILEPTOSPIRA
;;;;1101574;PESQUISA DE ANTICORPOS ANTIMITOCONDRIA
;;;;1101660;PESQUISA DE ANTICORPOS ANTIPARIETAIS
;;;;1101342;PESQUISA DE ANTICORPOS ANTI-SCHISTOSOMAS
;;;;1101673;PESQUISA DE ANTICORPOS CONTRA HISTOPLASMA
;;;;1101203;PESQUISA DE ANTICORPOS CONTRA PARACOCCIDIOIDES BRASILIENSIS
;;;;1101584;PESQUISA DE ANTICORPOS IGG ANTILEISHMANIAS
;;;;1101216;PESQUISA DE ANTICORPOS IGG ANTITRIPANOSOMA CRUZI
;;;;1101337;PESQUISA DE ANTICORPOS IGG CONTRA ARBOVIRUS (DENGUE E FEBRE AMARELA)
;;;;1101661;PESQUISA DE ANTICORPOS IGG CONTRA O VIRUS DA VARICELA-HERPES ZOSTER
;;;;1101676;PESQUISA DE ANTICORPOS IGM ANTILEISHMANIAS
;;;;1101221;PESQUISA DE ANTICORPOS IGM ANTITRIPANOSOMA CRUZI
;;;;1101677;PESQUISA DE ANTICORPOS IGM CONTRA ARBOVIRUS (DENGUE E FEBRE AMARELA)
;;;;1101662;PESQUISA DE ANTICORPOS IGM CONTRA O VIRUS DA VARICELA-HERPES ZOSTER
;;;;1101202;PESQUISA DE ATIVIDADE DO COFATOR DE RISTOCETINA
;;;;1101663;PESQUISA DE BACILO DIFTERICO
;;;;1101608;PESQUISA DE CARACTERES FISICOS NO LIQUOR
;;;;1101253;PESQUISA DE CELULAS ORANGIOFILAS
;;;;1101487;PESQUISA DE CISTINA NA URINA
;;;;1101350;PESQUISA DE CLAMIDIA (POR CAPTURA HIBRIDA)
;;;;1101486;PESQUISA DE COPROPORFIRINA NA URINA
;;;;1101779;PESQUISA DE ELEMENTOS ANORMAIS/SEDIMENTO NA URINA
;;;;1101459;PESQUISA DE ERROS INATOS DO METABOLISMO (INCLUI AMINOACIDOS,
;;;;1101108;PESQUISA DE ESPERMATOZOIDES  APOS VASECTOMIA
;;;;1101579;PESQUISA DE FATOR REUMATOIDE (WAALER  ROSE)
;;;;1101658;PESQUISA DE FILARIA
;;;;1101082;PESQUISA DE GORDURA FECAL
;;;;1101357;PESQUISA DE HEMOGLOBINA S
;;;;1101110;PESQUISA DE LARVAS (METODO DE BAERMANN OU RUGAI)
;;;;1101111;PESQUISA DE LEUCOCITOS FECAIS
;;;;1101112;PESQUISA DE LEVEDURAS
;;;;1101680;PESQUISA DE MACROPROLACTINA
;;;;1101101;PESQUISA DE OVOS E CISTOS DE PARASITAS
;;;;1101149;PESQUISA DE OXIURUS COM  COLETA  POR SWAB ANAL
;;;;1101475;PESQUISA DE PORFOBILINOGENIO NA URINA
;;;;1101116;PESQUISA DE SANGUE OCULTO NAS FEZES
;;;;1101118;PESQUISA DE SUBSTANCIAS REDUTORAS NAS FEZES
;;;;1101353;PESQUISA DE TROFOZOITAS NAS FEZES
;;;;1101926;PLAQUETAS - TESTE DE AGREGACAO POR AGENTE AGREGANTE
;;;;1101917;PLASMINOGENIO - DOSAGEM
;;;;1101826;PORFIRINAS QUANTITATIVAS ( CADA )
;;;;1101771;PROGESTERONA
;;;;1101124;PROLACTINA
;;;;1101103;PROTEINA C REATIVA , PESQUISA
;;;;1101125;PROTEINA C REATIVA, DETERMINACAO QUANTITATIVA
;;;;1101127;PROTEINAS (LIQUIDO SINOVIAL E DERRAMES)
;;;;1101128;PROTEINAS TOTAIS
;;;;1101129;PROTEINAS TOTAIS E FRACOES
;;;;1101126;PROTEINURIA DE 24 HORAS
;;;;1101848;PROVA DA D. XILOSE
;;;;1101474;PROVA DA DILUICAO (URINA)
;;;;1101130;PROVA DE PROGRESSAO ESPERMATICA (CADA)
;;;;1101875;PROVA DE TRIPSINA
;;;;1101131;PROVA DO LACO
;;;;1101587;PROVA DO LATEX P/ PESQUISA DO FATOR REUMATOIDE
;;;;1101964;PROVA DO LH-HR : DOS. FSH (6D): DOS. LH (6D)
;;;;1101938;PROVA PARA INVESTIGACAO DO DIABETES INSIPIDUS
;;;;1101965;PROVA TRH : DOS. PROLACTINA (4D): DOS. DO TSH (4 D)
;;;;1101631;PROVAS DE PRAUSNITZ-KUSTNER (PK)
;;;;1101358;PROVAS IMUNO-ALERGICAS BACTERIANAS
;;;;1101133;PSA (ANTIGENO PROSTATICO ESPECIFICO)
;;;;1101249;RAGOCITOS , PESQUISA DE (LIQUIDO SINOVIAL E DERRAMES)
;;;;1101952;RENINA
;;;;1101888;RESISTENCIA GLOBULAR - CURVA
;;;;1101137;RETICULOCITOS - CONTAGEM
;;;;1101138;RETRACAO DO COAGULO
;;;;1101248;RIVALTA , REACAO DE (LIQUIDO SINOVIAL E DERRAMES)
;;;;1101139;ROTAVIRUS ( FEZES ) , PESQUISA
;;;;1101140;RUBEOLA , ANTICORPOS IGG
;;;;1101748;RUBEOLA , ANTICORPOS IGM
;;;;1101195;SARAMPO , RFC/IFI
;;;;1101939;SEROTONINA - ( ACIDO 5-HIDROXI-INDOL-ACETICO)
;;;;1101746;SOMATOMEDINA C
;;;;1101117;STREPTOCOCUS BETA-HEMOLITICO DO GRUPO A , PESQUISA
;;;;1101889;SULFO-HEMOGLOBINA - DETERMINACAO
;;;;1101890;TEMPO DE LISE DA EUGLOBULINA
;;;;1101155;TEMPO DE SANGRAMENTO DE IVY
;;;;1101896;TEMPO DE TROMBINA
;;;;1101157;TEMPO DE TROMBOPLASTINA PARCIAL ATIVADA (TTP ATIVADA)
;;;;1101158;TEMPO E ATIVIDADE PROTOMBINICA
;;;;1101600;TESTE DE ANTIGLOBULINA HUMANA  ( TIA  )
;;;;1101517;TESTE DE ANTIGLOBULINA HUMANA (TDA )
;;;;1101966;TESTE DE ESTIMULO DO HGH APOS GLUCAGON DOS. DO HGH (4 D) - AP
;;;;1101967;TESTE DE ESTIMULO PELA CLORPROMAZINA DOSAGEM  PROLACTINA (6D
;;;;1101497;TESTE DE GASTROACIDOGRAMA - SECRECAO BASAL POR 60 EM 4 AMOSTRAS
;;;;1101960;TESTE DE SUPRESSAO COM DEXAMETAZONA - DOSAGEM DO CORTISOL(2
;;;;1101968;TESTE DE SUPRESSAO COM SOBRECARGA DE GLICOSE  -  DOSAGEM  HG
;;;;1101791;TESTE DE TOLERANCIA A INSULINA OU HIPOGLICEMIANTES ORAIS
;;;;1101172;TESTE DE VDRL P/ DETECCAO DE SIFILIS
;;;;1101558;TESTES ALERGICOS DE CONTATO
;;;;1101559;TESTES CUTANEOS DE LEITURA IMEDIATA
;;;;1101755;TESTOSTERONA LIVRE
;;;;1101160;TESTOSTERONA TOTAL
;;;;1101736;TIREOGLOBULINA
;;;;1101471;TIROSINOSE , PESQUISA (URINA)
;;;;1101163;TIROXINA - T4
;;;;1101317;TIROXINA LIVRE (T4 LIVRE)
;;;;1101165;TOXOPLASMOSE  IFI-IGG
;;;;1101164;TOXOPLASMOSE IFI (IGM)
;;;;1101161;TRANSAMINASE OXALACETICA (ASPARTATO AMINO TRANSFERASE)
;;;;1101162;TRANSAMINASE PIRUVICA (ALANINA AMINO TRANSFERASE)
;;;;1101166;TRANSFERRINA
;;;;1101235;TREPONEMA ( PALLIDUM ), PESQUISA
;;;;1101167;TRIGLICERIDEOS
;;;;1101168;TRIIODOTIRONINA -  T3
;;;;1101120;TRIPANOSSOMA - PESQUISA
;;;;1101852;TRIPTOFANO
;;;;1101515;TROPONINA (TRP)
;;;;1101787;TSH - HORMONIO TIREOESTIMULANTE
;;;;1101170;UREIA
;;;;1101329;VDRL P/ DETECCAO DE SIFILIS EM GESTANTE
;;;;1101173;VELOCIDADE DE HEMOSSEDIMENTACAO (VHS)
;;;;1101271;VIRUS SINCICIAL RESPIRATORIO , PESQUISA DIRETA -
;;;;1101758;VITAMINA B12
;;;;1101596;ZINCO
;;2400000;GRUPO - PATOLOGIA CLINICA (REGULACAO);;
;SAUDE MANAUS ITINERANTE 03;;;;
;;1401000;GRUPO - EXAMES ULTRA-SONOGRAFICOS;;
;;;;1401405;ULTRA-SONOGRAFIA  DO APARELHO URINARIO (RINS, BEXIGA)
;;;;1401999;ULTRA-SONOGRAFIA DE ABDOMEN SUPERIOR
;;;;1401998;ULTRA-SONOGRAFIA DE ABDOMEN TOTAL
;;;;1401977;ULTRA-SONOGRAFIA DE MAMAS (BILATERAL)
;;;;1401980;ULTRA-SONOGRAFIA DE TIREOIDE
;;;;1401201;ULTRA-SONOGRAFIA OBSTETRICA
;;;;1401101;ULTRA-SONOGRAFIA PELVICA (GINECOLOGICA)
;;;;1401202;ULTRA-SONOGRAFIA TRANSVAGINAL
;;1305000;GRUPO - MAMOGRAFIA;;
;SECRETARIA DE ESTADO DO DESPORTO E LAZER;;;;
;;0701022;CONSULTA EM FISIOTERAPIA;;
;;1801000;GRUPO - FISIOTERAPIA (POR SESSAO);;
;;;;1801018;ATENDIMENTO FISIOTERAPEUTICO EM PACIENTE C/ TRANSTORNO RESPIRATORIO S/ COMPLICACOES SISTEMICAS
;SONIMAGEM;;;;
;;1401000;GRUPO - EXAMES ULTRA-SONOGRAFICOS;;
;SPA E POLICLINICA DANILO CORREA;;;;
;;0701438;CONSULTA EM CARDIOLOGIA - ACIMA DE 60 ANOS;;
;;0710459;CONSULTA EM CARDIOLOGIA - ACIMA DE 60 ANOS - RETORNO;;
;;0701205;CONSULTA EM CARDIOLOGIA - GERAL;;
;;0701380;CONSULTA EM CARDIOLOGIA - RETORNO;;
;;0701230;CONSULTA EM CARDIOLOGIA - RISCO CIRURGICO;;
;;0320055;CONSULTA EM CARDIOLOGIA - RISCO CIRURGICO - RETORNO;;
;;0703411;CONSULTA EM CIRURGIA GERAL - POS-OPERATORIO;;
;;2018080;CONSULTA EM CIRURGIA GERAL - POS-OPERATORIO - RETORNO;;
;;0701306;CONSULTA EM CIRURGIA GINECOLOGICA;;
;;0320061;CONSULTA EM CIRURGIA GINECOLOGICA - RETORNO;;
;;0701211;CONSULTA EM CIRURGIA VASCULAR - GERAL;;
;;0701116;CONSULTA EM CIRURGIA VASCULAR - RETORNO;;
;;0701212;CONSULTA EM DERMATOLOGIA - GERAL;;
;;0701052;CONSULTA EM DERMATOLOGIA - RETORNO;;
;;1313038;CONSULTA EM ENDOCRINOLOGIA - BARIATRICA;;
;;0701213;CONSULTA EM ENDOCRINOLOGIA E METABOLOGIA - GERAL;;
;;0701027;CONSULTA EM ENDOCRINOLOGIA E METABOLOGIA - RETORNO;;
;;0701022;CONSULTA EM FISIOTERAPIA;;
;;0701430;CONSULTA EM GASTROENTEROLOGIA - ACIMA DE 60 ANOS;;
;;0701215;CONSULTA EM GASTROENTEROLOGIA - GERAL;;
;;0701054;CONSULTA EM GASTROENTEROLOGIA - RETORNO;;
;;0701261;CONSULTA EM GERIATRIA - GERAL;;
;;0320095;CONSULTA EM GERIATRIA - RETORNO;;
;;0701674;CONSULTA EM HEMATOLOGIA - TRIAGEM;;
;;0701224;CONSULTA EM NEUROLOGIA - GERAL;;
;;0701300;CONSULTA EM NEUROLOGIA - PEDIATRIA;;
;;0701030;CONSULTA EM NEUROLOGIA - RETORNO;;
;;0701244;CONSULTA EM NUTRICAO;;
;;0701365;CONSULTA EM NUTRICAO - RETORNO;;
;;0701225;CONSULTA EM OFTALMOLOGIA - GERAL;;
;;0701226;CONSULTA EM ORTOPEDIA - GERAL;;
;;9270003;CONSULTA EM ORTOPEDIA - GERAL - RETORNO;;
;;0703634;CONSULTA EM ORTOPEDIA - POS OPERATORIO;;
;;0710457;CONSULTA EM ORTOPEDIA - POS OPERATORIO - RETORNO;;
;;0701228;CONSULTA EM PNEUMOLOGIA - GERAL;;
;;0701229;CONSULTA EM PROCTOLOGIA - GERAL;;
;;0701079;CONSULTA EM PROCTOLOGIA - RETORNO;;
;;0710001;CONSULTA EM PSICOLOGIA;;
;;0701231;CONSULTA EM REUMATOLOGIA - GERAL;;
;;0701066;CONSULTA EM REUMATOLOGIA - RETORNO;;
;;0701233;CONSULTA EM UROLOGIA - GERAL;;
;;0701039;CONSULTA EM UROLOGIA - RETORNO;;
;;3517005;CONSULTA PEQUENA CIRURGIA - DERMATOLOGIA GERAL;;
;;1200061;CURATIVO GRAU II C/ OU S/ DEBRIDAMENTO;;
;;1703101;ELETROCARDIOGRAMA;;
;;1711103;GASTRO-DUODENOSCOPIA (ENDOSCOPIA DIGESTIVA);;
;;0210000;GRUPO - CONSULTA/ ATENDIMENTO/ ACOMPANHAMENTO (PSICOLOGIA);;
;;;;0210050;CONSULTA EM PSICOLOGIA - RETORNO
;;1706000;GRUPO - DIAGNOSE EM NEUROLOGIA;;
;;1401000;GRUPO - EXAMES ULTRA-SONOGRAFICOS;;
;;;;1401507;ULTRA-SONOGRAFIA  DE ARTICULACAO ANTEBRACO DIREITO
;;;;1401508;ULTRA-SONOGRAFIA  DE ARTICULACAO ANTEBRACO ESQUERDO
;;;;1401527;ULTRA-SONOGRAFIA  DE ARTICULACAO CLAVICULA
;;;;1401505;ULTRA-SONOGRAFIA  DE ARTICULACAO COTOVELO DIREITO
;;;;1401506;ULTRA-SONOGRAFIA  DE ARTICULACAO COTOVELO ESQUERDO
;;;;1401514;ULTRA-SONOGRAFIA  DE ARTICULACAO COXA DIREITA
;;;;1401515;ULTRA-SONOGRAFIA  DE ARTICULACAO COXA ESQUERDA
;;;;1401513;ULTRA-SONOGRAFIA  DE ARTICULACAO DEDOS
;;;;1401516;ULTRA-SONOGRAFIA  DE ARTICULACAO JOELHO DIREITO
;;;;1401517;ULTRA-SONOGRAFIA  DE ARTICULACAO JOELHO ESQUERDO
;;;;1401511;ULTRA-SONOGRAFIA  DE ARTICULACAO MAO DIREITA
;;;;1401512;ULTRA-SONOGRAFIA  DE ARTICULACAO MAO ESQUERDA
;;;;1401409;ULTRA-SONOGRAFIA  DE ARTICULACAO OMBRO DIREITO
;;;;1401500;ULTRA-SONOGRAFIA  DE ARTICULACAO OMBRO ESQUERDO
;;;;1401518;ULTRA-SONOGRAFIA  DE ARTICULACAO PANTURRILHA DIREITA
;;;;1401519;ULTRA-SONOGRAFIA  DE ARTICULACAO PANTURRILHA ESQUERDA
;;;;1401522;ULTRA-SONOGRAFIA  DE ARTICULACAO PE DIREITO
;;;;1401523;ULTRA-SONOGRAFIA  DE ARTICULACAO PE ESQUERDO
;;;;1401528;ULTRA-SONOGRAFIA  DE ARTICULACAO PERNA DIREITA
;;;;1401529;ULTRA-SONOGRAFIA  DE ARTICULACAO PERNA ESQUERDA
;;;;1401509;ULTRA-SONOGRAFIA  DE ARTICULACAO PUNHO DIREITO
;;;;1401510;ULTRA-SONOGRAFIA  DE ARTICULACAO PUNHO ESQUERDO
;;;;1401530;ULTRA-SONOGRAFIA  DE ARTICULACAO TENDAO DE AQUILES
;;;;1401520;ULTRA-SONOGRAFIA  DE ARTICULACAO TORNOZELO DIREITO
;;;;1401521;ULTRA-SONOGRAFIA  DE ARTICULACAO TORNOZELO ESQUERDO
;;;;1401405;ULTRA-SONOGRAFIA  DO APARELHO URINARIO (RINS, BEXIGA)
;;;;1401999;ULTRA-SONOGRAFIA DE ABDOMEN SUPERIOR
;;;;1401998;ULTRA-SONOGRAFIA DE ABDOMEN TOTAL
;;;;1401978;ULTRA-SONOGRAFIA DE BOLSA ESCROTAL
;;;;1401977;ULTRA-SONOGRAFIA DE MAMAS (BILATERAL)
;;;;1401037;ULTRA-SONOGRAFIA DE PARTES MOLES
;;;;1401997;ULTRA-SONOGRAFIA DE PROSTATA (VIA ABDOMINAL)
;;;;1401987;ULTRA-SONOGRAFIA DE REGIAO CERVICAL (PESCOCO)
;;;;1401980;ULTRA-SONOGRAFIA DE TIREOIDE
;;;;1401101;ULTRA-SONOGRAFIA PELVICA (GINECOLOGICA)
;;;;1401202;ULTRA-SONOGRAFIA TRANSVAGINAL
;;1801000;GRUPO - FISIOTERAPIA (POR SESSAO);;
;;;;1801130;ATEND FISIOTERAPEUTICO EM PACIENTE C/ DISTURBIOS NEURO-CINETICO-FUNCIONAIS S/ COMPLI SIS - ADULTO
;;;;1801121;ATENDIMENTO A ALTERACOES  MOTORAS - ADULTO
;;;;1801016;ATENDIMENTO FISIOTERAPEUTICO EM PACIENTES NO PRE E POS-OPERATORIO NAS DISFUNCOES MUSCULO ESQUELETICA
;;2280000;GRUPO - PATOLOGIA CLINICA (EXAMES DE LABORATORIO 2);;
;;;;2280042;COLESTEROL ( LDL)
;;;;2280043;COLESTEROL (HDL)
;;;;2280053;CREATININA
;;;;2280054;CREATININA, DOSAGEM EM URINA DE 24 HS
;;;;2280060;DETERMINACAO DE TEMPO DE COAGULACAO
;;;;2280319;DETERMINACAO DE TEMPO DE SANGRAMENTO DE IVY
;;;;2280062;DETERMINACAO DE TEMPO DE TROMBOPLASTINA PARCIAL  (TTP A)
;;;;2280063;DETERMINACAO DE TEMPO E ATIVIDADE DA PROTROMBINA (TAP)
;;;;2280069;DOSAGEM DE POTASSIO
;;;;2280071;DOSAGEM DE SODIO
;;;;2280083;GLICEMIA DE JEJUM
;;;;2280084;GLICEMIA POS PRANDIAL
;;;;2280094;HEMOGLOBINA GLICOSILADA
;;;;2280095;HEMOGRAMA COMPLETO
;;;;2280123;PROVA DO LACO
;;;;2280127;RETRACAO DO COAGULO
;;;;2280599;SODIO ( NA URINA 24 HORAS)
;;;;2280133;TGO
;;;;2280134;TGP
;;1301000;GRUPO - RADIODIAGNOSTICO;;
;;;;1301096;TORAX : PA E PERFIL
;;1703204;HOLTER 24 HORAS;;
;;1703203;MONITORIZACAO AMBULATORIAL DE PRESSAO ARTERIAL;;
;;2033009;OCI AVALIAÇÃO DE RISCO CIRÚRGICO;;
;SPA E POLICLINICA DR JOSE LINS;;;;
;;0701245;CONSULTA EM ORTOPEDIA - PEDIATRIA;;
;;0701202;CONSULTA EM ALERGIA E IMUNOLOGIA - GERAL;;
;;0701205;CONSULTA EM CARDIOLOGIA - GERAL;;
;;0701380;CONSULTA EM CARDIOLOGIA - RETORNO;;
;;0701465;CONSULTA EM CIRURGIA - HERNIA E VESICULA;;
;;0701207;CONSULTA EM CIRURGIA GERAL - GERAL;;
;;0703411;CONSULTA EM CIRURGIA GERAL - POS-OPERATORIO;;
;;2018080;CONSULTA EM CIRURGIA GERAL - POS-OPERATORIO - RETORNO;;
;;0701382;CONSULTA EM CIRURGIA GERAL - RETORNO;;
;;0701306;CONSULTA EM CIRURGIA GINECOLOGICA;;
;;0701212;CONSULTA EM DERMATOLOGIA - GERAL;;
;;0701236;CONSULTA EM ENDOCRINOLOGIA - PEDIATRIA;;
;;0320091;CONSULTA EM ENDOCRINOLOGIA - PEDIATRIA - RETORNO;;
;;0710368;CONSULTA EM FISIOTERAPIA - PEDIATRIA;;
;;0701243;CONSULTA EM FONOAUDIOLOGIA - INFANTIL;;
;;0701215;CONSULTA EM GASTROENTEROLOGIA - GERAL;;
;;0701054;CONSULTA EM GASTROENTEROLOGIA - RETORNO;;
;;0701222;CONSULTA EM NEFROLOGIA - GERAL;;
;;0701224;CONSULTA EM NEUROLOGIA - GERAL;;
;;0701030;CONSULTA EM NEUROLOGIA - RETORNO;;
;;0701244;CONSULTA EM NUTRICAO;;
;;0701365;CONSULTA EM NUTRICAO - RETORNO;;
;;0757022;CONSULTA EM NUTRICAO > 60 ANOS;;
;;0757023;CONSULTA EM NUTRICAO > 60 ANOS - RETORNO;;
;;0701225;CONSULTA EM OFTALMOLOGIA - GERAL;;
;;0701226;CONSULTA EM ORTOPEDIA - GERAL;;
;;9270003;CONSULTA EM ORTOPEDIA - GERAL - RETORNO;;
;;0320164;CONSULTA EM ORTOPEDIA - PEDIATRIA - RETORNO;;
;;0703634;CONSULTA EM ORTOPEDIA - POS OPERATORIO;;
;;0710457;CONSULTA EM ORTOPEDIA - POS OPERATORIO - RETORNO;;
;;0701227;CONSULTA EM OTORRINOLARINGOLOGIA - GERAL;;
;;0320173;CONSULTA EM OTORRINOLARINGOLOGIA - RETORNO;;
;;0816001;CONSULTA EM PEQUENA CIRURGIA;;
;;0800553;CONSULTA EM PEQUENA CIRURGIA - RETORNO;;
;;0701229;CONSULTA EM PROCTOLOGIA - GERAL;;
;;0701079;CONSULTA EM PROCTOLOGIA - RETORNO;;
;;0701260;CONSULTA EM PSIQUIATRIA - GERAL;;
;;0141002;CONSULTA EM PSIQUIATRIA - PEDIATRICA;;
;;0701064;CONSULTA EM PSIQUIATRIA - RETORNO;;
;;0701421;CONSULTA EM REUMATOLOGIA - PEDIATRICA;;
;;0733009;CONSULTA EM REUMATOLOGIA - PEDIATRICA - RETORNO;;
;;1703101;ELETROCARDIOGRAMA;;
;;0800000;GRUPO - CIRURGIAS AMBULATORIAIS ESPECIALIZADAS;;
;;1009000;GRUPO - ACOES ESPECIALIZADAS EM ODONTOLOGIA;;
;;1706000;GRUPO - DIAGNOSE EM NEUROLOGIA;;
;;1401000;GRUPO - EXAMES ULTRA-SONOGRAFICOS;;
;;2280000;GRUPO - PATOLOGIA CLINICA (EXAMES DE LABORATORIO 2);;
;;;;2280124;PSA LIVRE
;;;;2280126;PSA TOTAL
;;1703204;HOLTER 24 HORAS;;
;;1703203;MONITORIZACAO AMBULATORIAL DE PRESSAO ARTERIAL;;
;;0739131;TELECONSULTA EM ALERGIA E IMUNOLOGIA GERAL;;
;;0739135;TELECONSULTA EM CARDIOLOGIA GERAL;;
;;0739148;TELECONSULTA EM DERMATOLOGIA GERAL;;
;;0739140;TELECONSULTA EM ENDOCRINOLOGIA E METABOLOGIA GERAL;;
;;0739152;TELECONSULTA EM GASTROENTEROLOGIA GERAL;;
;;0498197;TELECONSULTA EM GINECOLOGIA - GERAL;;
;;0739144;TELECONSULTA EM NEUROLOGIA GERAL;;
;;0739145;TELECONSULTA EM NEUROLOGIA GERAL - RETORNO;;
;;0739220;TELECONSULTA EM NUTRICAO GERAL;;
;;0739182;TELECONSULTA EM ORTOPEDIA GERAL;;
;;0739183;TELECONSULTA EM ORTOPEDIA GERAL - RETORNO;;
;;0739224;TELECONSULTA EM PSICOLOGIA GERAL;;
;;0739226;TELECONSULTA EM PSICOLOGIA PEDIATRICA;;
;;0739166;TELECONSULTA EM PSIQUIATRIA GERAL;;
;;0739212;TELECONSULTA EM UROLOGIA GERAL;;
;;0739213;TELECONSULTA EM UROLOGIA GERAL - RETORNO;;
;TARGINO LABORATORIO CLINICO;;;;
;;2280000;GRUPO - PATOLOGIA CLINICA (EXAMES DE LABORATORIO 2);;
;;;;2280219;17 ALFA HIDROXI PROGESTERONA
;;;;2280313;ACIDEZ TITULÁVEL NO LEITE HUMANO (DORNIC)
;;;;2280220;ACIDO ASCORBICO
;;;;2280001;ACIDO FOLICO
;;;;2280002;ACIDO URICO
;;;;2280534;ACIDO URICO LIQUIDO NO SINOVIAL E DERRAMES
;;;;2280003;ACIDO URICO URINARIO
;;;;2280535;ADENOGRAMA
;;;;2280004;ADRENOCORTICOTROFICO, HORMONIO - ACTH
;;;;2280225;ALFA 1 ANTITRIPSINA
;;;;2280005;ALFA 1 GLICOPROTEINA ACIDA
;;;;2280226;ALFA FETO PROTEINA
;;;;2280006;AMILASE
;;;;2280007;ANDROSTENEDIONA
;;;;2280009;ANTI HBC - IGM ANTICORPOS IGM CONTRA ANTIGENO C DA HEPATITE B (ANTI-HBC-IGM)
;;;;2280011;ANTI HBE - ANTICORPOS CONTRA ANTIGENO E DA HEPATITE B
;;;;2280012;ANTI HBS - ANTICORPOS CONTRA ANTIGENO S DA HEPATITE B
;;;;2280015;ANTIBIOGRAMA
;;;;2280446;ANTIBIOGRAMA C/ CONCENTRACAO INIBITORIA MINIMA
;;;;2280181;ANTIBIOGRAMA P/ MICOBACTERIAS
;;;;2280613;ANTICORPOS ANTI-PLAQUETARIOS - DETERMINAÇÃO
;;;;2280018;ANTIPEROXIDASE /ANTI TPO
;;;;2280022;BACILOSCOPIA DIRETA P/ BAAR (HANSENIASE)
;;;;2280447;BACILOSCOPIA DIRETA P/ BAAR TUBERCULOS (CONTROLE)
;;;;2280023;BACILOSCOPIA DIRETA P/ BAAR TUBERCULOSE (DIAGNOSTICA)
;;;;2280024;BACTEROSCOPIA (GRAM)
;;;;2280221;BETA 2 MICROGLOBULINA
;;;;2280025;BILIRRUBINA TOTAL E FRACOES
;;;;2280029;CALCIO
;;;;2280030;CALCIO IONIZAVEL
;;;;2280031;CALCIO URINARIO
;;;;2280033;CEA (ANTIGENO CARCINOEMBRIOGENICO)
;;;;2280034;CELULAS LE - PESQUISA
;;;;2280035;CHAGAS , IFI
;;;;2280259;CHUMBO
;;;;2280260;CHUMBO URINARIO
;;;;2280536;CITOLOGIA P/ CLAMIDIA
;;;;2280537;CITOLOGIA P/ HERPESVIRUS
;;;;2280038;CITOMEGALOVIRUS , IFI (IGG)
;;;;2280039;CITOMEGALOVIRUS , IFI (IGM)
;;;;2280314;CITOQUIMICA HEMATOLOGICA
;;;;2280040;CLEARANCE DE CREATININA
;;;;2280413;CLEARANCE DE FOSFATO
;;;;2280414;CLEARANCE DE UREIA
;;;;2280281;CLEARANCE OSMOLAR
;;;;2280041;CLORETO
;;;;2280042;COLESTEROL ( LDL)
;;;;2280043;COLESTEROL (HDL)
;;;;2280045;COLESTEROL TOTAL
;;;;2280229;COMPLEMENTO ( CH50 ) , DOSAGEM
;;;;2280047;COMPLEMENTO C3 , IDR
;;;;2280048;COMPLEMENTO C4 , IDR
;;;;2280415;CONTAGEM DE ADDIS
;;;;2280432;CONTAGEM DE LINFOCITOS T TOTAIS
;;;;2280049;CONTAGEM DE PLAQUETAS
;;;;2280538;CONTAGEM ESPECIFICA DE CELULAS NO LIQUOR
;;;;2280539;CONTAGEM GLOBAL DE CELULAS NO LIQUOR
;;;;2280050;COOMBS  INDIRETO (INCLUI QUANTITATIVO)
;;;;2280051;COOMBS DIRETO
;;;;2280053;CREATININA
;;;;2280054;CREATININA, DOSAGEM EM URINA DE 24 HS
;;;;2280055;CREATINOFOSFOQUINASE - FRACAO MB
;;;;2280164;CULTURA DE BACTERIAS PARA INDENTIFICACAO
;;;;2280448;CULTURA DO LEITE HUMANO (POS-PASTEURIZAÇÃO)
;;;;2280449;CULTURA P/ HERPESVIRUS
;;;;2280210;CULTURA PARA BAAR
;;;;2280165;CULTURA PARA BACTERIAS ANAEROBICAS
;;;;2280057;CULTURA PARA IDENTIFICACAO DE FUNGOS
;;;;2280058;CURVA GLICEMICA CLASSICA 5 DOSAGENS-ORAL
;;;;2280059;DEHIDROEPIANDROSTERONA - DHEA
;;;;2280339;DETECCAO DE ÁCIDOS NUCLEICOS DO HIV-1 (QUALITATIVO)
;;;;2280382;DETECÇÃO DE CLAMÍDIA E GONOCOCO POR BIOLOGIA MOLECULAR
;;;;2280203;DETERMINACAO DE CAPACIDADE DE FIXACAO DO FERRO
;;;;2280563;DETERMINACAO DE CARIOTIPO EM CULTURA DE LONGA DURACAO (C/ TECNICA DE BANDAS)
;;;;2280564;DETERMINACAO DE CARIOTIPO EM MEDULA OSSEA E VILOSIDADES CORIONICAS (C/ TECNICA DE BANDAS)
;;;;2280565;DETERMINACAO DE CARIOTIPO EM SANGUE PERIFERICO (C/ TECNICA DE BANDAS)
;;;;2280312;DETERMINAÇÃO DE CREMATÓCRITO NO LEITE HUMANO ORDENHADO
;;;;2280282;DETERMINACAO DE CROMATOGRAFIA DE AMINOACIDOS
;;;;2280315;DETERMINACAO DE CURVA DE RESISTENCIA GLOBULAR
;;;;2280167;DETERMINACAO DE CURVA GLICEMICA (2 DOSAGENS)
;;;;2280283;DETERMINACAO DE CURVA GLICEMICA C/ INDUCAO POR CORTISONA ( 5 DOSAGENS)
;;;;2280284;DETERMINACAO DE CURVA GLICEMICA C/ INDUCAO POR CORTISONA (4 DOSAGENS)
;;;;2280316;DETERMINACAO DE ENZIMAS ERITROCITARIAS (CADA)
;;;;2280540;DETERMINACAO DE FOSFOLIPIDIOS RELACAO LECITINA - ESFINGOMIELINA NO LIQUIDO AMNIOTICO
;;;;2280485;DETERMINACAO DE INDICE DE TIROXINA LIVRE
;;;;2280416;DETERMINACAO DE OSMOLALIDADE
;;;;2280285;DETERMINACAO DE OSMOLARIDADE
;;;;2280486;DETERMINACAO DE RETENCAO DE T3
;;;;2280317;DETERMINACAO DE SULFO-HEMOGLOBINA
;;;;2280487;DETERMINACAO DE T3 REVERSO
;;;;2280060;DETERMINACAO DE TEMPO DE COAGULACAO
;;;;2280318;DETERMINACAO DE TEMPO DE LISE DA EUGLOBULINA
;;;;2280061;DETERMINACAO DE TEMPO DE SANGRAMENTO ( DUKE )
;;;;2280319;DETERMINACAO DE TEMPO DE SANGRAMENTO DE IVY
;;;;2280320;DETERMINACAO DE TEMPO DE SOBREVIDA DE HEMACIAS
;;;;2280168;DETERMINACAO DE TEMPO DE TROMBINA
;;;;2280062;DETERMINACAO DE TEMPO DE TROMBOPLASTINA PARCIAL  (TTP A)
;;;;2280063;DETERMINACAO DE TEMPO E ATIVIDADE DA PROTROMBINA (TAP)
;;;;2280235;DIHIDROTESTOSTERONA - DHT
;;;;2280398;DOSAGEM DA FRAÇÃO C1Q DO COMPLEMENTO
;;;;2280488;DOSAGEM DE 17-CETOSTEROIDES TOTAIS
;;;;2280489;DOSAGEM DE 17-HIDROXICORTICOSTEROIDES
;;;;2280177;DOSAGEM DE 25 HIDROXIVITAMINA D
;;;;2280286;DOSAGEM DE 5-NUCLEOTIDASE
;;;;2280287;DOSAGEM DE ACETONA
;;;;2280265;DOSAGEM DE ACIDO 5-HIDROXI-INDOL-ACETICO (SEROTONINA)
;;;;2280505;DOSAGEM DE ACIDO DELTA-AMINOLEVULINICO
;;;;2280506;DOSAGEM DE ACIDO HIPURICO
;;;;2280507;DOSAGEM DE ACIDO MANDELICO
;;;;2280508;DOSAGEM DE ACIDO METIL-HIPURICO
;;;;2280509;DOSAGEM DE ACIDO VALPROICO
;;;;2280288;DOSAGEM DE ACIDO VANILMANDELICO
;;;;2280289;DOSAGEM DE ALDOLASE
;;;;2280490;DOSAGEM DE ALDOSTERONA
;;;;2280290;DOSAGEM DE ALFA-2-MACROGLOBULINA
;;;;2280510;DOSAGEM DE ALUMINIO
;;;;2280291;DOSAGEM DE AMONIA
;;;;2280491;DOSAGEM DE AMP CICLICO
;;;;2280511;DOSAGEM DE ANFETAMINAS
;;;;2280321;DOSAGEM DE ANTICOAGULANTE CIRCULANTE
;;;;2280397;DOSAGEM DE ANTICORPOS ANTITRANSGLUTAMINAISE RECOMBINANTE HUMANO IGA
;;;;2280227;DOSAGEM DE ANTITROMBINA III
;;;;2280512;DOSAGEM DE BARBITURATOS
;;;;2280513;DOSAGEM DE CADMIO
;;;;2280492;DOSAGEM DE CALCITONINA
;;;;2280514;DOSAGEM DE CARBAMAZEPINA
;;;;2280515;DOSAGEM DE CARBOXI-HEMOGLOBINA
;;;;2280292;DOSAGEM DE CAROTENO
;;;;2280293;DOSAGEM DE CERULOPLASMINA
;;;;2280516;DOSAGEM DE CICLOSPORINA
;;;;2280418;DOSAGEM DE CITRATO
;;;;2280517;DOSAGEM DE COBRE
;;;;2280294;DOSAGEM DE COLINESTERASE
;;;;2280178;DOSAGEM DE CORTISOL
;;;;2280541;DOSAGEM DE CREATININA NO LIQUIDO AMNIOTICO
;;;;2280066;DOSAGEM DE CREATINOFOSFOQUINASE (CPK)
;;;;2280341;DOSAGEM DE CRIOAGLUTININA
;;;;2280295;DOSAGEM DE DESIDROGENASE ALFA-HIDROXIBUTIRICA
;;;;2280296;DOSAGEM DE DESIDROGENASE GLUTAMICA
;;;;2280067;DOSAGEM DE DESIDROGENASE LATICA
;;;;2280297;DOSAGEM DE DESIDROGENASE LATICA (ISOENZIMAS FRACIONADAS)
;;;;2280403;DOSAGEM DE ESTERCOBILINOGENIO FECAL
;;;;2280186;DOSAGEM DE ESTRIOL
;;;;2280187;DOSAGEM DE ESTRONA
;;;;2280322;DOSAGEM DE FATOR V
;;;;2280323;DOSAGEM DE FATOR VIII (INIBIDOR)
;;;;2280324;DOSAGEM DE FATOR VON WILLEBRAND (ANTIGENO)
;;;;2280325;DOSAGEM DE FATOR XIII
;;;;2280518;DOSAGEM DE FENITOINA
;;;;2280519;DOSAGEM DE FENOL
;;;;2280326;DOSAGEM DE FIBRINOGENIO
;;;;2280520;DOSAGEM DE FORMALDEIDO
;;;;2280551;DOSAGEM DE FOSFATASE ÁCIDA NO ESPERMA
;;;;2280298;DOSAGEM DE FOSFATASE ACIDA TOTAL
;;;;2280542;DOSAGEM DE FOSFATASE ALCALINA NO ESPERMA
;;;;2280299;DOSAGEM DE FRACAO PROSTATICA DA FOSFATASE ACIDA
;;;;2280252;DOSAGEM DE FRUTOSE
;;;;2280197;DOSAGEM DE FRUTOSE NO ESPERMA
;;;;2280300;DOSAGEM DE GALACTOSE
;;;;2280253;DOSAGEM DE GASTRINA
;;;;2280543;DOSAGEM DE GLICOSE NO LIQUIDO SINOVIAL E DERRAMES
;;;;2280301;DOSAGEM DE GLICOSE-6-FOSFATO DESIDROGENASE
;;;;2280493;DOSAGEM DE GLOBULINA TRANSPORTADORA DE TIROXINA
;;;;2280207;DOSAGEM DE GORDURA FECAL
;;;;2280254;DOSAGEM DE HAPTOGLOBINA
;;;;2280068;DOSAGEM DE HEMOGLOBINA
;;;;2280327;DOSAGEM DE HEMOGLOBINA - INSTABILIDADE A 37OC
;;;;2280328;DOSAGEM DE HEMOGLOBINA FETAL
;;;;2280329;DOSAGEM DE HEMOSSIDERINA
;;;;2280302;DOSAGEM DE HIDROXIPROLINA
;;;;2280175;DOSAGEM DE IMUNOGLOBULINA A (IGA)
;;;;2280174;DOSAGEM DE IMUNOGLOBULINA E (IGE)
;;;;2280176;DOSAGEM DE IMUNOGLOBULINA M (IGM)
;;;;2280257;DOSAGEM DE INIBIDOR DE C1-ESTERASE
;;;;2280303;DOSAGEM DE ISOMERASE-FOSFOHEXOSE
;;;;2280304;DOSAGEM DE LACTATO
;;;;2280305;DOSAGEM DE LEUCINO-AMINOPEPTIDASE
;;;;2280521;DOSAGEM DE MERCURIO
;;;;2280522;DOSAGEM DE META-HEMOGLOBINA
;;;;2280523;DOSAGEM DE METOTREXATO
;;;;2280194;DOSAGEM DE MICROALBUMINA NA URINA
;;;;2280419;DOSAGEM DE OXALATO
;;;;2280202;DOSAGEM DE PEPTIDEO C
;;;;2280306;DOSAGEM DE PIRUVATO
;;;;2280330;DOSAGEM DE PLASMINOGENIO
;;;;2280307;DOSAGEM DE PORFIRINAS
;;;;2280069;DOSAGEM DE POTASSIO
;;;;2280273;DOSAGEM DE PROTEINA C REATIVA
;;;;2280070;DOSAGEM DE PROTEINAS ( URINA DE 24 HORAS )
;;;;2280544;DOSAGEM DE PROTEINAS NO LIQUIDO SINOVIAL E DERRAMES
;;;;2280169;DOSAGEM DE PROTEINAS TOTAIS
;;;;2280494;DOSAGEM DE RENINA
;;;;2280071;DOSAGEM DE SODIO
;;;;2280267;DOSAGEM DE SOMATOMEDINA C (IGF1)
;;;;2280495;DOSAGEM DE SULFATO DE HIDROEPIANDROSTERONA (DHEAS)
;;;;2280308;DOSAGEM DE TRIPTOFANO
;;;;2280211;DOSAGEM DE TROPONINA
;;;;2280185;DOSAGEM DE ZINCO
;;;;2280188;DOSAGEM DO  ANTIGENO  CA 125
;;;;2280420;DOSAGEM E/OU FRACIONAMENTO DE ACIDOS ORGANICOS
;;;;2280072;EAS - SUMARIO DE URINA
;;;;2280237;ELETROFORESE DE HEMOGLOBINA
;;;;2280238;ELETROFORESE DE LIPOPROTEINAS
;;;;2280236;ELETROFORESE DE PROTEINAS
;;;;2280545;ELETROFORESE DE PROTEINAS C/ CONCENTRACAO NO LIQUOR
;;;;2280154;ERITROGRAMA( ERITROCITOS, HEMOGLOBINA, HEMATOCRITO )
;;;;2280546;ESPECTROFOTOMETRIA NO LIQUIDO AMNIOTICO
;;;;2280547;ESPLENOGRAMA
;;;;2280073;ESTRADIOL
;;;;2280404;EXAME COPROLOGICO FUNCIONAL
;;;;2280548;EXAME DE CARACTERES FISICOS CONTAGEM GLOBAL E ESPECIFICA DE CELULAS
;;;;2280399;EXAME LABORATORIAL PARA DOENÇA DE GAUCHER I
;;;;2280400;EXAME LABORATORIAL PARA DOENÇA DE GAUCHER II
;;;;2280179;EXAME MICROBIOLOGICO A FRESCO ( MICOLOGICO DIRETO)
;;;;2280421;EXAME QUALITATIVO DE CALCULOS URINARIOS
;;;;2280074;FAN - ANTICORPOS ANTI-NUCLEO , IFI
;;;;2280240;FATOR II - DOSAGEM
;;;;2280245;FATOR IX - DOSAGEM
;;;;2280075;FATOR REUMATOIDE , TESTE DO LATEX
;;;;2280076;FATOR RH (INCLUI DO FRACO)
;;;;2280243;FATOR VII - DOSAGEM
;;;;2280244;FATOR VIII - DOSAGEM
;;;;2280246;FATOR X - DOSAGEM
;;;;2280247;FATOR XI - DOSAGEM
;;;;2280248;FATOR XII - DOSAGEM
;;;;2280568;FENOTIPAGEM DE SISTEMA RH - HR
;;;;2280077;FERRITINA
;;;;2280078;FERRO SERICO
;;;;2280079;FOLICULO ESTIMULANTE, HORMONIO - FSH
;;;;2280080;FOSFATASE ALCALINA
;;;;2280082;GAMA-GLUTAMIL TRANSFERASE - GAMA GT
;;;;2280309;GASOMETRIA (PH PCO2 PO2 BICARBONATO AS2 (EXCESSO OU DEFICIT BASE )
;;;;2280083;GLICEMIA DE JEJUM
;;;;2280084;GLICEMIA POS PRANDIAL
;;;;2280085;GONADOTROFINA CORIONICA - BETA  HCG
;;;;2280086;GRUPO ABO - DETERMINACAO
;;;;2280088;HAV- IGG  ANTICORPOS  IGG CONTRA O VIRUS DA HEPATITE A
;;;;2280089;HAV-IGM   ANTICORPOS  IGM CONTRA O VIRUS DA HEPATITE A
;;;;2280090;HBEAG - ANTIGENO E DA HEPATITE B
;;;;2280092;HEMATOCRITO
;;;;2280450;HEMOCULTURA
;;;;2280094;HEMOGLOBINA GLICOSILADA
;;;;2280095;HEMOGRAMA COMPLETO
;;;;2280096;HERPES SIMPLES , PESQUISA DE ANTICORPOS, IGG
;;;;2280097;HERPES SIMPLES , PESQUISA DE ANTICORPOS, IGM
;;;;2280098;HERPES ZOSTER , PESQUISA DE ANTICORPOS , IGM
;;;;2280099;HERPES ZOSTER , PESQUISA DE ANTICORPOS, IGG
;;;;2280160;HORMONIO DE CRESCIMENTO - HGH
;;;;2280180;IDENTIFICAÇAO AUTOMATIZADA DE MICRORGANISMOS
;;;;2280569;IDENTIFICACAO DE ANTICORPOS SERICOS IRREGULARES C/ PAINEL DE HEMACIAS
;;;;2280405;IDENTIFICACAO DE FRAGMENTOS DE HELMINTOS
;;;;2280417;IDENTIFICAÇÃO DE GLICÍDIOS URINÁRIOS POR CROMATOGRAFIA (CAMADA DELGADA)
;;;;2280204;IMUNOELETROFORESE DE PROTEINAS
;;;;2280343;IMUNOFENOTIPAGEM DE HEMOPATIAS MALIGNAS (POR MARCADOR)
;;;;2280101;INSULINA
;;;;2280156;LEUCOGRAMA
;;;;2280102;LH LUTEINIZANTE HORMONIO
;;;;2280232;LINFOCITOS B , CONTAGEM
;;;;2280103;LIPASE
;;;;2280104;LITIO SERICO
;;;;2280105;MAGNESIO
;;;;2280258;MAGNESIO URINARIO
;;;;2280549;MIELOGRAMA
;;;;2280106;MUCO PROTEINAS
;;;;2280107;PARASITOLOGICO (METODOS DE CONCENTRACAO)
;;;;2280111;PARATORMONIO - DOSAGEM
;;;;2280451;PEQUISA DE PNEUMOCYSTI CARINI
;;;;2280422;PESQUISA / DOSAGEM DE AMINOACIDOS (POR CROMATOGRAFIA)
;;;;2280423;PESQUISA DE ALCAPTONA NA URINA
;;;;2280424;PESQUISA DE AMINOACIDOS NA URINA
;;;;2280192;PESQUISA DE ANTICORPO IGG ANTICARDIOLIPINA
;;;;2280193;PESQUISA DE ANTICORPO IGM ANTICARDIOLIPINA
;;;;2280347;PESQUISA DE ANTICORPOS ANTIADENOVIRUS
;;;;2280348;PESQUISA DE ANTICORPOS ANTIAMEBAS
;;;;2280349;PESQUISA DE ANTICORPOS ANTIASPERGILLUS
;;;;2280440;PESQUISA DE ANTICORPOS ANTIBRUCELAS
;;;;2280350;PESQUISA DE ANTICORPOS ANTICISTICERCO
;;;;2280351;PESQUISA DE ANTICORPOS ANTICLAMIDIA (POR IMUNOFLUORESCENCIA)
;;;;2280352;PESQUISA DE ANTICORPOS ANTICORTEX SUPRARENAL
;;;;2280191;PESQUISA DE ANTICORPOS ANTI-DNA
;;;;2280353;PESQUISA DE ANTICORPOS ANTIEQUINOCOCOS
;;;;2280228;PESQUISA DE ANTICORPOS ANTIESCLERODERMA (SCL 70)
;;;;2280354;PESQUISA DE ANTICORPOS ANTIESPERMATOZOIDES
;;;;2280550;PESQUISA DE ANTICORPOS ANTIESPERMATOZOIDES ( ELISA )
;;;;2280441;PESQUISA DE ANTICORPOS ANTIESTREPTOLISINA O (ASLO)
;;;;2280355;PESQUISA DE ANTICORPOS ANTIFIGADO
;;;;2280356;PESQUISA DE ANTICORPOS ANTIGLOMERULO
;;;;2280344;PESQUISA DE ANTICORPOS ANTI-HELICOBACTER PYLORI
;;;;2280345;PESQUISA DE ANTICORPOS ANTI-HIV-1 (WESTERN BLOT)
;;;;2280357;PESQUISA DE ANTICORPOS ANTIILHOTA DE LANGERHANS
;;;;2280358;PESQUISA DE ANTICORPOS ANTIINSULINA
;;;;2280359;PESQUISA DE ANTICORPOS ANTILEPTOSPIRAS
;;;;2280360;PESQUISA DE ANTICORPOS ANTILISTERIA
;;;;2280361;PESQUISA DE ANTICORPOS ANTIMITOCONDRIA
;;;;2280362;PESQUISA DE ANTICORPOS ANTIMUSCULO ESTRIADO
;;;;2280363;PESQUISA DE ANTICORPOS ANTIMUSCULO LISO
;;;;2280364;PESQUISA DE ANTICORPOS ANTIPARIETAIS
;;;;2280365;PESQUISA DE ANTICORPOS ANTIPLASMODIOS
;;;;2280205;PESQUISA DE ANTICORPOS ANTI-RIBONUCLEOPROTEINA (RNP)
;;;;2280346;PESQUISA DE ANTICORPOS ANTI-SCHISTOSOMAS
;;;;2280206;PESQUISA DE ANTICORPOS ANTI-SM
;;;;2280189;PESQUISA DE ANTICORPOS ANTI-SS-A (RO)
;;;;2280190;PESQUISA DE ANTICORPOS ANTI-SS-B (LA)
;;;;2280277;PESQUISA DE ANTICORPOS ANTITIREOGLOBULINA
;;;;2280366;PESQUISA DE ANTICORPOS CONTRA HISTOPLASMA
;;;;2280367;PESQUISA DE ANTICORPOS CONTRA O SPOROTRIX SCHENKII
;;;;2280368;PESQUISA DE ANTICORPOS CONTRA O VIRUS DA HEPATITE D (ANTI-HDV)
;;;;2280369;PESQUISA DE ANTICORPOS CONTRA O VIRUS DO SARAMPO
;;;;2280158;PESQUISA DE ANTICORPOS CONTRA PARACOCCIDIOIDES BRASILIENSIS
;;;;2280370;PESQUISA DE ANTICORPOS E/OU ANTIGENO DO VIRUS SINCICIAL RESPIRATORIO
;;;;2280371;PESQUISA DE ANTICORPOS EIE ANTICLAMIDIA
;;;;2280170;PESQUISA DE ANTICORPOS HETEROFILOS CONTA O VIRUS EPSTEIN BARR (MONONUCLEOSE)
;;;;2280373;PESQUISA DE ANTICORPOS IGG ANTILEISHMANIAS
;;;;2280115;PESQUISA DE ANTICORPOS IGG ANTITRIPANOSOMA CRUZI
;;;;2280376;PESQUISA DE ANTICORPOS IGG CONTRA ARBOVIRUS
;;;;2280199;PESQUISA DE ANTICORPOS IGG CONTRA O VIRUS EPSTEIN-BARR
;;;;2280375;PESQUISA DE ANTICORPOS IGG E IGM CONTRA ANTIGENO CENTRAL DO VIRUS DA HEPATITE B (ANTI-HBC-TOTAL)
;;;;2280378;PESQUISA DE ANTICORPOS IGM ANTILEISHMANIAS
;;;;2280116;PESQUISA DE ANTICORPOS IGM ANTITRIPANOSOMA CRUZI
;;;;2280381;PESQUISA DE ANTICORPOS IGM CONTRA ARBOVIRUS
;;;;2280198;PESQUISA DE ANTICORPOS IGM CONTRA O VIRUS EPSTEIN-BARR
;;;;2280570;PESQUISA DE ANTICORPOS IRREGULARES PELO METODO DA ELUICAO
;;;;2280571;PESQUISA DE ANTICORPOS SERICOS IRREGULARES 37OC
;;;;2280572;PESQUISA DE ANTICORPOS SERICOS IRREGULARES A FRIO
;;;;2280331;PESQUISA DE ATIVIDADE DO COFATOR DE RISTOCETINA
;;;;2280452;PESQUISA DE BACILO DIFTERICO
;;;;2280425;PESQUISA DE BETA-MERCAPTO-LACTATO-DISSULFIDURIA
;;;;2280457;PESQUISA DE CADEIAS LEVES KAPPA E LAMBDA
;;;;2280552;PESQUISA DE CARACTERES FISICOS NO LIQUOR
;;;;2280553;PESQUISA DE CELULAS ORANGIOFILAS
;;;;2280458;PESQUISA DE CISTINA NA URINA
;;;;2280459;PESQUISA DE COPROPORFIRINA NA URINA
;;;;2280332;PESQUISA DE CORPUSCULOS DE HEINZ
;;;;2280383;PESQUISA DE CRIOGLOBULINAS
;;;;2280554;PESQUISA DE CRISTAIS C/ LUZ POLARIZADA
;;;;2280406;PESQUISA DE ENTEROBIUS VERMICULARES (OXIURUS OXIURA)
;;;;2280407;PESQUISA DE EOSINOFILOS
;;;;2280460;PESQUISA DE ERROS INATOS DO METABOLISMO NA URINA
;;;;2280195;PESQUISA DE ESPERMATOZOIDES (APOS VASECTOMIA)
;;;;2280453;PESQUISA DE ESTREPTOCOCOS BETA-HEMOLITICOS DO GRUPO A
;;;;2280629;PESQUISA DE FATOR REUMATOIDE (WAALER-ROSE)
;;;;2280461;PESQUISA DE FENIL-CETONA NA URINA
;;;;2280333;PESQUISA DE FILARIA
;;;;2280462;PESQUISA DE FRUTOSE NA URINA
;;;;2280463;PESQUISA DE GALACTOSE NA URINA
;;;;2280159;PESQUISA DE GORDURA FECAL
;;;;2280454;PESQUISA DE HAEMOPHILUS DUCREY
;;;;2280255;PESQUISA DE HELICOBACTER PYLORI
;;;;2280263;PESQUISA DE HEMOGLOBINA S
;;;;2280464;PESQUISA DE HOMOCISTINA NA URINA
;;;;2280625;PESQUISA DE IMUNOGLOBULINA E (IGE) ALERGENO- ESPECÍFICA - 07
;;;;2280626;PESQUISA DE IMUNOGLOBULINA E (IGE) ALERGENO- ESPECÍFICA - 08
;;;;2280628;PESQUISA DE IMUNOGLOBULINA E (IGE) ALERGENO- ESPECÍFICA - 10
;;;;2280385;PESQUISA DE IMUNOGLOBULINA E (IGE) ALERGENO-ESPECIFICA - 01
;;;;2280386;PESQUISA DE IMUNOGLOBULINA E (IGE) ALERGENO-ESPECIFICA - 02
;;;;2280387;PESQUISA DE IMUNOGLOBULINA E (IGE) ALERGENO-ESPECIFICA - 03
;;;;2280388;PESQUISA DE IMUNOGLOBULINA E (IGE) ALERGENO-ESPECIFICA - 04
;;;;2280389;PESQUISA DE IMUNOGLOBULINA E (IGE) ALERGENO-ESPECIFICA - 05
;;;;2280390;PESQUISA DE IMUNOGLOBULINA E (IGE) ALERGENO-ESPECIFICA - 06
;;;;2280465;PESQUISA DE LACTOSE NA URINA
;;;;2280279;PESQUISA DE LARVAS NAS FEZES
;;;;2280532;PESQUISA DE LEPTOSPIRAS
;;;;2280161;PESQUISA DE LEUCOCITOS FECAIS
;;;;2280408;PESQUISA DE LEVEDURAS NAS FEZES
;;;;2280504;PESQUISA DE MACROPROLACTINA
;;;;2280466;PESQUISA DE MUCOPOLISSACARIDEOS NA URINA
;;;;2280409;PESQUISA DE OVOS DE SCHISTOSOMAS (EM FRAGMENTO DE MUCOSA)
;;;;2280467;PESQUISA DE PORFOBILINOGENIO NA URINA
;;;;2280468;PESQUISA DE PROTEINAS URINARIAS (POR ELETROFORESE)
;;;;2280555;PESQUISA DE RAGOCITOS NO LIQUIDO SINOVIAL E DERRAMES
;;;;2280212;PESQUISA DE ROTAVIRUS NAS FEZES
;;;;2280117;PESQUISA DE SANGUE OCULTO NAS FEZES
;;;;2280410;PESQUISA DE SUBSTANCIAS REDUTORAS NAS FEZES
;;;;2280469;PESQUISA DE TIROSINA NA URINA
;;;;2280280;PESQUISA DE TREPONEMA PALLIDUM
;;;;2280334;PESQUISA DE TRIPANOSSOMA
;;;;2280411;PESQUISA DE TRIPSINA NAS FEZES
;;;;2280412;PESQUISA DE TROFOZOITAS NAS FEZES
;;;;2280118;PROGESTERONA
;;;;2280119;PROLACTINA
;;;;2280120;PROTEINA C REATIVA, DETERMINACAO QUANTITATIVA
;;;;2280121;PROTEINAS TOTAIS E FRACOES
;;;;2280455;PROVA CONFIRMATÓRIA DA PRESENÇA DE MICRO-ORGANISMOS COLIFORMES
;;;;2280310;PROVA DA D-XILOSE
;;;;2280335;PROVA DE CONSUMO DE PROTROMBINA
;;;;2280470;PROVA DE DILUICAO (URINA)
;;;;2280196;PROVA DE PROGRESSAO ESPERMATICA (CADA)
;;;;2280123;PROVA DO LACO
;;;;2280556;PROVA DO LATEX P/ HAEMOPHILLUS INFLUENZAE, STREPTOCOCCUS PNEUMONIAE, NEISSERIA MENINGITIDIS (SOROTIP
;;;;2280557;PROVA DO LATEX P/ PESQUISA DO FATOR REUMATOIDE
;;;;2280391;PROVAS DE PRAUSNITZ-KUSTNER (PK)
;;;;2280392;PROVAS IMUNO-ALERGICAS BACTERIANAS
;;;;2280124;PSA LIVRE
;;;;2280126;PSA TOTAL
;;;;2280566;QUANTIFICAÇÃO/AMPLIFICAÇÃO DO HER-2
;;;;2280336;RASTREIO P/ DEFICIENCIA DE ENZIMAS ERITROCITARIAS
;;;;2280394;REACAO DE MONTENEGRO ID
;;;;2280558;REACAO DE PANDY
;;;;2280559;REACAO DE RIVALTA NO LIQUIDO SINOVIAL E DERRAMES
;;;;2280162;RETICULOCITOS - CONTAGEM
;;;;2280127;RETRACAO DO COAGULO
;;;;2280128;RUBEOLA , ANTICORPOS IGG
;;;;2280129;RUBEOLA , ANTICORPOS IGM
;;;;2280599;SODIO ( NA URINA 24 HORAS)
;;;;2280337;TESTE DE AGREGACAO DE PLAQUETAS
;;;;2280560;TESTE DE CLEMENTS
;;;;2280499;TESTE DE ESTIMULO COM GNRH OU COM AGONISTA GNRH
;;;;2280497;TESTE DE ESTIMULO DA PROLACTINA / TSH APOS TRH
;;;;2280498;TESTE DE ESTIMULO DA PROLACTINA APOS CLORPROMAZINA
;;;;2280500;TESTE DE ESTIMULO DO HGH APOS GLUCAGON
;;;;2280561;TESTE DE GASTROACIDOGRAMA - SECRECAO BASAL POR 60 EM 4 AMOSTRAS
;;;;2280338;TESTE DE HAM (HEMOLISE ACIDA)
;;;;2280562;TESTE DE HOLLANDER NO SUCO GASTRICO
;;;;2280501;TESTE DE SUPRESSAO DO CORTISOL APOS DEXAMETASONA
;;;;2280502;TESTE DE SUPRESSAO DO HGH APOS GLICOSE
;;;;2280311;TESTE DE TOLERANCIA A INSULINA / HIPOGLICEMIANTES ORAIS
;;;;2280130;TESTE DE VDRL P/ DETECCAO DE SIFILIS
;;;;2280503;TESTE P/ INVESTIGACAO DO DIABETES INSIPIDUS
;;;;2280395;TESTES ALERGICOS DE CONTATO
;;;;2280396;TESTES CUTANEOS DE LEITURA IMEDIATA
;;;;2280131;TESTOSTERONA LIVRE
;;;;2280132;TESTOSTERONA TOTAL
;;;;2280133;TGO
;;;;2280134;TGP
;;;;2280135;TIREOGLOBULINA
;;;;2280136;TIROXINA - T4
;;;;2280137;TIROXINA LIVRE (T4 LIVRE)
;;;;2280573;TITULACAO DE ANTICORPOS ANTI A E/OU ANTI B
;;;;2280138;TOXOPLASMOSE  IFI-IGG
;;;;2280139;TOXOPLASMOSE IFI (IGM)
;;;;2280140;TRANSFERRINA
;;;;2280141;TRIGLICERIDEOS
;;;;2280142;TRIIODOTIRONINA -  T3
;;;;2280143;TSH - HORMONIO ESTIMULANTE TIREOIDE
;;;;2280144;UREIA
;;;;2280145;UREIA, DOSAGEM EM URINA DE 24 HS
;;;;2280146;VDRL P/ DETECCAO DE SIFILIS EM GESTANTE
;;;;2280147;VELOCIDADE DE HEMOSSEDIMENTACAO (VHS)
;;;;2280148;VITAMINA B12
;;1101000;GRUPO - PATOLOGIA CLINICA (EXAMES DE LABORATORIO);;
;;;;1101457;(PESQUISA/DOSAGEM) CROMATOGRAFIA DE AMINOACIDOS
;;;;1101957;17 ALFA HIDROXI PROGESTERONA
;;;;1101936;17 HIDROXICORTICOSTEROIDES
;;;;1101935;17-CETOSTEROIDES TOTAIS ( 17-CTS )
;;;;1101523;25 HIDROXIVITAMINA D (25 OHD)
;;;;1101815;5 NUCLEOTIDASE
;;;;1101001;ACETONA
;;;;1101700;ACIDO ASCORBICO
;;;;1101002;ACIDO CITRICO
;;;;1101446;ACIDO DELTA AMINOLEVULINICO
;;;;1101441;ACIDO HIPURICO
;;;;1101828;ACIDO LATICO
;;;;1101440;ACIDO MANDELICO
;;;;1101492;ACIDO METIL HIPURICO - PESQUISA (URINA)
;;;;1101829;ACIDO OXALICO
;;;;1101830;ACIDO PIRUVICO
;;;;1101003;ACIDO URICO
;;;;1101004;ACIDO URICO (LIQUIDO SINOVIAL E DERRAMES)
;;;;1101855;ACIDO VALPROICO
;;;;1101940;ACIDO VANIL MANDELICO
;;;;1101879;ACIDOS ORGANICOS, DOSAGEM
;;;;1101491;ADDIS , CONTAGEM
;;;;1101929;ADENOGRAMA
;;;;1101961;ADRENOCORTICOTROFICO, HORMONIO - ACTH
;;;;1101490;ALCAPTONURIA , PESQUISA
;;;;1101832;ALDOLASE
;;;;1101947;ALDOSTERONA
;;;;1101836;ALFA 1 ANTITRIPSINA
;;;;1101838;ALFA 2 MACROGLOBULINA
;;;;1101701;ALFA FETO PROTEINA
;;;;1101702;ALUMINIO SERICO
;;;;1101005;AMILASE
;;;;1101468;AMINOACIDOS TOTAIS , PESQUISA
;;;;1101756;AMONIA
;;;;1101941;AMP  CICLICO
;;;;1101958;ANDROSTENEDIONA
;;;;1101857;ANFETAMINA
;;;;1101703;ANTI HBC - IGG ANTICORPOS IGG CONTRA ANTIGENO C DA HEPATITE B
;;;;1101704;ANTI HBC - IGM ANTICORPOS IGM CONTRA ANTIGENO C DA HEPATITE B
;;;;1101705;ANTI HBE - ANTICORPOS CONTRA ANTIGENO E DA HEPATITE B
;;;;1101006;ANTI HBS - ANTICORPOS CONTRA ANTIGENO S DA HEPATITE B
;;;;1101706;ANTI HCV  ANTICORPOS CONTRA O VIRUS DA HEPATITE C
;;;;1101007;ANTIBIOGRAMA
;;;;1101343;ANTIBIOGRAMA C/ CONCENTRACAO INIBITORIA MINIMA
;;;;1101707;ANTI-CARDIOLIPINA  IGG - EIE
;;;;1101708;ANTI-CARDIOLIPINA, IGM - EIE
;;;;1101898;ANTICOAGULANTE CIRCULANTE - DOSAGEM
;;;;1101180;ANTICORPOS  ANTI-CORTEX SUPRARENAL , IFI
;;;;1101284;ANTICORPOS  IGM CONTRA O VIRUS EPSTEIN-BARR
;;;;1101899;ANTICORPOS ANTI A E/OU ANTI B - PESQUISA
;;;;1101258;ANTICORPOS ANTI HIV  ( WESTERN BLOT)
;;;;1101009;ANTICORPOS ANTI MICROSSOMAL (TIREOIDEANO) - IFI
;;;;1101872;ANTICORPOS ANTIESPERMATOZOIDES ( ELISA )
;;;;1101177;ANTICORPOS ANTI-FIGADO , IFI
;;;;1101176;ANTICORPOS ANTI-GLOMERULO- IFI
;;;;1101175;ANTICORPOS ANTI-ILHOTA DE LANGHERANS- IFI
;;;;1101282;ANTICORPOS ANTI-INSULINA
;;;;1101281;ANTICORPOS ANTI-MUSCULO ESTRIADO
;;;;1101298;ANTICORPOS ANTI-MUSCULO LISO (IFI)
;;;;1101760;ANTICORPOS ANTI-PLAQUETARIOS - DETERMINACAO
;;;;1101709;ANTICORPOS ANTI-SM
;;;;1101280;ANTICORPOS ANTI-SS-A ( RO ) - EIE
;;;;1101279;ANTICORPOS ANTI-SS-B ( LA ) - EIE
;;;;1101010;ANTICORPOS ANTI-TIREOGLOBULINA, EIE
;;;;1101750;ANTICORPOS IGG  CONTRA O VIRUS EPSTEIN-BARR
;;;;1101932;ANTICORPOS IRREGULARES PELO METODO ELUICAO/PESQUISA
;;;;1101900;ANTICORPOS SERICOS  IRREGULARES - MEIO SALINO - 37ø - PESQUI
;;;;1101901;ANTICORPOS SERICOS IRREGULARES A FRIO - PESQUISA
;;;;1101933;ANTICORPOS SERICOS IRREGULARES COM PAINEL DE HEMACIAS - IDEN
;;;;1101012;ANTIESTREPTOLISINA O ( ASLO ) , DETERMINACAO QUANTITATIVA
;;;;1101267;ANTI-HDV - ANTICORPOS CONTRA O VIRUS DA HEPATITE D
;;;;1101295;ASPERGILUS , RFC
;;;;1101013;BACILO DUCREY (PESQUISA)
;;;;1101206;BACILOSCOPIA DIRETA P/ BAAR (HANSENIASE)
;;;;1101207;BACILOSCOPIA DIRETA P/ BAAR TUBERCULOS (CONTROLE)
;;;;1101205;BACILOSCOPIA DIRETA P/ BAAR TUBERCULOSE (DIAGNOSTICA)
;;;;1101389;BACTERIAS ANAEROBICAS , CULTURA
;;;;1101017;BACTEROSCOPIA (POR LAMINA)
;;;;1101871;BARBITURATOS
;;;;1101714;BETA 2 MICROGLOBULINA
;;;;1101489;BETA MERCAPTO-LACTATO-DISULFIDURIA , PESQUISA
;;;;1101018;BILIRRUBINA TOTAL E FRACOES
;;;;1101411;CA 125 (OV)
;;;;1101466;CADEIAS LEVES:  KAPA E LAMBDA, PESQUISA
;;;;1101599;CADMIO
;;;;1101200;CALCEMIA
;;;;1101019;CALCIO
;;;;1101020;CALCIO IONIZAVEL
;;;;1101962;CALCITONINA
;;;;1101201;CALCIURIA 24H
;;;;1101465;CALCULOS URINARIOS , EXAME QUALITATIVO
;;;;1101021;CAPACIDADE DE FIXACAO DO FERRO
;;;;1101606;CARBAMAZEPINA
;;;;1101902;CARBOXIHEMOGLOBINA - DETERMINACAO
;;;;1101453;CARIOTIPO COM TECNICAS DE BANDA EM CULTURA DE LONGA DURACAO
;;;;1101454;CARIOTIPO EM MEDULA OSSEA E VILOSIDADES CORIONICAS  COM TECNICAS DE BANDA
;;;;1101455;CARIOTIPO EM SANGUE PERIFERICO COM TECNICAS DE BANDA
;;;;1101817;CAROTENO
;;;;1101264;CEA (ANTIGENO CARCINOEMBRIOGENICO)
;;;;1101107;CELULAS LE - PESQUISA
;;;;1101839;CERULOPLASMINA
;;;;1101023;CHAGAS , IFI
;;;;1101598;CHUMBO
;;;;1101860;CICLOSPORINA
;;;;1101064;CITOMEGALOVIRUS , IFI (IGG)
;;;;1101065;CITOMEGALOVIRUS , IFI (IGM)
;;;;1101919;CITOQUIMICA HEMATOLOGICA
;;;;1101027;CLAMIDIA (EIE)
;;;;1101388;CLAMIDIA,  CITOLOGIA
;;;;1101030;CLEARANCE DE CREATININA
;;;;1101820;CLEARANCE DE FOSFATO
;;;;1101031;CLEARANCE DE UREIA
;;;;1101821;CLEARANCE OSMOLAR
;;;;1101254;CLEMENTS , TESTE DE
;;;;1101032;CLORETO
;;;;1101597;COBRE
;;;;1101036;COLESTEROL ( LDL)
;;;;1101035;COLESTEROL (HDL)
;;;;1101038;COLESTEROL TOTAL
;;;;1101039;COLINESTERASE
;;;;1101783;COMPLEMENTO ( CH50 ) , DOSAGEM
;;;;1101742;COMPLEMENTO C3 , IDR
;;;;1101716;COMPLEMENTO C4 , IDR
;;;;1101903;CONSUMO DE PROTROMBINA
;;;;1101247;CONTAGEM ESPECIFICA DE CELULAS (LIQUOR)
;;;;1101246;CONTAGEM GLOBAL DE CELULAS (LIQUOR)
;;;;1101800;CORTISOL -  CADA AMOSTRA - MAXIMO 3 DOSAGENS
;;;;1101045;CREATININA
;;;;1101046;CREATININA - DOSAGEM - LIQUIDO AMNIOTICO
;;;;1101833;CREATINOFOSFOQUINASE - FRACAO MB
;;;;1101981;CRIOAGLUTININA - DOSAGEM
;;;;1101983;CRIOGLOBULINAS,  PESQUISA
;;;;1101250;CRISTAIS COM LUZ POLARIZADA, PESQUISA DE
;;;;1101458;CROMATOGRAFIA DE ACUCARES (MELITURIA)
;;;;1101399;CULTURA DE LEITE MATERNO POS PASTEURIZACAO
;;;;1101234;CULTURA PARA BAAR
;;;;1101051;CULTURA PARA IDENTIFICACAO DE BACTERIAS
;;;;1101063;CULTURA PARA IDENTIFICACAO DE FUNGOS
;;;;1101398;CULTURAS AUTOMATIZADAS
;;;;1101052;CURVA GLICEMICA -  2 DOSAGENS-ORAL
;;;;1101718;CURVA GLICEMICA  5 DOSAGENS INDUCAO POR CORTISONA
;;;;1101053;CURVA GLICEMICA CLASSICA 5 DOSAGENS-ORAL
;;;;1101849;CURVA GLICEMICA POR INDUCAO COM CORTISONA - 4 DOSAGENS
;;;;1101795;DEHIDROEPIANDROSTERONA - DHEA
;;;;1101948;DEHIDROEPIANDROSTERONA -SULFATO DE
;;;;1101840;DESIDROGENASE ALFA-HIDROXIBUTIRICA
;;;;1101841;DESIDROGENASE GLUTAMICA
;;;;1101054;DESIDROGENASE LATICA
;;;;1101834;DESIDROGENASE LATICA - ISOENZIMAS FRACIONADAS
;;;;1101354;DETECCAO DE RNA DO HIV-1 (QUALITATIVO)
;;;;1101684;DETECÇÃO DE RNA DO HTLV-1
;;;;1101853;DETERMINACAO DE CROMATOGRAFIA DE AMINOACIDOS
;;;;1101694;DETERMINACAO DE FOSFOLIPIDIOS RELACAO LECITINA - ESFINGOMIELINA NO LIQUIDO AMNIOTICO
;;;;1101335;DETERMINACAO DE INDICE DE TIROXINA LIVRE
;;;;1101346;DETERMINACAO DE RETENCAO DE T3
;;;;1101347;DETERMINACAO DE T3 REVERSO
;;;;1101614;DETERMINACAO DE TEMPO DE COAGULACAO
;;;;1101154;DETERMINACAO DO TEMPO DE SANGRAMENTO ( DUKE) )
;;;;1101878;DIGESTIBILIDADE - PROVA DE
;;;;1101949;DIHIDROTESTOTERONA - DHT
;;;;1101219;DOSAGEM DE ANTICORPOS ANTITRANSGLUTAMINAISE RECOMBINANTE HUMANO IGA
;;;;1101664;DOSAGEM DE ANTITROMBINA III
;;;;1101047;DOSAGEM DE CREATINOFOSFOQUINASE (CPK)
;;;;1101665;DOSAGEM DE FATOR V
;;;;1101666;DOSAGEM DE FATOR VII
;;;;1101313;DOSAGEM DE FATOR VON WILLEBRAND (ANTIGENO)
;;;;1101667;DOSAGEM DE FATOR X
;;;;1101501;DOSAGEM DE FOLATO
;;;;1101560;DOSAGEM DE GLOBULINA TRANSPORTADORA DE TIROXINA
;;;;1101056;DOSAGEM DE HEMOGLOBINA
;;;;1101332;DOSAGEM DE IMUNOGLOBULINA A (IGA)
;;;;1101209;DOSAGEM DE IMUNOGLOBULINA E (IGE)
;;;;1101212;DOSAGEM DE IMUNOGLOBULINA M (IGM)
;;;;1101757;DOSAGEM DE MICROALBUMINA NA URINA
;;;;1101520;DOSAGEM DE PEPTIDEO C
;;;;1101146;DOSAGEM DE SODIO
;;;;1101764;ELETROFORESE DE HEMOGLOBINA - FOCALIZACAO ISOELETRICA
;;;;1101844;ELETROFORESE DE LIPOPROTEINAS
;;;;1101765;ELETROFORESE DE PROTEINAS
;;;;1101239;ELETROFORESE DE PROTEINAS COM CONCENTRACAO (LIQUOR)
;;;;1101456;ELETROFORESE DE PROTEINAS URINARIAS COM CONCENTRACAO
;;;;1101904;ENZIMAS ERITROCITARIAS  DETERMINACAO - CADA
;;;;1101894;ENZIMAS ERITROCITARIAS - RASTREIO PARA DEFICIENCIA DE
;;;;1101057;EOSINOFILOS -  PESQUISA
;;;;1101987;EQUINOCOCOSE , RFC
;;;;1101058;ERITROGRAMA( ERITROCITOS, HEMOGLOBINA, HEMATOCRITO )
;;;;1101251;ESPECTROFOTOMETRIA (LIQUIDO AMNIOTICO)
;;;;1101060;ESPERMOGRAMA (CARACTERES FISICOS, MOBILIDADE, CONTAGEM E MOR
;;;;1101920;ESPLENOGRAMA
;;;;1101874;ESTERCOBILINOGENIO FECAL - DOSAGEM
;;;;1101190;ESTRADIOL
;;;;1101950;ESTRIOL
;;;;1101943;ESTRONA
;;;;1101062;EXAME CARACTERES FISICOS  CONTAGEM GLOBAL E ESPECIFICA DE CELULAS
;;;;1101719;EXAME DE FRAGMENTOS/PARTES DE HELMINTOS PARA IDENTIFICACAO
;;;;1101061;EXAME MICROBIOLOGICO A FRESCO (DIRETO)
;;;;1101743;FAN - ANTICORPOS ANTI-NUCLEO , IFI
;;;;1101905;FATOR II - DOSAGEM
;;;;1101911;FATOR IX - DOSAGEM
;;;;1101090;FATOR REUMATOIDE , TESTE DO LATEX
;;;;1101720;FATOR RH (INCLUI DO FRACO)
;;;;1101909;FATOR VIII - DOSAGEM
;;;;1101923;FATOR VIII - DOSAGEM DO INIBIDOR
;;;;1101913;FATOR XI - DOSAGEM
;;;;1101914;FATOR XII - DOSAGEM
;;;;1101915;FATOR XIII - DOSAGEM (UREIA 5M)
;;;;1101485;FENILCETONURIA, PESQUISA
;;;;1101612;FENITOINA
;;;;1101438;FENOL
;;;;1101934;FENOTIPAGEM DO SISTEMA RH-HR
;;;;1101721;FERRITINA
;;;;1101066;FERRO SERICO
;;;;1101055;FIBRINOGENIO - DOSAGEM
;;;;1101109;FILARIA - PESQUISA
;;;;1101075;FOLICULO ESTIMULANTE, HORMONIO - FSH
;;;;1101722;FORMALDEIDO
;;;;1101067;FOSFATASE ACIDA (ESPERMA)
;;;;1101068;FOSFATASE ACIDA TOTAL
;;;;1101069;FOSFATASE ACIDA-FRACAO PROSTATICA
;;;;1101070;FOSFATASE ALCALINA
;;;;1101071;FOSFATASE ALCALINA (ESPERMA)
;;;;1101040;FRACAO DO HEMOGRAMA - PLAQUETAS - CONTAGEM
;;;;1101809;FRUTOSE
;;;;1101074;FRUTOSE (ESPERMA)
;;;;1101483;FRUTOSURIA , PESQUISA
;;;;1101744;FTA-ABS, PARA SIFILIS - IGG
;;;;1101745;FTA-ABS, PARA SIFILIS,  IGM
;;;;1101845;GALACTOSE (ENZIMATICA)
;;;;1101191;GALACTOSE (URINA)
;;;;1101078;GAMA-GLUTAMIL TRANSFERASE - GAMA GT
;;;;1101507;GASOMETRIA (PH, PCO2, PO2, BICARBONATO, SA, 02, EXC. BASE )
;;;;1101944;GASTRINA
;;;;1101080;GLICOSE
;;;;1101079;GLICOSE (LIQUIDO SINOVIAL E DERRAMES)
;;;;1101767;GLICOSE-6-FOSFATO DESIDROGENASE
;;;;1101081;GONADOTROFINA CORIONICA - BETA  HCG
;;;;1101881;GORDURA FECAL, DOSAGEM DE
;;;;1101723;GRUPO ABO - DETERMINACAO
;;;;1101883;HAM, TESTE DE   ( HEMOLISE ACIDA )
;;;;1101846;HAPTOGLOBINA
;;;;1101724;HAV- IGG  ANTICORPOS  IGG CONTRA O VIRUS DA HEPATITE A
;;;;1101725;HAV-IGM   ANTICORPOS  IGM CONTRA O VIRUS DA HEPATITE A
;;;;1101726;HBEAG - ANTIGENO E DA HEPATITE B
;;;;1101085;HBSAG - ANTIGENO S (SUPERFICIE) DA HEPATITE B
;;;;1101884;HEINZ - PESQUISA DE CORPUSCULOS DE
;;;;1101274;HELICOBACTER  PYLORI -EIE
;;;;1101798;HELICOBACTER PYLORI, PESQUISA DIRETA
;;;;1101924;HEMACIAS- TEMPO DE SOBREVIDA
;;;;1101086;HEMATOCRITO
;;;;1101087;HEMOCULTURA (INCLUI ANTIBIOGRAMA QUANDO NECESSARIO) - POR AM
;;;;1101785;HEMOGLOBINA - INSTABILIDADE A 37 oC
;;;;1101886;HEMOGLOBINA FETAL - DOSAGEM POR DESNATURACAO ALCALINA
;;;;1101088;HEMOGLOBINA GLICOSILADA
;;;;1101089;HEMOGRAMA COMPLETO
;;;;1101887;HEMOSSIDERINA (SIDEROCITOS)  NO  SANGUE E URINA -  PESQUISA
;;;;1101728;HERPES SIMPLES , PESQUISA DE ANTICORPOS, IGG
;;;;1101729;HERPES SIMPLES , PESQUISA DE ANTICORPOS, IGM
;;;;1101397;HERPESVIRUS , CITOLOGIA
;;;;1101396;HERPESVIRUS, CULTURA
;;;;1101847;HIDROXIPROLINA
;;;;1101498;HOLLANDER , TESTE (SUCO GASTRICO)
;;;;1101480;HOMOCISTINA, PESQUISA (URINA)
;;;;1101945;HORMONIO DE CRESCIMENTO - HGH
;;;;1101289;IGE POR GRUPO ESPECIFICO (1101289)
;;;;1101695;IGE POR GRUPO ESPECIFICO (1101695)
;;;;1101696;IGE POR GRUPO ESPECIFICO (1101696)
;;;;1101697;IGE POR GRUPO ESPECIFICO (1101697)
;;;;1101698;IGE POR GRUPO ESPECIFICO (1101698)
;;;;1101699;IGE POR GRUPO ESPECIFICO (1101699)
;;;;1101266;IMUNOELETROFORESE ( ESTUDO DA GAMOPATIA MONOCLONAL )
;;;;1101260;IMUNOFENOTIPAGEM DE HEMOPATIAS MALIGNAS - MAXIMO DE 10 EXAME
;;;;1101265;IMUNOFLUORESCENCIA PARA HIV (IFI)
;;;;1101999;INIBIDOR DE C1 - ESTERASE
;;;;1101937;INSULINA
;;;;1101822;ISOMERASE FOSFOHEXOSE
;;;;1101479;LACTOSURIA , PESQUISA
;;;;1101245;LATEX ( H. INFLUENZAE, S. PNEUMONIEAE, N.MENINGIT. A, B E C)
;;;;1101237;LEPTOSPIRA  PESQUISA
;;;;1101823;LEUCINO AMINOPEPTIDASE
;;;;1101091;LEUCOGRAMA
;;;;1101188;LH LUTEINIZANTE HORMONIO
;;;;1101263;LINFOCITOS B , CONTAGEM
;;;;1101262;LINFOCITOS T , CONTAGEM
;;;;1101092;LIPASE
;;;;1101799;LISTERIA  IFD
;;;;1101095;LITIO SERICO
;;;;1101096;MAGNESIO
;;;;1101198;MALARIA , IFI
;;;;1101476;MERCURIO, PESQUISA (URINA)
;;;;1101916;META-HEMOGLOBINA - DETERMINACAO
;;;;1101867;METHOTREXATE
;;;;1101931;MIELOGRAMA
;;;;1101098;MONONUCLEOSE , SOROLOGIA ( MONOTESTE )
;;;;1101747;MONTENEGRO ( LEISCHMANIOSE ) , ID
;;;;1101099;MUCO PROTEINAS
;;;;1101461;MUCOPOLISSACARIDOSE, PESQUISA
;;;;1101460;OSMOLALIDADE , DETERMINACAO
;;;;1101835;OSMOLARIDADE
;;;;1101243;PANDY , REACAO DE
;;;;1101959;PARATORMONIO - DOSAGEM
;;;;1101104;PESQUISA  SCHISTOSOMA-OVOS-EM FRAGMENTO DE MUCOSA - SEM COLE
;;;;1101669;PESQUISA DE ANTICORPOS ANTIADENOVIRUS
;;;;1101670;PESQUISA DE ANTICORPOS ANTIAMEBAS
;;;;1101349;PESQUISA DE ANTICORPOS ANTICLAMIDIA (POR IMUNOFLUORESCENCIA)
;;;;1101686;PESQUISA DE ANTICORPOS ANTICORPOS ANTI-HTLV-1 (WESTERN-BLOT)
;;;;1101341;PESQUISA DE ANTICORPOS ANTI-DNA
;;;;1101572;PESQUISA DE ANTICORPOS ANTIESCLERODERMA (SCL 70)
;;;;1101008;PESQUISA DE ANTICORPOS ANTI-HIV-1 + HIV-2 (ELISA)
;;;;1101330;PESQUISA DE ANTICORPOS ANTI-HTLV-1 + HTLV-2
;;;;1101574;PESQUISA DE ANTICORPOS ANTIMITOCONDRIA
;;;;1101660;PESQUISA DE ANTICORPOS ANTIPARIETAIS
;;;;1101565;PESQUISA DE ANTICORPOS ANTI-RIBONUCLEOPROTEINA (RNP)
;;;;1101342;PESQUISA DE ANTICORPOS ANTI-SCHISTOSOMAS
;;;;1101673;PESQUISA DE ANTICORPOS CONTRA HISTOPLASMA
;;;;1101584;PESQUISA DE ANTICORPOS IGG ANTILEISHMANIAS
;;;;1101216;PESQUISA DE ANTICORPOS IGG ANTITRIPANOSOMA CRUZI
;;;;1101337;PESQUISA DE ANTICORPOS IGG CONTRA ARBOVIRUS (DENGUE E FEBRE AMARELA)
;;;;1101661;PESQUISA DE ANTICORPOS IGG CONTRA O VIRUS DA VARICELA-HERPES ZOSTER
;;;;1101676;PESQUISA DE ANTICORPOS IGM ANTILEISHMANIAS
;;;;1101221;PESQUISA DE ANTICORPOS IGM ANTITRIPANOSOMA CRUZI
;;;;1101677;PESQUISA DE ANTICORPOS IGM CONTRA ARBOVIRUS (DENGUE E FEBRE AMARELA)
;;;;1101662;PESQUISA DE ANTICORPOS IGM CONTRA O VIRUS DA VARICELA-HERPES ZOSTER
;;;;1101202;PESQUISA DE ATIVIDADE DO COFATOR DE RISTOCETINA
;;;;1101663;PESQUISA DE BACILO DIFTERICO
;;;;1101608;PESQUISA DE CARACTERES FISICOS NO LIQUOR
;;;;1101253;PESQUISA DE CELULAS ORANGIOFILAS
;;;;1101487;PESQUISA DE CISTINA NA URINA
;;;;1101350;PESQUISA DE CLAMIDIA (POR CAPTURA HIBRIDA)
;;;;1101486;PESQUISA DE COPROPORFIRINA NA URINA
;;;;1101779;PESQUISA DE ELEMENTOS ANORMAIS/SEDIMENTO NA URINA
;;;;1101459;PESQUISA DE ERROS INATOS DO METABOLISMO (INCLUI AMINOACIDOS,
;;;;1101108;PESQUISA DE ESPERMATOZOIDES  APOS VASECTOMIA
;;;;1101579;PESQUISA DE FATOR REUMATOIDE (WAALER  ROSE)
;;;;1101082;PESQUISA DE GORDURA FECAL
;;;;1101357;PESQUISA DE HEMOGLOBINA S
;;;;1101110;PESQUISA DE LARVAS (METODO DE BAERMANN OU RUGAI)
;;;;1101111;PESQUISA DE LEUCOCITOS FECAIS
;;;;1101112;PESQUISA DE LEVEDURAS
;;;;1101680;PESQUISA DE MACROPROLACTINA
;;;;1101101;PESQUISA DE OVOS E CISTOS DE PARASITAS
;;;;1101149;PESQUISA DE OXIURUS COM  COLETA  POR SWAB ANAL
;;;;1101475;PESQUISA DE PORFOBILINOGENIO NA URINA
;;;;1101116;PESQUISA DE SANGUE OCULTO NAS FEZES
;;;;1101118;PESQUISA DE SUBSTANCIAS REDUTORAS NAS FEZES
;;;;1101353;PESQUISA DE TROFOZOITAS NAS FEZES
;;;;1101926;PLAQUETAS - TESTE DE AGREGACAO POR AGENTE AGREGANTE
;;;;1101917;PLASMINOGENIO - DOSAGEM
;;;;1101394;PNEMOCYSTI CARINI , PEQUISA
;;;;1101826;PORFIRINAS QUANTITATIVAS ( CADA )
;;;;1101771;PROGESTERONA
;;;;1101124;PROLACTINA
;;;;1101103;PROTEINA C REATIVA , PESQUISA
;;;;1101125;PROTEINA C REATIVA, DETERMINACAO QUANTITATIVA
;;;;1101127;PROTEINAS (LIQUIDO SINOVIAL E DERRAMES)
;;;;1101128;PROTEINAS TOTAIS
;;;;1101129;PROTEINAS TOTAIS E FRACOES
;;;;1101126;PROTEINURIA DE 24 HORAS
;;;;1101848;PROVA DA D. XILOSE
;;;;1101474;PROVA DA DILUICAO (URINA)
;;;;1101130;PROVA DE PROGRESSAO ESPERMATICA (CADA)
;;;;1101875;PROVA DE TRIPSINA
;;;;1101131;PROVA DO LACO
;;;;1101587;PROVA DO LATEX P/ PESQUISA DO FATOR REUMATOIDE
;;;;1101964;PROVA DO LH-HR : DOS. FSH (6D): DOS. LH (6D)
;;;;1101938;PROVA PARA INVESTIGACAO DO DIABETES INSIPIDUS
;;;;1101965;PROVA TRH : DOS. PROLACTINA (4D): DOS. DO TSH (4 D)
;;;;1101631;PROVAS DE PRAUSNITZ-KUSTNER (PK)
;;;;1101358;PROVAS IMUNO-ALERGICAS BACTERIANAS
;;;;1101133;PSA (ANTIGENO PROSTATICO ESPECIFICO)
;;;;1101249;RAGOCITOS , PESQUISA DE (LIQUIDO SINOVIAL E DERRAMES)
;;;;1101952;RENINA
;;;;1101888;RESISTENCIA GLOBULAR - CURVA
;;;;1101137;RETICULOCITOS - CONTAGEM
;;;;1101138;RETRACAO DO COAGULO
;;;;1101248;RIVALTA , REACAO DE (LIQUIDO SINOVIAL E DERRAMES)
;;;;1101139;ROTAVIRUS ( FEZES ) , PESQUISA
;;;;1101140;RUBEOLA , ANTICORPOS IGG
;;;;1101748;RUBEOLA , ANTICORPOS IGM
;;;;1101195;SARAMPO , RFC/IFI
;;;;1101939;SEROTONINA - ( ACIDO 5-HIDROXI-INDOL-ACETICO)
;;;;1101433;SHBG
;;;;1101746;SOMATOMEDINA C
;;;;1101117;STREPTOCOCUS BETA-HEMOLITICO DO GRUPO A , PESQUISA
;;;;1101889;SULFO-HEMOGLOBINA - DETERMINACAO
;;;;1101890;TEMPO DE LISE DA EUGLOBULINA
;;;;1101155;TEMPO DE SANGRAMENTO DE IVY
;;;;1101896;TEMPO DE TROMBINA
;;;;1101157;TEMPO DE TROMBOPLASTINA PARCIAL ATIVADA (TTP ATIVADA)
;;;;1101158;TEMPO E ATIVIDADE PROTOMBINICA
;;;;1101600;TESTE DE ANTIGLOBULINA HUMANA  ( TIA  )
;;;;1101517;TESTE DE ANTIGLOBULINA HUMANA (TDA )
;;;;1101966;TESTE DE ESTIMULO DO HGH APOS GLUCAGON DOS. DO HGH (4 D) - AP
;;;;1101967;TESTE DE ESTIMULO PELA CLORPROMAZINA DOSAGEM  PROLACTINA (6D
;;;;1101497;TESTE DE GASTROACIDOGRAMA - SECRECAO BASAL POR 60 EM 4 AMOSTRAS
;;;;1101960;TESTE DE SUPRESSAO COM DEXAMETAZONA - DOSAGEM DO CORTISOL(2
;;;;1101968;TESTE DE SUPRESSAO COM SOBRECARGA DE GLICOSE  -  DOSAGEM  HG
;;;;1101791;TESTE DE TOLERANCIA A INSULINA OU HIPOGLICEMIANTES ORAIS
;;;;1101172;TESTE DE VDRL P/ DETECCAO DE SIFILIS
;;;;1101558;TESTES ALERGICOS DE CONTATO
;;;;1101559;TESTES CUTANEOS DE LEITURA IMEDIATA
;;;;1101755;TESTOSTERONA LIVRE
;;;;1101160;TESTOSTERONA TOTAL
;;;;1101736;TIREOGLOBULINA
;;;;1101471;TIROSINOSE , PESQUISA (URINA)
;;;;1101163;TIROXINA - T4
;;;;1101317;TIROXINA LIVRE (T4 LIVRE)
;;;;1101165;TOXOPLASMOSE  IFI-IGG
;;;;1101164;TOXOPLASMOSE IFI (IGM)
;;;;1101161;TRANSAMINASE OXALACETICA (ASPARTATO AMINO TRANSFERASE)
;;;;1101162;TRANSAMINASE PIRUVICA (ALANINA AMINO TRANSFERASE)
;;;;1101166;TRANSFERRINA
;;;;1101235;TREPONEMA ( PALLIDUM ), PESQUISA
;;;;1101167;TRIGLICERIDEOS
;;;;1101168;TRIIODOTIRONINA -  T3
;;;;1101120;TRIPANOSSOMA - PESQUISA
;;;;1101852;TRIPTOFANO
;;;;1101515;TROPONINA (TRP)
;;;;1101787;TSH - HORMONIO TIREOESTIMULANTE
;;;;1101170;UREIA
;;;;1101329;VDRL P/ DETECCAO DE SIFILIS EM GESTANTE
;;;;1101173;VELOCIDADE DE HEMOSSEDIMENTACAO (VHS)
;;;;1101271;VIRUS SINCICIAL RESPIRATORIO , PESQUISA DIRETA -
;;;;1101758;VITAMINA B12
;;;;1101596;ZINCO
;;2400000;GRUPO - PATOLOGIA CLINICA (REGULACAO);;
;;;;2400022;DETECCAO DE RNA DO VIRUS DA HEPATITE C (QUALITATIVO)
;UBS MOVEL 01;;;;
;;1401000;GRUPO - EXAMES ULTRA-SONOGRAFICOS;;
;;1305000;GRUPO - MAMOGRAFIA;;
;UBS MOVEL 02;;;;
;;1401000;GRUPO - EXAMES ULTRA-SONOGRAFICOS;;
;;1305000;GRUPO - MAMOGRAFIA;;
;UBS MOVEL 04;;;;
;;1401000;GRUPO - EXAMES ULTRA-SONOGRAFICOS;;
;;1305000;GRUPO - MAMOGRAFIA;;
;USF ARMANDO MENDES;;;;
;;0701233;CONSULTA EM UROLOGIA - GERAL;;
;;0701039;CONSULTA EM UROLOGIA - RETORNO;;
;USF ARTHUR VIRGILIO FILHO;;;;
;;0701022;CONSULTA EM FISIOTERAPIA;;
;;0701428;CONSULTA EM FISIOTERAPIA - ACIMA DE 60 ANOS;;
;;1301000;GRUPO - RADIODIAGNOSTICO;;
;;;;1301003;ABDOMEN  SIMPLES : AP
;;;;1301161;ABDOMEN : AP - LATERAL OU LOCALIZADA
;;;;1301009;ARTICULACAO ACROMIO-CLAVICULAR
;;;;1301128;ARTICULACAO COXO-FEMORAL DIREITO
;;;;1301129;ARTICULACAO COXO-FEMORAL ESQUERDO
;;;;1301114;ARTICULACAO ESCAPULO-UMERAL DIREITA
;;;;1301115;ARTICULACAO ESCAPULO-UMERAL ESQUERDO
;;;;1301012;ARTICULACAO ESTERNO-CLAVICULAR
;;;;1301013;ARTICULACAO SACRO ILIACA
;;;;1301017;BACIA
;;;;1301118;BRACO DIREITO
;;;;1301119;BRACO ESQUERDO
;;;;1301130;CALCANEO DIREITO
;;;;1301131;CALCANEO ESQUERDO
;;;;1301133;CLAVICULA DIREITA
;;;;1301132;CLAVICULA ESQUERDO
;;;;1301026;COLUNA CERVICAL : AP + LATERAL + T.O OU FLEXAO
;;;;1301171;COLUNA CERVICAL: AP + LATERAL + TO + OBLIQUAS (AP E PERFIL)
;;;;1301029;COLUNA DORSAL : AP + LATERAL
;;;;1301030;COLUNA DORSO - LOMBAR PARA ESCOLIOSE
;;;;1301034;COLUNA LOMBO SACRA COM OBLIQUAS
;;;;1301033;COLUNA LOMBO-SACRA
;;;;1301038;COSTELAS - POR HEMITORAX
;;;;1301134;COTOVELO DIREITO
;;;;1301135;COTOVELO ESQUERDO
;;;;1301136;COXA DIREITA
;;;;1301137;COXA ESQUERDA
;;;;1301043;CRANIO - PA + LAT. + OBLI. OU BRETTON + HIRTZ
;;;;1301042;CRANIO : PA + LATERAL
;;;;1301050;ESTERNO
;;;;1301138;JOELHO : AP + LATERAL DIREITO
;;;;1301139;JOELHO : AP + LATERAL ESQUERDO
;;;;1301142;JOELHO OU ROTULA - AP + LAT. + AXIAL DIREITO
;;;;1301143;JOELHO OU ROTULA - AP + LAT. + AXIAL ESQUERDO
;;;;1301140;JOELHO OU ROTULA - AP + LAT.- OBLIQUAS + 3 AXIAIS - DIREITO
;;;;1301141;JOELHO OU ROTULA - AP + LAT.- OBLIQUAS + 3 AXIAIS - ESQUERDO
;;;;1301144;MAO DIREITA ( DUAS INCIDENCIAS)
;;;;1301145;MAO ESQUERDA ( DUAS INCIDENCIAS)
;;;;1301065;MAOS E PUNHOS PARA IDADE OSSEA
;;;;1301066;MASTOIDE OU ROCHEDOS BILATERAL
;;;;1301067;MAXILAR INFERIOR : PA + OBLIQUAS
;;;;1301235;OMBRO DIREITO (AP VERDADEIRO, PERFIL DE ESCAPULAR E AXILAR)
;;;;1301236;OMBRO ESQUERDO (AP VERDADEIRO, PERFIL DE ESCAPULAR E AXILAR)
;;;;1301148;ORBITAS DIREITA - P A + OBLIQUAS + HIRTZ
;;;;1301149;ORBITAS ESQUERDA- P A + OBLIQUAS + HIRTZ
;;;;1301071;OSSOS DA FACE - M.N. + LATERAL + HIRTZ
;;;;1301152;PE OU PODODACTILOS DIREITO
;;;;1301153;PE OU PODODACTILOS ESQUERDO
;;;;1301150;PERNA DIREITA
;;;;1301151;PERNA ESQUERDA
;;;;1301154;PUNHO DIREITO: AP + LATERAL + OBLIQUOS
;;;;1301155;PUNHO ESQUERDO: AP + LATERAL + OBLIQUOS
;;;;1301194;QUIRODACTILOS (DIREITO)
;;;;1301193;QUIRODACTILOS (ESQUERDO)
;;;;1301020;RADIOGRAFIA DE CAVUM (LATERAL + HIRTZ)
;;;;1301182;SACRO-COCCIX (AP E PERFIL)
;;;;1301091;SEIOS DA FACE : F.N. , M.N. , LATERAL - HIRTZ
;;;;1301092;SELA TURSICA : PA + LATERAL + BRETTON
;;;;1301097;TORAX  PA + INSPIRACAO + EXPIRACAO + LATERAL
;;;;1301100;TORAX : APICO - LORDORTICA
;;;;1301096;TORAX : PA E PERFIL
;;;;1301098;TORAX PA + LAT. + OBLIQUA
;;;;1301099;TORAX:  P.A
;USF AUGIAS GADELHA;;;;
;;1703101;ELETROCARDIOGRAMA;;
;;1713021;ELETROCARDIOGRAMA - PEDIATRIA;;
;USF BALBINA MESTRINHO;;;;
;;0701205;CONSULTA EM CARDIOLOGIA - GERAL;;
;;0701212;CONSULTA EM DERMATOLOGIA - GERAL;;
;;0701052;CONSULTA EM DERMATOLOGIA - RETORNO;;
;;0701226;CONSULTA EM ORTOPEDIA - GERAL;;
;;1703101;ELETROCARDIOGRAMA;;
;;1713021;ELETROCARDIOGRAMA - PEDIATRIA;;
;;1401000;GRUPO - EXAMES ULTRA-SONOGRAFICOS;;
;;1301000;GRUPO - RADIODIAGNOSTICO;;
;USF CARMEN NICOLAU;;;;
;;0701207;CONSULTA EM CIRURGIA GERAL - GERAL;;
;;0701382;CONSULTA EM CIRURGIA GERAL - RETORNO;;
;;0701212;CONSULTA EM DERMATOLOGIA - GERAL;;
;;0701052;CONSULTA EM DERMATOLOGIA - RETORNO;;
;;0701233;CONSULTA EM UROLOGIA - GERAL;;
;;1703101;ELETROCARDIOGRAMA;;
;;1713021;ELETROCARDIOGRAMA - PEDIATRIA;;
;;1401000;GRUPO - EXAMES ULTRA-SONOGRAFICOS;;
;USF DR ALFREDO CAMPOS;;;;
;;1703101;ELETROCARDIOGRAMA;;
;;1713021;ELETROCARDIOGRAMA - PEDIATRIA;;
;;1401000;GRUPO - EXAMES ULTRA-SONOGRAFICOS;;
;;;;1401507;ULTRA-SONOGRAFIA  DE ARTICULACAO ANTEBRACO DIREITO
;;;;1401508;ULTRA-SONOGRAFIA  DE ARTICULACAO ANTEBRACO ESQUERDO
;;;;1401505;ULTRA-SONOGRAFIA  DE ARTICULACAO COTOVELO DIREITO
;;;;1401506;ULTRA-SONOGRAFIA  DE ARTICULACAO COTOVELO ESQUERDO
;;;;1401514;ULTRA-SONOGRAFIA  DE ARTICULACAO COXA DIREITA
;;;;1401516;ULTRA-SONOGRAFIA  DE ARTICULACAO JOELHO DIREITO
;;;;1401517;ULTRA-SONOGRAFIA  DE ARTICULACAO JOELHO ESQUERDO
;;;;1401511;ULTRA-SONOGRAFIA  DE ARTICULACAO MAO DIREITA
;;;;1401512;ULTRA-SONOGRAFIA  DE ARTICULACAO MAO ESQUERDA
;;;;1401409;ULTRA-SONOGRAFIA  DE ARTICULACAO OMBRO DIREITO
;;;;1401500;ULTRA-SONOGRAFIA  DE ARTICULACAO OMBRO ESQUERDO
;;;;1401522;ULTRA-SONOGRAFIA  DE ARTICULACAO PE DIREITO
;;;;1401523;ULTRA-SONOGRAFIA  DE ARTICULACAO PE ESQUERDO
;;;;1401509;ULTRA-SONOGRAFIA  DE ARTICULACAO PUNHO DIREITO
;;;;1401510;ULTRA-SONOGRAFIA  DE ARTICULACAO PUNHO ESQUERDO
;;;;1401520;ULTRA-SONOGRAFIA  DE ARTICULACAO TORNOZELO DIREITO
;;;;1401521;ULTRA-SONOGRAFIA  DE ARTICULACAO TORNOZELO ESQUERDO
;;;;1401405;ULTRA-SONOGRAFIA  DO APARELHO URINARIO (RINS, BEXIGA)
;;;;1401999;ULTRA-SONOGRAFIA DE ABDOMEN SUPERIOR
;;;;1401998;ULTRA-SONOGRAFIA DE ABDOMEN TOTAL
;;;;1401978;ULTRA-SONOGRAFIA DE BOLSA ESCROTAL
;;;;1401977;ULTRA-SONOGRAFIA DE MAMAS (BILATERAL)
;;;;1401037;ULTRA-SONOGRAFIA DE PARTES MOLES
;;;;1401997;ULTRA-SONOGRAFIA DE PROSTATA (VIA ABDOMINAL)
;;;;1401987;ULTRA-SONOGRAFIA DE REGIAO CERVICAL (PESCOCO)
;;;;1401980;ULTRA-SONOGRAFIA DE TIREOIDE
;;;;1401201;ULTRA-SONOGRAFIA OBSTETRICA
;;;;1401101;ULTRA-SONOGRAFIA PELVICA (GINECOLOGICA)
;;;;1401202;ULTRA-SONOGRAFIA TRANSVAGINAL
;;1305000;GRUPO - MAMOGRAFIA;;
;;;;1305001;MAMOGRAFIA BILATERAL PARA RASTREAMENTO (ROTINA)
;;;;1305002;MAMOGRAFIA UNILATERAL MAMA D (DIAGNOSTICO)
;;;;1305003;MAMOGRAFIA UNILATERAL MAMA E (DIAGNOSTICO)
;;1301000;GRUPO - RADIODIAGNOSTICO;;
;;;;1301003;ABDOMEN  SIMPLES : AP
;;;;1301161;ABDOMEN : AP - LATERAL OU LOCALIZADA
;;;;1301126;ANTEBRACO DIREITO
;;;;1301127;ANTEBRACO ESQUERDO
;;;;1301109;ARCADA ZIGOMATICA -MALAR :  AP +  OBLIQUAS
;;;;1301009;ARTICULACAO ACROMIO-CLAVICULAR
;;;;1301128;ARTICULACAO COXO-FEMORAL DIREITO
;;;;1301129;ARTICULACAO COXO-FEMORAL ESQUERDO
;;;;1301114;ARTICULACAO ESCAPULO-UMERAL DIREITA
;;;;1301115;ARTICULACAO ESCAPULO-UMERAL ESQUERDO
;;;;1301012;ARTICULACAO ESTERNO-CLAVICULAR
;;;;1301013;ARTICULACAO SACRO ILIACA
;;;;1301014;ARTICULACAO TEMPORO MANDIBULAR BILATERAL
;;;;1301017;BACIA
;;;;1301118;BRACO DIREITO
;;;;1301119;BRACO ESQUERDO
;;;;1301130;CALCANEO DIREITO
;;;;1301131;CALCANEO ESQUERDO
;;;;1301133;CLAVICULA DIREITA
;;;;1301132;CLAVICULA ESQUERDO
;;;;1301026;COLUNA CERVICAL : AP + LATERAL + T.O OU FLEXAO
;;;;1301171;COLUNA CERVICAL: AP + LATERAL + TO + OBLIQUAS (AP E PERFIL)
;;;;1301028;COLUNA CERVICAL: FUNCIONAL OU DINAMICA
;;;;1301029;COLUNA DORSAL : AP + LATERAL
;;;;1301030;COLUNA DORSO - LOMBAR PARA ESCOLIOSE
;;;;1301034;COLUNA LOMBO SACRA COM OBLIQUAS
;;;;1301032;COLUNA LOMBO SACRA FUNCIONAL OU DINAMICA
;;;;1301033;COLUNA LOMBO-SACRA
;;;;1301038;COSTELAS - POR HEMITORAX
;;;;1301134;COTOVELO DIREITO
;;;;1301135;COTOVELO ESQUERDO
;;;;1301136;COXA DIREITA
;;;;1301137;COXA ESQUERDA
;;;;1301043;CRANIO - PA + LAT. + OBLI. OU BRETTON + HIRTZ
;;;;1301042;CRANIO : PA + LATERAL
;;;;1301050;ESTERNO
;;;;1301138;JOELHO : AP + LATERAL DIREITO
;;;;1301139;JOELHO : AP + LATERAL ESQUERDO
;;;;1301142;JOELHO OU ROTULA - AP + LAT. + AXIAL DIREITO
;;;;1301143;JOELHO OU ROTULA - AP + LAT. + AXIAL ESQUERDO
;;;;1301140;JOELHO OU ROTULA - AP + LAT.- OBLIQUAS + 3 AXIAIS - DIREITO
;;;;1301141;JOELHO OU ROTULA - AP + LAT.- OBLIQUAS + 3 AXIAIS - ESQUERDO
;;;;1301144;MAO DIREITA ( DUAS INCIDENCIAS)
;;;;1301145;MAO ESQUERDA ( DUAS INCIDENCIAS)
;;;;1301065;MAOS E PUNHOS PARA IDADE OSSEA
;;;;1301066;MASTOIDE OU ROCHEDOS BILATERAL
;;;;1301067;MAXILAR INFERIOR : PA + OBLIQUAS
;;;;1301235;OMBRO DIREITO (AP VERDADEIRO, PERFIL DE ESCAPULAR E AXILAR)
;;;;1301236;OMBRO ESQUERDO (AP VERDADEIRO, PERFIL DE ESCAPULAR E AXILAR)
;;;;1301071;OSSOS DA FACE - M.N. + LATERAL + HIRTZ
;;;;1301152;PE OU PODODACTILOS DIREITO
;;;;1301153;PE OU PODODACTILOS ESQUERDO
;;;;1301150;PERNA DIREITA
;;;;1301151;PERNA ESQUERDA
;;;;1301154;PUNHO DIREITO: AP + LATERAL + OBLIQUOS
;;;;1301155;PUNHO ESQUERDO: AP + LATERAL + OBLIQUOS
;;;;1301194;QUIRODACTILOS (DIREITO)
;;;;1301193;QUIRODACTILOS (ESQUERDO)
;;;;1301020;RADIOGRAFIA DE CAVUM (LATERAL + HIRTZ)
;;;;1301182;SACRO-COCCIX (AP E PERFIL)
;;;;1301091;SEIOS DA FACE : F.N. , M.N. , LATERAL - HIRTZ
;;;;1301092;SELA TURSICA : PA + LATERAL + BRETTON
;;;;1301097;TORAX  PA + INSPIRACAO + EXPIRACAO + LATERAL
;;;;1301100;TORAX : APICO - LORDORTICA
;;;;1301096;TORAX : PA E PERFIL
;;;;1301098;TORAX PA + LAT. + OBLIQUA
;;;;1301099;TORAX:  P.A
;USF DR ANTONIO REIS;;;;
;;0701240;CONSULTA EM CARDIOLOGIA - PEDIATRIA;;
;;0701242;CONSULTA EM NEFROLOGIA - PEDIATRIA;;
;;0701205;CONSULTA EM CARDIOLOGIA - GERAL;;
;;0701380;CONSULTA EM CARDIOLOGIA - RETORNO;;
;;0701207;CONSULTA EM CIRURGIA GERAL - GERAL;;
;;0701382;CONSULTA EM CIRURGIA GERAL - RETORNO;;
;;0701211;CONSULTA EM CIRURGIA VASCULAR - GERAL;;
;;0701116;CONSULTA EM CIRURGIA VASCULAR - RETORNO;;
;;0701212;CONSULTA EM DERMATOLOGIA - GERAL;;
;;0701052;CONSULTA EM DERMATOLOGIA - RETORNO;;
;;0701213;CONSULTA EM ENDOCRINOLOGIA E METABOLOGIA - GERAL;;
;;0701022;CONSULTA EM FISIOTERAPIA;;
;;0701215;CONSULTA EM GASTROENTEROLOGIA - GERAL;;
;;0701220;CONSULTA EM INFECTOLOGIA - GERAL;;
;;0701252;CONSULTA EM MASTOLOGIA - GERAL;;
;;0701028;CONSULTA EM MASTOLOGIA - RETORNO;;
;;0701225;CONSULTA EM OFTALMOLOGIA - GERAL;;
;;0701226;CONSULTA EM ORTOPEDIA - GERAL;;
;;9270003;CONSULTA EM ORTOPEDIA - GERAL - RETORNO;;
;;0701227;CONSULTA EM OTORRINOLARINGOLOGIA - GERAL;;
;;1703101;ELETROCARDIOGRAMA;;
;;1713021;ELETROCARDIOGRAMA - PEDIATRIA;;
;;1401000;GRUPO - EXAMES ULTRA-SONOGRAFICOS;;
;;1305000;GRUPO - MAMOGRAFIA;;
;;1101000;GRUPO - PATOLOGIA CLINICA (EXAMES DE LABORATORIO);;
;;1301000;GRUPO - RADIODIAGNOSTICO;;
;;;;1301003;ABDOMEN  SIMPLES : AP
;;;;1301161;ABDOMEN : AP - LATERAL OU LOCALIZADA
;;;;1301126;ANTEBRACO DIREITO
;;;;1301127;ANTEBRACO ESQUERDO
;;;;1301114;ARTICULACAO ESCAPULO-UMERAL DIREITA
;;;;1301115;ARTICULACAO ESCAPULO-UMERAL ESQUERDO
;;;;1301017;BACIA
;;;;1301118;BRACO DIREITO
;;;;1301119;BRACO ESQUERDO
;;;;1301130;CALCANEO DIREITO
;;;;1301131;CALCANEO ESQUERDO
;;;;1301133;CLAVICULA DIREITA
;;;;1301132;CLAVICULA ESQUERDO
;;;;1301026;COLUNA CERVICAL : AP + LATERAL + T.O OU FLEXAO
;;;;1301171;COLUNA CERVICAL: AP + LATERAL + TO + OBLIQUAS (AP E PERFIL)
;;;;1301029;COLUNA DORSAL : AP + LATERAL
;;;;1301033;COLUNA LOMBO-SACRA
;;;;1301038;COSTELAS - POR HEMITORAX
;;;;1301134;COTOVELO DIREITO
;;;;1301135;COTOVELO ESQUERDO
;;;;1301042;CRANIO : PA + LATERAL
;;;;1301138;JOELHO : AP + LATERAL DIREITO
;;;;1301139;JOELHO : AP + LATERAL ESQUERDO
;;;;1301144;MAO DIREITA ( DUAS INCIDENCIAS)
;;;;1301145;MAO ESQUERDA ( DUAS INCIDENCIAS)
;;;;1301065;MAOS E PUNHOS PARA IDADE OSSEA
;;;;1301235;OMBRO DIREITO (AP VERDADEIRO, PERFIL DE ESCAPULAR E AXILAR)
;;;;1301236;OMBRO ESQUERDO (AP VERDADEIRO, PERFIL DE ESCAPULAR E AXILAR)
;;;;1301152;PE OU PODODACTILOS DIREITO
;;;;1301153;PE OU PODODACTILOS ESQUERDO
;;;;1301150;PERNA DIREITA
;;;;1301151;PERNA ESQUERDA
;;;;1301154;PUNHO DIREITO: AP + LATERAL + OBLIQUOS
;;;;1301155;PUNHO ESQUERDO: AP + LATERAL + OBLIQUOS
;;;;1301020;RADIOGRAFIA DE CAVUM (LATERAL + HIRTZ)
;;;;1301091;SEIOS DA FACE : F.N. , M.N. , LATERAL - HIRTZ
;;;;1301096;TORAX : PA E PERFIL
;;;;1301098;TORAX PA + LAT. + OBLIQUA
;USF DR JOSE FIGLIUOLO;;;;
;;0701226;CONSULTA EM ORTOPEDIA - GERAL;;
;;0701227;CONSULTA EM OTORRINOLARINGOLOGIA - GERAL;;
;;0709001;CONSULTA EM OTORRINOLARINGOLOGIA - PEDIATRICA;;
;;0709015;CONSULTA EM OTORRINOLARINGOLOGIA - PEDIATRICA - RETORNO;;
;;0320173;CONSULTA EM OTORRINOLARINGOLOGIA - RETORNO;;
;USF DR JOSE RAIMUNDO FRANCO DE SA;;;;
;;0701205;CONSULTA EM CARDIOLOGIA - GERAL;;
;;0701380;CONSULTA EM CARDIOLOGIA - RETORNO;;
;;0701212;CONSULTA EM DERMATOLOGIA - GERAL;;
;;0701213;CONSULTA EM ENDOCRINOLOGIA E METABOLOGIA - GERAL;;
;;0701027;CONSULTA EM ENDOCRINOLOGIA E METABOLOGIA - RETORNO;;
;;0701215;CONSULTA EM GASTROENTEROLOGIA - GERAL;;
;;0701252;CONSULTA EM MASTOLOGIA - GERAL;;
;;0701224;CONSULTA EM NEUROLOGIA - GERAL;;
;;0701225;CONSULTA EM OFTALMOLOGIA - GERAL;;
;;0701226;CONSULTA EM ORTOPEDIA - GERAL;;
;;9270003;CONSULTA EM ORTOPEDIA - GERAL - RETORNO;;
;;0701227;CONSULTA EM OTORRINOLARINGOLOGIA - GERAL;;
;;0710001;CONSULTA EM PSICOLOGIA;;
;;1703101;ELETROCARDIOGRAMA;;
;;1713021;ELETROCARDIOGRAMA - PEDIATRIA;;
;;1401000;GRUPO - EXAMES ULTRA-SONOGRAFICOS;;
;;1305000;GRUPO - MAMOGRAFIA;;
;;1101000;GRUPO - PATOLOGIA CLINICA (EXAMES DE LABORATORIO);;
;;1301000;GRUPO - RADIODIAGNOSTICO;;
;;1300012;MAMOGRAFIA BILATERAL PARA RASTREAMENTO;;
;USF DR LUIZ MONTENEGRO;;;;
;;0701438;CONSULTA EM CARDIOLOGIA - ACIMA DE 60 ANOS;;
;;0710459;CONSULTA EM CARDIOLOGIA - ACIMA DE 60 ANOS - RETORNO;;
;;0701205;CONSULTA EM CARDIOLOGIA - GERAL;;
;;0701230;CONSULTA EM CARDIOLOGIA - RISCO CIRURGICO;;
;;0701212;CONSULTA EM DERMATOLOGIA - GERAL;;
;;0701052;CONSULTA EM DERMATOLOGIA - RETORNO;;
;USF DR WALDIR BUGALHO DE MEDEIROS;;;;
;;0701252;CONSULTA EM MASTOLOGIA - GERAL;;
;;1401000;GRUPO - EXAMES ULTRA-SONOGRAFICOS;;
;USF ENFERMEIRA ANNA BARRETO PEREIRA;;;;
;;0701438;CONSULTA EM CARDIOLOGIA - ACIMA DE 60 ANOS;;
;;0710459;CONSULTA EM CARDIOLOGIA - ACIMA DE 60 ANOS - RETORNO;;
;;0701205;CONSULTA EM CARDIOLOGIA - GERAL;;
;;0701380;CONSULTA EM CARDIOLOGIA - RETORNO;;
;;0701207;CONSULTA EM CIRURGIA GERAL - GERAL;;
;;0701382;CONSULTA EM CIRURGIA GERAL - RETORNO;;
;;0701212;CONSULTA EM DERMATOLOGIA - GERAL;;
;;0701052;CONSULTA EM DERMATOLOGIA - RETORNO;;
;;0701213;CONSULTA EM ENDOCRINOLOGIA E METABOLOGIA - GERAL;;
;;0701022;CONSULTA EM FISIOTERAPIA;;
;;0701428;CONSULTA EM FISIOTERAPIA - ACIMA DE 60 ANOS;;
;;0710368;CONSULTA EM FISIOTERAPIA - PEDIATRIA;;
;;0701222;CONSULTA EM NEFROLOGIA - GERAL;;
;;0701224;CONSULTA EM NEUROLOGIA - GERAL;;
;;0701030;CONSULTA EM NEUROLOGIA - RETORNO;;
;;0701226;CONSULTA EM ORTOPEDIA - GERAL;;
;;9270003;CONSULTA EM ORTOPEDIA - GERAL - RETORNO;;
;;0701227;CONSULTA EM OTORRINOLARINGOLOGIA - GERAL;;
;;1407014;ECOCARDIOGRAFIA BI-DIMENSIONAL COM OU SEM DOPPLER;;
;;1703101;ELETROCARDIOGRAMA;;
;;1713021;ELETROCARDIOGRAMA - PEDIATRIA;;
;;1401000;GRUPO - EXAMES ULTRA-SONOGRAFICOS;;
;;1305000;GRUPO - MAMOGRAFIA;;
;;1101000;GRUPO - PATOLOGIA CLINICA (EXAMES DE LABORATORIO);;
;;1301000;GRUPO - RADIODIAGNOSTICO;;
;USF ENFERMEIRA IVONE LIMA DOS SANTOS;;;;
;;0701205;CONSULTA EM CARDIOLOGIA - GERAL;;
;;0701212;CONSULTA EM DERMATOLOGIA - GERAL;;
;;0701213;CONSULTA EM ENDOCRINOLOGIA E METABOLOGIA - GERAL;;
;;0701022;CONSULTA EM FISIOTERAPIA;;
;;0701252;CONSULTA EM MASTOLOGIA - GERAL;;
;;0701224;CONSULTA EM NEUROLOGIA - GERAL;;
;;0701300;CONSULTA EM NEUROLOGIA - PEDIATRIA;;
;;0701225;CONSULTA EM OFTALMOLOGIA - GERAL;;
;;0701226;CONSULTA EM ORTOPEDIA - GERAL;;
;;1703101;ELETROCARDIOGRAMA;;
;;1713021;ELETROCARDIOGRAMA - PEDIATRIA;;
;;1804000;GRUPO - ATENDIMENTO FISIOTERAPEUTICO;;
;;1401000;GRUPO - EXAMES ULTRA-SONOGRAFICOS;;
;;1801000;GRUPO - FISIOTERAPIA (POR SESSAO);;
;;1305000;GRUPO - MAMOGRAFIA;;
;;1101000;GRUPO - PATOLOGIA CLINICA (EXAMES DE LABORATORIO);;
;;1301000;GRUPO - RADIODIAGNOSTICO;;
;USF FREI VALERIO DI CARLO;;;;
;;0700004;COLETA DE MATERIAL PARA EXAMES CITOPATOLOGICOS;;
;;1703101;ELETROCARDIOGRAMA;;
;;1713021;ELETROCARDIOGRAMA - PEDIATRIA;;
;;1401000;GRUPO - EXAMES ULTRA-SONOGRAFICOS;;
;;1301000;GRUPO - RADIODIAGNOSTICO;;
;;;;1301003;ABDOMEN  SIMPLES : AP
;;;;1301161;ABDOMEN : AP - LATERAL OU LOCALIZADA
;;;;1301126;ANTEBRACO DIREITO
;;;;1301127;ANTEBRACO ESQUERDO
;;;;1301009;ARTICULACAO ACROMIO-CLAVICULAR
;;;;1301128;ARTICULACAO COXO-FEMORAL DIREITO
;;;;1301129;ARTICULACAO COXO-FEMORAL ESQUERDO
;;;;1301114;ARTICULACAO ESCAPULO-UMERAL DIREITA
;;;;1301115;ARTICULACAO ESCAPULO-UMERAL ESQUERDO
;;;;1301012;ARTICULACAO ESTERNO-CLAVICULAR
;;;;1301013;ARTICULACAO SACRO ILIACA
;;;;1301116;ARTICULACAO TIBIO-TARSICA DIREITA
;;;;1301117;ARTICULACAO TIBIO-TARSICA ESQUERDA
;;;;1301017;BACIA
;;;;1301118;BRACO DIREITO
;;;;1301119;BRACO ESQUERDO
;;;;1301130;CALCANEO DIREITO
;;;;1301131;CALCANEO ESQUERDO
;;;;1301133;CLAVICULA DIREITA
;;;;1301132;CLAVICULA ESQUERDO
;;;;1301026;COLUNA CERVICAL : AP + LATERAL + T.O OU FLEXAO
;;;;1301171;COLUNA CERVICAL: AP + LATERAL + TO + OBLIQUAS (AP E PERFIL)
;;;;1301029;COLUNA DORSAL : AP + LATERAL
;;;;1301034;COLUNA LOMBO SACRA COM OBLIQUAS
;;;;1301033;COLUNA LOMBO-SACRA
;;;;1301038;COSTELAS - POR HEMITORAX
;;;;1301134;COTOVELO DIREITO
;;;;1301135;COTOVELO ESQUERDO
;;;;1301136;COXA DIREITA
;;;;1301137;COXA ESQUERDA
;;;;1301043;CRANIO - PA + LAT. + OBLI. OU BRETTON + HIRTZ
;;;;1301042;CRANIO : PA + LATERAL
;;;;1301050;ESTERNO
;;;;1301138;JOELHO : AP + LATERAL DIREITO
;;;;1301139;JOELHO : AP + LATERAL ESQUERDO
;;;;1301142;JOELHO OU ROTULA - AP + LAT. + AXIAL DIREITO
;;;;1301143;JOELHO OU ROTULA - AP + LAT. + AXIAL ESQUERDO
;;;;1301140;JOELHO OU ROTULA - AP + LAT.- OBLIQUAS + 3 AXIAIS - DIREITO
;;;;1301141;JOELHO OU ROTULA - AP + LAT.- OBLIQUAS + 3 AXIAIS - ESQUERDO
;;;;1301144;MAO DIREITA ( DUAS INCIDENCIAS)
;;;;1301145;MAO ESQUERDA ( DUAS INCIDENCIAS)
;;;;1301065;MAOS E PUNHOS PARA IDADE OSSEA
;;;;1301066;MASTOIDE OU ROCHEDOS BILATERAL
;;;;1301067;MAXILAR INFERIOR : PA + OBLIQUAS
;;;;1301235;OMBRO DIREITO (AP VERDADEIRO, PERFIL DE ESCAPULAR E AXILAR)
;;;;1301236;OMBRO ESQUERDO (AP VERDADEIRO, PERFIL DE ESCAPULAR E AXILAR)
;;;;1301071;OSSOS DA FACE - M.N. + LATERAL + HIRTZ
;;;;1301152;PE OU PODODACTILOS DIREITO
;;;;1301153;PE OU PODODACTILOS ESQUERDO
;;;;1301150;PERNA DIREITA
;;;;1301151;PERNA ESQUERDA
;;;;1301154;PUNHO DIREITO: AP + LATERAL + OBLIQUOS
;;;;1301155;PUNHO ESQUERDO: AP + LATERAL + OBLIQUOS
;;;;1301194;QUIRODACTILOS (DIREITO)
;;;;1301193;QUIRODACTILOS (ESQUERDO)
;;;;1301020;RADIOGRAFIA DE CAVUM (LATERAL + HIRTZ)
;;;;1301182;SACRO-COCCIX (AP E PERFIL)
;;;;1301091;SEIOS DA FACE : F.N. , M.N. , LATERAL - HIRTZ
;;;;1301092;SELA TURSICA : PA + LATERAL + BRETTON
;;;;1301097;TORAX  PA + INSPIRACAO + EXPIRACAO + LATERAL
;;;;1301100;TORAX : APICO - LORDORTICA
;;;;1301096;TORAX : PA E PERFIL
;;;;1301098;TORAX PA + LAT. + OBLIQUA
;;;;1301099;TORAX:  P.A
;USF JAPIIM;;;;
;;1703101;ELETROCARDIOGRAMA;;
;;1713021;ELETROCARDIOGRAMA - PEDIATRIA;;
;;1101000;GRUPO - PATOLOGIA CLINICA (EXAMES DE LABORATORIO);;
;USF LEONOR DE FREITAS;;;;
;;1703101;ELETROCARDIOGRAMA;;
;;1713021;ELETROCARDIOGRAMA - PEDIATRIA;;
;;1101000;GRUPO - PATOLOGIA CLINICA (EXAMES DE LABORATORIO);;
;USF MJ PM SALVIO BELOTA;;;;
;;0701226;CONSULTA EM ORTOPEDIA - GERAL;;
;;9270003;CONSULTA EM ORTOPEDIA - GERAL - RETORNO;;
;;1703101;ELETROCARDIOGRAMA;;
;;1713021;ELETROCARDIOGRAMA - PEDIATRIA;;
;;1401000;GRUPO - EXAMES ULTRA-SONOGRAFICOS;;
;;1305000;GRUPO - MAMOGRAFIA;;
;;;;1305001;MAMOGRAFIA BILATERAL PARA RASTREAMENTO (ROTINA)
;;1301000;GRUPO - RADIODIAGNOSTICO;;
;;;;1301003;ABDOMEN  SIMPLES : AP
;;;;1301161;ABDOMEN : AP - LATERAL OU LOCALIZADA
;;;;1301126;ANTEBRACO DIREITO
;;;;1301127;ANTEBRACO ESQUERDO
;;;;1301128;ARTICULACAO COXO-FEMORAL DIREITO
;;;;1301129;ARTICULACAO COXO-FEMORAL ESQUERDO
;;;;1301013;ARTICULACAO SACRO ILIACA
;;;;1301014;ARTICULACAO TEMPORO MANDIBULAR BILATERAL
;;;;1301017;BACIA
;;;;1301118;BRACO DIREITO
;;;;1301119;BRACO ESQUERDO
;;;;1301130;CALCANEO DIREITO
;;;;1301131;CALCANEO ESQUERDO
;;;;1301133;CLAVICULA DIREITA
;;;;1301132;CLAVICULA ESQUERDO
;;;;1301026;COLUNA CERVICAL : AP + LATERAL + T.O OU FLEXAO
;;;;1301171;COLUNA CERVICAL: AP + LATERAL + TO + OBLIQUAS (AP E PERFIL)
;;;;1301028;COLUNA CERVICAL: FUNCIONAL OU DINAMICA
;;;;1301030;COLUNA DORSO - LOMBAR PARA ESCOLIOSE
;;;;1301034;COLUNA LOMBO SACRA COM OBLIQUAS
;;;;1301032;COLUNA LOMBO SACRA FUNCIONAL OU DINAMICA
;;;;1301033;COLUNA LOMBO-SACRA
;;;;1301134;COTOVELO DIREITO
;;;;1301135;COTOVELO ESQUERDO
;;;;1301136;COXA DIREITA
;;;;1301137;COXA ESQUERDA
;;;;1301043;CRANIO - PA + LAT. + OBLI. OU BRETTON + HIRTZ
;;;;1301042;CRANIO : PA + LATERAL
;;;;1301047;ESCANOMETRIA
;;;;1301138;JOELHO : AP + LATERAL DIREITO
;;;;1301139;JOELHO : AP + LATERAL ESQUERDO
;;;;1301142;JOELHO OU ROTULA - AP + LAT. + AXIAL DIREITO
;;;;1301143;JOELHO OU ROTULA - AP + LAT. + AXIAL ESQUERDO
;;;;1301140;JOELHO OU ROTULA - AP + LAT.- OBLIQUAS + 3 AXIAIS - DIREITO
;;;;1301141;JOELHO OU ROTULA - AP + LAT.- OBLIQUAS + 3 AXIAIS - ESQUERDO
;;;;1301144;MAO DIREITA ( DUAS INCIDENCIAS)
;;;;1301145;MAO ESQUERDA ( DUAS INCIDENCIAS)
;;;;1301065;MAOS E PUNHOS PARA IDADE OSSEA
;;;;1301235;OMBRO DIREITO (AP VERDADEIRO, PERFIL DE ESCAPULAR E AXILAR)
;;;;1301236;OMBRO ESQUERDO (AP VERDADEIRO, PERFIL DE ESCAPULAR E AXILAR)
;;;;1301071;OSSOS DA FACE - M.N. + LATERAL + HIRTZ
;;;;1301152;PE OU PODODACTILOS DIREITO
;;;;1301153;PE OU PODODACTILOS ESQUERDO
;;;;1301150;PERNA DIREITA
;;;;1301151;PERNA ESQUERDA
;;;;1301154;PUNHO DIREITO: AP + LATERAL + OBLIQUOS
;;;;1301155;PUNHO ESQUERDO: AP + LATERAL + OBLIQUOS
;;;;1301194;QUIRODACTILOS (DIREITO)
;;;;1301193;QUIRODACTILOS (ESQUERDO)
;;;;1301020;RADIOGRAFIA DE CAVUM (LATERAL + HIRTZ)
;;;;1301182;SACRO-COCCIX (AP E PERFIL)
;;;;1301091;SEIOS DA FACE : F.N. , M.N. , LATERAL - HIRTZ
;;;;1301092;SELA TURSICA : PA + LATERAL + BRETTON
;;;;1301097;TORAX  PA + INSPIRACAO + EXPIRACAO + LATERAL
;;;;1301100;TORAX : APICO - LORDORTICA
;;;;1301096;TORAX : PA E PERFIL
;;;;1301098;TORAX PA + LAT. + OBLIQUA
;;;;1301099;TORAX:  P.A
;USF PREFEITO AMAZONINO MENDES;;;;
;;0701245;CONSULTA EM ORTOPEDIA - PEDIATRIA;;
;;0701212;CONSULTA EM DERMATOLOGIA - GERAL;;
;;0701052;CONSULTA EM DERMATOLOGIA - RETORNO;;
;;0701226;CONSULTA EM ORTOPEDIA - GERAL;;
;;9270003;CONSULTA EM ORTOPEDIA - GERAL - RETORNO;;
;;0320164;CONSULTA EM ORTOPEDIA - PEDIATRIA - RETORNO;;
;USF PREFEITO MANOEL HENRIQUES RIBEIRO;;;;
;;0701438;CONSULTA EM CARDIOLOGIA - ACIMA DE 60 ANOS;;
;;0710459;CONSULTA EM CARDIOLOGIA - ACIMA DE 60 ANOS - RETORNO;;
;;0701205;CONSULTA EM CARDIOLOGIA - GERAL;;
;;0701380;CONSULTA EM CARDIOLOGIA - RETORNO;;
;;0701206;CONSULTA EM CIRURGIA DE CABECA E PESCOCO - GERAL;;
;;0701559;CONSULTA EM CIRURGIA DE CABECA E PESCOCO - RETORNO;;
;;0701207;CONSULTA EM CIRURGIA GERAL - GERAL;;
;;0701382;CONSULTA EM CIRURGIA GERAL - RETORNO;;
;;0701212;CONSULTA EM DERMATOLOGIA - GERAL;;
;;0701052;CONSULTA EM DERMATOLOGIA - RETORNO;;
;;0701226;CONSULTA EM ORTOPEDIA - GERAL;;
;;9270003;CONSULTA EM ORTOPEDIA - GERAL - RETORNO;;
;;0701227;CONSULTA EM OTORRINOLARINGOLOGIA - GERAL;;
;;0709001;CONSULTA EM OTORRINOLARINGOLOGIA - PEDIATRICA;;
;;0709015;CONSULTA EM OTORRINOLARINGOLOGIA - PEDIATRICA - RETORNO;;
;;0320173;CONSULTA EM OTORRINOLARINGOLOGIA - RETORNO;;
;USF PROFESSOR CARLSON GRACIE;;;;
;;1401000;GRUPO - EXAMES ULTRA-SONOGRAFICOS;;
;USF ROSA PEREIRA DE ALMEIDA;;;;
;;1703101;ELETROCARDIOGRAMA;;
;;1713021;ELETROCARDIOGRAMA - PEDIATRIA;;
;USF SANTO ANTONIO;;;;
;;0701212;CONSULTA EM DERMATOLOGIA - GERAL;;
;;1401000;GRUPO - EXAMES ULTRA-SONOGRAFICOS;;
;;1101000;GRUPO - PATOLOGIA CLINICA (EXAMES DE LABORATORIO);;
;USF THEOMARIO PINTO DA COSTA;;;;
;;0701431;CONSULTA EM OFTALMOLOGIA - ACIMA DE 60 ANOS;;
;;0701225;CONSULTA EM OFTALMOLOGIA - GERAL;;
;;2018324;CONSULTA EM OFTALMOLOGIA - GERAL RETORNO;;
;;1401000;GRUPO - EXAMES ULTRA-SONOGRAFICOS;;
;;;;1401409;ULTRA-SONOGRAFIA  DE ARTICULACAO OMBRO DIREITO
;;;;1401500;ULTRA-SONOGRAFIA  DE ARTICULACAO OMBRO ESQUERDO
;;;;1401509;ULTRA-SONOGRAFIA  DE ARTICULACAO PUNHO DIREITO
;;;;1401510;ULTRA-SONOGRAFIA  DE ARTICULACAO PUNHO ESQUERDO
;;;;1401405;ULTRA-SONOGRAFIA  DO APARELHO URINARIO (RINS, BEXIGA)
;;;;1401999;ULTRA-SONOGRAFIA DE ABDOMEN SUPERIOR
;;;;1401998;ULTRA-SONOGRAFIA DE ABDOMEN TOTAL
;;;;1401978;ULTRA-SONOGRAFIA DE BOLSA ESCROTAL
;;;;1401977;ULTRA-SONOGRAFIA DE MAMAS (BILATERAL)
;;;;1401997;ULTRA-SONOGRAFIA DE PROSTATA (VIA ABDOMINAL)
;;;;1401981;ULTRA-SONOGRAFIA DE PROSTATA (VIA TRANSRETAL)
;;;;1401980;ULTRA-SONOGRAFIA DE TIREOIDE
;;;;1401201;ULTRA-SONOGRAFIA OBSTETRICA
;;;;1401101;ULTRA-SONOGRAFIA PELVICA (GINECOLOGICA)
;;;;1401202;ULTRA-SONOGRAFIA TRANSVAGINAL
;VISION CLINICA;;;;
;;0818231;ACOMPANHAMENTO DE PACIENTE POS-TRANSPLANTE DE CORNEA;;
;;0712029;ACOMPANHAMENTO E AVALIACAO DE GLAUCOMA POR FUNDOSCOPIA E TONOMETRIA - TRIMESTRAL;;
;;0701431;CONSULTA EM OFTALMOLOGIA - ACIMA DE 60 ANOS;;
;;0701814;CONSULTA EM OFTALMOLOGIA - AVALIACAO CIRURGICA;;
;;0701225;CONSULTA EM OFTALMOLOGIA - GERAL;;
;;2018324;CONSULTA EM OFTALMOLOGIA - GERAL RETORNO;;
;;0703283;CONSULTA EM OFTALMOLOGIA - GLAUCOMA - RETORNO;;
;;0118091;CONSULTA EM OFTALMOLOGIA - POS OPERATORIO;;
;;0701957;CONSULTA EM OFTALMOLOGIA - RETINA GERAL;;
;;0037014;CONSULTA EM OFTALMOLOGIA- ACIMA DE 60 ANOS- RETORNO;;
;;0703058;CONSULTA PARA DIAGNOSTICO/AVALIACAO DE GLAUCOMA(GONIOSCOPIA, TONOMETRIA E CAMPIMETRIA;;
;;0031125;EXERCICIOS ORTOPTICOS;;
;;0814000;GRUPO - CIRURGIA AMB EM APARELHO VISUAL;;
;;0743000;GRUPO - CIRURGIA DE CATARATA;;
;;1428000;GRUPO - DIAGNOSTICO POR ULTRASSONOGRAFIA - OFTALMOLOGIA;;
;;1401000;GRUPO - EXAMES ULTRA-SONOGRAFICOS;;
;;1707000;GRUPO - OFTALMOLOGIA;;
;;0461000;GRUPO - OFTALMOLOGIA - CATARATA;;
;;0462000;GRUPO - OFTALMOLOGIA - GLAUCOMA;;
;;0238000;GRUPO - OFTALMOLOGIA - INJECAO INTRA-VITREO;;
;;0145000;GRUPO - OFTALMOLOGIA (APAC);;
;;0818000;GRUPO - PROCEDIMENTOS AMBULATORIAIS EM OFTALMOLOGIA;;
;;0823000;GRUPO - PUNCAO / BIOPSIA;;
;;3500000;GRUPO - TOMOGRAFIA COMPUTADORIZADA;;
;;0240000;GRUPO - TRATAMENTO DE GLAUCOMA (DISPENSAÇÃO DE COLÍRIOS);;
;;0385000;GRUPO OFTALMOLOGIA - TRANSPLANTE;;
;;1703007;RETINOGRAFIA COLORIDA BINOCULAR;;
;;1712012;RETINOGRAFIA FLUORESCENTE;;
;;1720013;TOMOGRAFIA DE COERÊNCIA ÓPTICA;;
